
========================================
  PVZ-Godot 一键构建
========================================
项目目录: D:\Web\PVZ-Godot
Godot:    D:\Web\sts2\.Godot_v4.5.1-stable_mono_win64\Godot_v4.5.1-stable_mono_win64_console.exe

At D:\Web\PVZ-Godot\.tools\set_plugins.ps1:37 char:18
+     Write-Host "[plugins] 宸蹭复鏃剁鐢ㄧ紪杈戝櫒鎻掍欢锛堝鍑烘湡闂达級"
+                  ~
Array index expression is missing or not valid.
    + CategoryInfo          : ParserError: (:) [], ParentContainsErrorRecordException
    + FullyQualifiedErrorId : MissingArrayIndexExpression
 
[0/3] 临时禁用编辑器插件（消除无头导出退出时的 RID/ObjectDB 泄漏噪音）...
At D:\Web\PVZ-Godot\.tools\set_plugins.ps1:37 char:18
+     Write-Host "[plugins] 宸蹭复鏃剁鐢ㄧ紪杈戝櫒鎻掍欢锛堝鍑烘湡闂达級"
+                  ~
Array index expression is missing or not valid.
    + CategoryInfo          : ParserError: (:) [], ParentContainsErrorRecordException
    + FullyQualifiedErrorId : MissingArrayIndexExpression
 
[提示] 插件开关失败，将按原配置导出。
[1/3] 导出 Windows EXE ...
Godot Engine v4.5.1.stable.mono.official.f62fdbde1 - https://godotengine.org

Could not find version of build tools that matches Target SDK, using 34.0.0
[   0% ] [90m[1mfirst_scan_filesystem[22m | Started 项目初始化 (5 steps)[39m[0m
[   0% ] [90m[1mfirst_scan_filesystem[22m | 正在扫描文件结构……[39m[0m
[  16% ] [90m[1mfirst_scan_filesystem[22m | 正在加载全局类名……[39m[0m
[  33% ] [90m[1mfirst_scan_filesystem[22m | 正在校验 GDExtension……[39m[0m
[  50% ] [90m[1mfirst_scan_filesystem[22m | 正在创建自动加载脚本……[39m[0m
[  66% ] [90m[1mfirst_scan_filesystem[22m | 正在初始化插件……[39m[0m
[  83% ] [90m[1mfirst_scan_filesystem[22m | 正在启动文件扫描……[39m[0m
[92m[ DONE ][39m [1mfirst_scan_filesystem[22m
[0m
[   0% ] [90m[1msavepack[22m | Started 打包中 (102 steps)[39m[0m
[   1% ] [90m[1msavepack[22m | 保存文件：res://addons/AdobeAnimateEditor/Node/AdobeAnimatePart.gdc[39m[0m
[   1% ] [90m[1msavepack[22m | 保存文件：res://addons/AdobeAnimateEditor/Node/AdobeAnimateSlot.gdc[39m[0m
[   1% ] [90m[1msavepack[22m | 保存文件：res://addons/AdobeAnimateEditor/Node/AdobeAnimateSprite.gdc[39m[0m
[   1% ] [90m[1msavepack[22m | 保存文件：res://addons/AdobeAnimateEditor/Resource/AdobeAnimateData.gdc[39m[0m
[   1% ] [90m[1msavepack[22m | 保存文件：res://addons/AdobeAnimateEditor/Resource/AdobeAnimateTrack.gdc[39m[0m
[   1% ] [90m[1msavepack[22m | 保存文件：res://addons/AdobeAnimateEditor/Resource/AdobeAnimeMeshShader.gdshader[39m[0m
[   1% ] [90m[1msavepack[22m | 保存文件：res://addons/anim_delete_track/ui/main_panel.gdc[39m[0m
[   1% ] [90m[1msavepack[22m | 保存文件：res://.godot/exported/133200997/export-9e216c842bfe4d5468d51ee8050d44a4-main_panel.scn[39m[0m
[   1% ] [90m[1msavepack[22m | 保存文件：res://addons/anim_delete_track/anim_delete_track.gdc[39m[0m
[   1% ] [90m[1msavepack[22m | 保存文件：res://addons/anim_free_common_tracks/ui/main_panel.gdc[39m[0m
[   1% ] [90m[1msavepack[22m | 保存文件：res://.godot/exported/133200997/export-3d546adb03d784f044ff23a7567dffba-main_panel.scn[39m[0m
[   1% ] [90m[1msavepack[22m | 保存文件：res://addons/anim_free_common_tracks/anim_free.gdc[39m[0m
[   1% ] [90m[1msavepack[22m | 保存文件：res://addons/anim_player_refactor/lib/anim_player_refactor.gdc[39m[0m
[   1% ] [90m[1msavepack[22m | 保存文件：res://addons/anim_player_refactor/lib/editor_util.gdc[39m[0m
[   1% ] [90m[1msavepack[22m | 保存文件：res://addons/anim_player_refactor/scenes/autocomplete/autocomplete.gdc[39m[0m
[   1% ] [90m[1msavepack[22m | 保存文件：res://addons/anim_player_refactor/scenes/autocomplete/autocomplete_option.gdc[39m[0m
[   1% ] [90m[1msavepack[22m | 保存文件：res://addons/anim_player_refactor/scenes/inspector_button/inspector_button.gdc[39m[0m
[   1% ] [90m[1msavepack[22m | 保存文件：res://addons/anim_player_refactor/scenes/refactor_dialogue/components/anim_player_tree.gdc[39m[0m
[   1% ] [90m[1msavepack[22m | 保存文件：res://addons/anim_player_refactor/scenes/refactor_dialogue/components/edit_info.gdc[39m[0m
[   1% ] [90m[1msavepack[22m | 保存文件：res://addons/anim_player_refactor/scenes/refactor_dialogue/components/node_select.gdc[39m[0m
[   1% ] [90m[1msavepack[22m | 保存文件：res://addons/anim_player_refactor/scenes/refactor_dialogue/refactor_dialogue.gdc[39m[0m
[   1% ] [90m[1msavepack[22m | 保存文件：res://.godot/exported/133200997/export-f4858290a38794b5183b17af7aae170c-refactor_dialogue.scn[39m[0m
[   1% ] [90m[1msavepack[22m | 保存文件：res://addons/anim_player_refactor/plugin.gdc[39m[0m
[   1% ] [90m[1msavepack[22m | 保存文件：res://addons/calculate_roration/ui/cr_main_ui.gdc[39m[0m
[   1% ] [90m[1msavepack[22m | 保存文件：res://.godot/exported/133200997/export-a2ec04761b8ba2a065e8f71877ea35ba-CR_main_ui.scn[39m[0m
[   1% ] [90m[1msavepack[22m | 保存文件：res://addons/calculate_roration/calculate_roration.gdc[39m[0m
[   1% ] [90m[1msavepack[22m | 保存文件：res://addons/DragNDropNodes/class_tree.gdc[39m[0m
[   1% ] [90m[1msavepack[22m | 保存文件：res://.godot/imported/icon.svg-6a086432f400640719e02f6464169bf8.ctex[39m[0m
[   1% ] [90m[1msavepack[22m | 保存文件：res://addons/DragNDropNodes/icon.svg.import[39m[0m
[   1% ] [90m[1msavepack[22m | 保存文件：res://addons/DragNDropNodes/plugin_script.gdc[39m[0m
[   1% ] [90m[1msavepack[22m | 保存文件：res://addons/R2Ga_PVZ/ui/main_panel.gdc[39m[0m
[   1% ] [90m[1msavepack[22m | 保存文件：res://.godot/exported/133200997/export-0d9cd36007be201d8d07c792e86b3319-main_panel.scn[39m[0m
[   1% ] [90m[1msavepack[22m | 保存文件：res://.godot/exported/133200997/export-59926a310b43b9b5ac7149abdff54530-new_style_box_flat.res[39m[0m
[   1% ] [90m[1msavepack[22m | 保存文件：res://addons/R2Ga_PVZ/R2Ga_PVZ.gdc[39m[0m
[   1% ] [90m[1msavepack[22m | 保存文件：res://.godot/imported/class.svg-e6f2816a1f06041fb421c2af52817a4a.ctex[39m[0m
[   1% ] [90m[1msavepack[22m | 保存文件：res://addons/script-ide/icon/class.svg.import[39m[0m
[   1% ] [90m[1msavepack[22m | 保存文件：res://.godot/imported/constant.svg-f6e857276565573c7540f3c32801842a.ctex[39m[0m
[   1% ] [90m[1msavepack[22m | 保存文件：res://addons/script-ide/icon/constant.svg.import[39m[0m
[   1% ] [90m[1msavepack[22m | 保存文件：res://.godot/imported/engine_func.svg-91320e42f9cc7bdd7576002e82fa6ab8.ctex[39m[0m
[   1% ] [90m[1msavepack[22m | 保存文件：res://addons/script-ide/icon/engine_func.svg.import[39m[0m
[   1% ] [90m[1msavepack[22m | 保存文件：res://.godot/imported/export.svg-d2d18132258a7a219ec1af1f0316c91c.ctex[39m[0m
[   1% ] [90m[1msavepack[22m | 保存文件：res://addons/script-ide/icon/export.svg.import[39m[0m
[   1% ] [90m[1msavepack[22m | 保存文件：res://.godot/imported/func.svg-139842caa5b4b7e4839711b6c756d0f7.ctex[39m[0m
[   1% ] [90m[1msavepack[22m | 保存文件：res://addons/script-ide/icon/func.svg.import[39m[0m
[   2% ] [90m[1msavepack[22m | 保存文件：res://.godot/imported/func_get.svg-093f0ce02889d1f102ff9cc3e7f72654.ctex[39m[0m
[   2% ] [90m[1msavepack[22m | 保存文件：res://addons/script-ide/icon/func_get.svg.import[39m[0m
[   2% ] [90m[1msavepack[22m | 保存文件：res://.godot/imported/func_set.svg-c31168d90866ff1707ad9834754bd2c9.ctex[39m[0m
[   2% ] [90m[1msavepack[22m | 保存文件：res://addons/script-ide/icon/func_set.svg.import[39m[0m
[   2% ] [90m[1msavepack[22m | 保存文件：res://.godot/imported/property.svg-9e228499f30651faad74aa99e4499d7e.ctex[39m[0m
[   2% ] [90m[1msavepack[22m | 保存文件：res://addons/script-ide/icon/property.svg.import[39m[0m
[   2% ] [90m[1msavepack[22m | 保存文件：res://.godot/imported/signal.svg-97182e1498b520a1ff5b8b9017c3b480.ctex[39m[0m
[   2% ] [90m[1msavepack[22m | 保存文件：res://addons/script-ide/icon/signal.svg.import[39m[0m
[   2% ] [90m[1msavepack[22m | 保存文件：res://addons/script-ide/override/override_panel.gdc[39m[0m
[   2% ] [90m[1msavepack[22m | 保存文件：res://.godot/exported/133200997/export-3c242377f220d5efa6515391e37728a4-override_panel.scn[39m[0m
[   2% ] [90m[1msavepack[22m | 保存文件：res://addons/script-ide/quickopen/quick_open_panel.gdc[39m[0m
[   2% ] [90m[1msavepack[22m | 保存文件：res://.godot/exported/133200997/export-ea4449fb1405d231526112789002da2b-quick_open_panel.scn[39m[0m
[   2% ] [90m[1msavepack[22m | 保存文件：res://addons/script-ide/tabbar/custom_tab.gdc[39m[0m
[   2% ] [90m[1msavepack[22m | 保存文件：res://addons/script-ide/tabbar/multiline_tab_container.gdc[39m[0m
[   2% ] [90m[1msavepack[22m | 保存文件：res://.godot/exported/133200997/export-a74096a8927df0eb3ce943b8cfc99ddc-multiline_tab_container.scn[39m[0m
[   2% ] [90m[1msavepack[22m | 保存文件：res://addons/script-ide/plugin.gdc[39m[0m
[   2% ] [90m[1msavepack[22m | 保存文件：res://addons/SignalVisualizer/Common/signal_connection.gdc[39m[0m
[   2% ] [90m[1msavepack[22m | 保存文件：res://addons/SignalVisualizer/Common/signal_description.gdc[39m[0m
[   2% ] [90m[1msavepack[22m | 保存文件：res://addons/SignalVisualizer/Common/signal_graph.gdc[39m[0m
[   2% ] [90m[1msavepack[22m | 保存文件：res://addons/SignalVisualizer/Common/signal_graph_utility.gdc[39m[0m
[   2% ] [90m[1msavepack[22m | 保存文件：res://addons/SignalVisualizer/Debugger/SignalDebugger.gdc[39m[0m
[   2% ] [90m[1msavepack[22m | 保存文件：res://.godot/exported/133200997/export-e9a25f47da05776c43e6dab2f4573756-SignalDebugger.scn[39m[0m
[   2% ] [90m[1msavepack[22m | 保存文件：res://addons/SignalVisualizer/Debugger/signal_debugger_panel.gdc[39m[0m
[   2% ] [90m[1msavepack[22m | 保存文件：res://addons/SignalVisualizer/Visualizer/resizable_label.gdc[39m[0m
[   2% ] [90m[1msavepack[22m | 保存文件：res://addons/SignalVisualizer/Visualizer/signal_graph_node.gdc[39m[0m
[   2% ] [90m[1msavepack[22m | 保存文件：res://.godot/exported/133200997/export-6686db642f3ea8d05f2041157913831d-signal_graph_node.scn[39m[0m
[   2% ] [90m[1msavepack[22m | 保存文件：res://addons/SignalVisualizer/Visualizer/signal_graph_node_item.gdc[39m[0m
[   2% ] [90m[1msavepack[22m | 保存文件：res://.godot/exported/133200997/export-0904606275fee07dab98020970c628ca-signal_graph_node_item.scn[39m[0m
[   2% ] [90m[1msavepack[22m | 保存文件：res://addons/SignalVisualizer/Visualizer/signal_visualizer_dock.gdc[39m[0m
[   2% ] [90m[1msavepack[22m | 保存文件：res://.godot/exported/133200997/export-138b526126ccedb6b0f9897e23a3443c-signal_visualizer_dock.scn[39m[0m
[   2% ] [90m[1msavepack[22m | 保存文件：res://.godot/imported/Clear.svg-d661617e27b91e3580171e3447fde514.ctex[39m[0m
[   2% ] [90m[1msavepack[22m | 保存文件：res://addons/SignalVisualizer/Clear.svg.import[39m[0m
[   2% ] [90m[1msavepack[22m | 保存文件：res://.godot/imported/GraphEdit.svg-90dae61e8e0b157ab8eff95fe4b91e53.ctex[39m[0m
[   2% ] [90m[1msavepack[22m | 保存文件：res://addons/SignalVisualizer/GraphEdit.svg.import[39m[0m
[   2% ] [90m[1msavepack[22m | 保存文件：res://.godot/imported/Play.svg-a446691ffcef211028bb160b5a2d6ff1.ctex[39m[0m
[   2% ] [90m[1msavepack[22m | 保存文件：res://addons/SignalVisualizer/Play.svg.import[39m[0m
[   2% ] [90m[1msavepack[22m | 保存文件：res://addons/SignalVisualizer/SignalVisualizer.gdc[39m[0m
[   2% ] [90m[1msavepack[22m | 保存文件：res://.godot/imported/Stop.svg-e085086fb31c334bc2f02ca2bffba522.ctex[39m[0m
[   2% ] [90m[1msavepack[22m | 保存文件：res://addons/SignalVisualizer/Stop.svg.import[39m[0m
[   2% ] [90m[1msavepack[22m | 保存文件：res://.godot/imported/circle_shape_2d.svg-82c4246092358c78c496ed3aeadc38e1.ctex[39m[0m
[   2% ] [90m[1msavepack[22m | 保存文件：res://addons/sprite_painter/graphics/circle_shape_2d.svg.import[39m[0m
[   2% ] [90m[1msavepack[22m | 保存文件：res://.godot/exported/133200997/export-2c51272c8eb6661b154eac561ea7aa64-curve_texture.res[39m[0m
[   2% ] [90m[1msavepack[22m | 保存文件：res://.godot/imported/diags.png-8f1f755b2561632401e027e528c97db7.ctex[39m[0m
[   2% ] [90m[1msavepack[22m | 保存文件：res://addons/sprite_painter/graphics/diags.png.import[39m[0m
[   2% ] [90m[1msavepack[22m | 保存文件：res://.godot/imported/diamond_shape_2d.svg-c7409b07122604b74671fded8f79cf9b.ctex[39m[0m
[   2% ] [90m[1msavepack[22m | 保存文件：res://addons/sprite_painter/graphics/diamond_shape_2d.svg.import[39m[0m
[   2% ] [90m[1msavepack[22m | 保存文件：res://.godot/exported/133200997/export-d3080927a2a6a91af24f7fbac455930d-distraction_free.res[39m[0m
[   2% ] [90m[1msavepack[22m | 保存文件：res://.godot/imported/hex_shape_2d.svg-33b4a57aed136855fbb5d791f29eb5bb.ctex[39m[0m
[   2% ] [90m[1msavepack[22m | 保存文件：res://addons/sprite_painter/graphics/hex_shape_2d.svg.import[39m[0m
[   2% ] [90m[1msavepack[22m | 保存文件：res://.godot/exported/133200997/export-712e83d181c52e14a4e8a792bc7d5d8d-h_size.res[39m[0m
[   3% ] [90m[1msavepack[22m | 保存文件：res://.godot/exported/133200997/export-debb3fd4d290bb0ac9a8530cf97a3875-mesh_texture.res[39m[0m
[   3% ] [90m[1msavepack[22m | 保存文件：res://.godot/imported/rect_shape_2d.svg-d16c8b9085065dfd954a4786aa34e9fe.ctex[39m[0m
[   3% ] [90m[1msavepack[22m | 保存文件：res://addons/sprite_painter/graphics/rect_shape_2d.svg.import[39m[0m
[   3% ] [90m[1msavepack[22m | 保存文件：res://.godot/exported/133200997/export-09b75bb9a1eb3ffdf905e8ac5a827d43-rotate_left.res[39m[0m
[   3% ] [90m[1msavepack[22m | 保存文件：res://.godot/exported/133200997/export-ff55e4e3114367ac2d6daba2b0e21306-rotate_right.res[39m[0m
[   3% ] [90m[1msavepack[22m | 保存文件：res://.godot/exported/133200997/export-4080e052c4df9179bf0a4cbffb615599-tool_scale.res[39m[0m
[   3% ] [90m[1msavepack[22m | 保存文件：res://.godot/imported/triangle_shape_2d.svg-215872cca079d243eb964f3debc05ac8.ctex[39m[0m
[   3% ] [90m[1msavepack[22m | 保存文件：res://addons/sprite_painter/graphics/triangle_shape_2d.svg.import[39m[0m
[   3% ] [90m[1msavepack[22m | 保存文件：res://addons/sprite_painter/image_scripts/Adjust HSV.gdc[39m[0m
[   3% ] [90m[1msavepack[22m | 保存文件：res://addons/sprite_painter/image_scripts/Channel Curves.gdc[39m[0m
[   3% ] [90m[1msavepack[22m | 保存文件：res://addons/sprite_painter/image_scripts/Constrain to Palette.gdc[39m[0m
[   3% ] [90m[1msavepack[22m | 保存文件：res://addons/sprite_painter/image_scripts/Outline.gdc[39m[0m
[   3% ] [90m[1msavepack[22m | 保存文件：res://addons/sprite_painter/image_scripts/Silhouette Normal Map (WIP).gdc[39m[0m
[   3% ] [90m[1msavepack[22m | 保存文件：res://.godot/exported/133200997/export-b4c66ba825b8ad2b6f7e3f197f172e7c-gradient.res[39m[0m
[   3% ] [90m[1msavepack[22m | 保存文件：res://.godot/exported/133200997/export-2e07611b435002965d19bbd190dff9bd-line.res[39m[0m
[   3% ] [90m[1msavepack[22m | 保存文件：res://.godot/exported/133200997/export-a6613099a5257005241c06b6e8fc1151-shape.res[39m[0m
[   3% ] [90m[1msavepack[22m | 保存文件：res://addons/sprite_painter/src/editing_tools/tool_brush.gdc[39m[0m
[   3% ] [90m[1msavepack[22m | 保存文件：res://addons/sprite_painter/src/editing_tools/tool_brush_clone.gdc[39m[0m
[   3% ] [90m[1msavepack[22m | 保存文件：res://addons/sprite_painter/src/editing_tools/tool_brush_normalmap.gdc[39m[0m
[   3% ] [90m[1msavepack[22m | 保存文件：res://addons/sprite_painter/src/editing_tools/tool_brush_shading.gdc[39m[0m
[   3% ] [90m[1msavepack[22m | 保存文件：res://addons/sprite_painter/src/editing_tools/tool_bucket.gdc[39m[0m
[   3% ] [90m[1msavepack[22m | 保存文件：res://addons/sprite_painter/src/editing_tools/tool_gradient.gdc[39m[0m
[   3% ] [90m[1msavepack[22m | 保存文件：res://addons/sprite_painter/src/editing_tools/tool_line.gdc[39m[0m
[   3% ] [90m[1msavepack[22m | 保存文件：res://addons/sprite_painter/src/editing_tools/tool_pencil.gdc[39m[0m
[   3% ] [90m[1msavepack[22m | 保存文件：res://addons/sprite_painter/src/editing_tools/tool_scripting.gdc[39m[0m
[   3% ] [90m[1msavepack[22m | 保存文件：res://addons/sprite_painter/src/editing_tools/tool_select.gdc[39m[0m
[   3% ] [90m[1msavepack[22m | 保存文件：res://addons/sprite_painter/src/editing_tools/tool_shape.gdc[39m[0m
[   3% ] [90m[1msavepack[22m | 保存文件：res://addons/sprite_painter/src/editing_tools/tool_wand.gdc[39m[0m
[   3% ] [90m[1msavepack[22m | 保存文件：res://addons/sprite_painter/src/floating/type_context/context_spriteframes.gdc[39m[0m
[   3% ] [90m[1msavepack[22m | 保存文件：res://addons/sprite_painter/src/floating/type_context/context_tileset.gdc[39m[0m
[   3% ] [90m[1msavepack[22m | 保存文件：res://addons/sprite_painter/src/floating/color_picker.gdc[39m[0m
[   3% ] [90m[1msavepack[22m | 保存文件：res://.godot/exported/133200997/export-83054162ff5534a7b0888fcfad60d687-color_picker.scn[39m[0m
[   3% ] [90m[1msavepack[22m | 保存文件：res://addons/sprite_painter/src/floating/tool_switcher.gdc[39m[0m
[   3% ] [90m[1msavepack[22m | 保存文件：res://addons/sprite_painter/src/floating/type_context_settings.gdc[39m[0m
[   3% ] [90m[1msavepack[22m | 保存文件：res://.godot/exported/133200997/export-ee451d2a5a07f7f29a59f488efa1c810-type_context_settings.scn[39m[0m
[   3% ] [90m[1msavepack[22m | 保存文件：res://addons/sprite_painter/src/image_view/image_grid_view.gdc[39m[0m
[   3% ] [90m[1msavepack[22m | 保存文件：res://addons/sprite_painter/src/image_view/image_selection_view.gdc[39m[0m
[   3% ] [90m[1msavepack[22m | 保存文件：res://addons/sprite_painter/src/image_view/image_tool_preview.gdc[39m[0m
[   3% ] [90m[1msavepack[22m | 保存文件：res://addons/sprite_painter/src/image_view/image_view.gdc[39m[0m
[   3% ] [90m[1msavepack[22m | 保存文件：res://addons/sprite_painter/src/image_view/resize_rect.gdc[39m[0m
[   4% ] [90m[1msavepack[22m | 保存文件：res://.godot/exported/133200997/export-16543b39744c9b954b4683fe29d83820-resize_rect.scn[39m[0m
[   4% ] [90m[1msavepack[22m | 保存文件：res://addons/sprite_painter/src/editing_tool.gdc[39m[0m
[   4% ] [90m[1msavepack[22m | 保存文件：res://addons/sprite_painter/src/fill_tools.gdc[39m[0m
[   4% ] [90m[1msavepack[22m | 保存文件：res://addons/sprite_painter/src/image_script.gdc[39m[0m
[   4% ] [90m[1msavepack[22m | 保存文件：res://addons/sprite_painter/src/image_transform_menu.gdc[39m[0m
[   4% ] [90m[1msavepack[22m | 保存文件：res://addons/sprite_painter/src/main.gdc[39m[0m
[   4% ] [90m[1msavepack[22m | 保存文件：res://.godot/exported/133200997/export-00b217f50fac585ea2370ba81e02afad-main.scn[39m[0m
[   4% ] [90m[1msavepack[22m | 保存文件：res://addons/sprite_painter/src/workspace.gdc[39m[0m
[   4% ] [90m[1msavepack[22m | 保存文件：res://addons/sprite_painter/editor_icon_button.gdc[39m[0m
[   4% ] [90m[1msavepack[22m | 保存文件：res://addons/sprite_painter/plugin.gdc[39m[0m
[   4% ] [90m[1msavepack[22m | 保存文件：res://.godot/exported/133200997/export-d85482b6dc415b7a381787a93a34f6d3-config.res[39m[0m
[   4% ] [90m[1msavepack[22m | 保存文件：res://.godot/imported/icon.png-d101ad2eed6b2dfc2a03773c54de396d.ctex[39m[0m
[   4% ] [90m[1msavepack[22m | 保存文件：res://addons/todo_controller/icon/icon.png.import[39m[0m
[   4% ] [90m[1msavepack[22m | 保存文件：res://addons/todo_controller/ui/black_bar.gdc[39m[0m
[   4% ] [90m[1msavepack[22m | 保存文件：res://.godot/exported/133200997/export-4a11ecb04801fdeedb8b5db2df9a3b3d-black_bar.scn[39m[0m
[   4% ] [90m[1msavepack[22m | 保存文件：res://addons/todo_controller/ui/script_rmb_panel.gdc[39m[0m
[   4% ] [90m[1msavepack[22m | 保存文件：res://.godot/exported/133200997/export-ab70747b48ae642dc37e526fdd3e4c1e-script_rmb_panel.scn[39m[0m
[   4% ] [90m[1msavepack[22m | 保存文件：res://addons/todo_controller/ui/todo_controller_panel.gdc[39m[0m
[   4% ] [90m[1msavepack[22m | 保存文件：res://.godot/exported/133200997/export-b607d2d77818af63302a6c613ed836c2-todo_controller_panel.scn[39m[0m
[   4% ] [90m[1msavepack[22m | 保存文件：res://addons/todo_controller/config.gdc[39m[0m
[   4% ] [90m[1msavepack[22m | 保存文件：res://addons/todo_controller/todo_controller.gdc[39m[0m
[   4% ] [90m[1msavepack[22m | 保存文件：res://animation/character/plant/001_pea_shooter_single/Head_Attack.res[39m[0m
[   4% ] [90m[1msavepack[22m | 保存文件：res://animation/character/plant/001_pea_shooter_single/Head_Idle.res[39m[0m
[   4% ] [90m[1msavepack[22m | 保存文件：res://animation/character/plant/001_pea_shooter_single/Idle.res[39m[0m
[   4% ] [90m[1msavepack[22m | 保存文件：res://.godot/exported/133200997/export-9424e09a1f836d929bc8741646b827b9-SunFlower_blink.res[39m[0m
[   4% ] [90m[1msavepack[22m | 保存文件：res://.godot/exported/133200997/export-47f1e2029d1cbf2be98d809f9664538e-SunFlower_idle.res[39m[0m
[   4% ] [90m[1msavepack[22m | 保存文件：res://.godot/exported/133200997/export-10d067787e477677ba4a796c126cf746-CherryBomb_explode.res[39m[0m
[   4% ] [90m[1msavepack[22m | 保存文件：res://.godot/exported/133200997/export-d9b4039dd37ae9f31e96e27d5337f455-CherryBomb_idle.res[39m[0m
[   4% ] [90m[1msavepack[22m | 保存文件：res://.godot/exported/133200997/export-8d11909c7c8fdbaa0226d926f6a439e5-Wallnut_blink_thrice.res[39m[0m
[   4% ] [90m[1msavepack[22m | 保存文件：res://.godot/exported/133200997/export-0ba0dcb1de5a860130ee9afc41c36f92-Wallnut_blink_twice.res[39m[0m
[   4% ] [90m[1msavepack[22m | 保存文件：res://.godot/exported/133200997/export-b773d19be56e55fc622168a60598fe1f-Wallnut_blink_twitch.res[39m[0m
[   4% ] [90m[1msavepack[22m | 保存文件：res://.godot/exported/133200997/export-9085bf8369c02ac6e6cc8b3c652153ab-Wallnut_face.res[39m[0m
[   4% ] [90m[1msavepack[22m | 保存文件：res://.godot/exported/133200997/export-858732370666bdb16864a9654d46fe18-Wallnut_idle.res[39m[0m
[   4% ] [90m[1msavepack[22m | 保存文件：res://.godot/exported/133200997/export-0951a932286fbf8c2bdea607081f8dc3-PotatoMine_armed.res[39m[0m
[   4% ] [90m[1msavepack[22m | 保存文件：res://.godot/exported/133200997/export-afbc058f6a17470a8b83b98fd220481e-PotatoMine_blink.res[39m[0m
[   4% ] [90m[1msavepack[22m | 保存文件：res://.godot/exported/133200997/export-6759a88df8d88e16f0926febc92bdb1f-PotatoMine_eye.res[39m[0m
[   4% ] [90m[1msavepack[22m | 保存文件：res://.godot/exported/133200997/export-90137c5632ac33634b077206e97056ba-PotatoMine_face.res[39m[0m
[   4% ] [90m[1msavepack[22m | 保存文件：res://.godot/exported/133200997/export-a2c33fdcd1845dcd4a6d9a4fe6d61146-PotatoMine_glow.res[39m[0m
[   5% ] [90m[1msavepack[22m | 保存文件：res://.godot/exported/133200997/export-497be39a3561accf52fd1d75e336229f-PotatoMine_idle.res[39m[0m
[   5% ] [90m[1msavepack[22m | 保存文件：res://.godot/exported/133200997/export-dac3092eaab4e1f949c66bf77f57cf2b-PotatoMine_light.res[39m[0m
[   5% ] [90m[1msavepack[22m | 保存文件：res://.godot/exported/133200997/export-71b4cf4e2c1eaf6b891b97ba8204bea1-PotatoMine_mashed.res[39m[0m
[   5% ] [90m[1msavepack[22m | 保存文件：res://.godot/exported/133200997/export-cf01474298354e41004b7728469b5a5b-PotatoMine_rise.res[39m[0m
[   5% ] [90m[1msavepack[22m | 保存文件：res://.godot/exported/133200997/export-200853a77ccda76337d4d46e9bd7dfc1-SnowPea_blink.res[39m[0m
[   5% ] [90m[1msavepack[22m | 保存文件：res://.godot/exported/133200997/export-47049362cae680eddbc526d9ea656abf-SnowPea_face.res[39m[0m
[   5% ] [90m[1msavepack[22m | 保存文件：res://.godot/exported/133200997/export-09c266a82da25b7f2a24b27f581d7204-SnowPea_full_idle.res[39m[0m
[   5% ] [90m[1msavepack[22m | 保存文件：res://.godot/exported/133200997/export-50cf4466a2d2d29f84afdaa364022a4d-SnowPea_head_idle.res[39m[0m
[   5% ] [90m[1msavepack[22m | 保存文件：res://.godot/exported/133200997/export-acb3e1e881de29f68d23b2e00997b4a7-SnowPea_idle.res[39m[0m
[   5% ] [90m[1msavepack[22m | 保存文件：res://.godot/exported/133200997/export-cbc2de56dc11632c0586ec98990ba00a-SnowPea_shooting.res[39m[0m
[   5% ] [90m[1msavepack[22m | 保存文件：res://.godot/exported/133200997/export-64f7bff0e6443558bbd6ff5ee0eaf1c4-SnowPea_stem.res[39m[0m
[   5% ] [90m[1msavepack[22m | 保存文件：res://.godot/exported/133200997/export-09a9747418b7cf2e030978a64b46a6c8-Chomper_bite.res[39m[0m
[   5% ] [90m[1msavepack[22m | 保存文件：res://.godot/exported/133200997/export-9544cebc153cfbeefda632892e51dd2f-Chomper_chew.res[39m[0m
[   5% ] [90m[1msavepack[22m | 保存文件：res://.godot/exported/133200997/export-ac402ea9938374efa236e3eb58984a10-Chomper_idle.res[39m[0m
[   5% ] [90m[1msavepack[22m | 保存文件：res://.godot/exported/133200997/export-b2e5cd0ea6bd2146f7951b9e8dcb98f3-Chomper_swallow.res[39m[0m
[   5% ] [90m[1msavepack[22m | 保存文件：res://.godot/exported/133200997/export-a7448fecad52538bdd54fbd113f2457f-PeaShooter_head_idle.res[39m[0m
[   5% ] [90m[1msavepack[22m | 保存文件：res://.godot/exported/133200997/export-141a2c95123bba3ccc360e6f51a58280-PeaShooter_idle.res[39m[0m
[   5% ] [90m[1msavepack[22m | 保存文件：res://.godot/exported/133200997/export-9d14084f4f7cd30df3caaaea5d4ea4c0-PeaShooter_shooting2.res[39m[0m
[   5% ] [90m[1msavepack[22m | 保存文件：res://.godot/exported/133200997/export-b7d37e7f370567b1bc00da5368d9f431-PeaShooter_shooting.res[39m[0m
[   5% ] [90m[1msavepack[22m | 保存文件：res://.godot/exported/133200997/export-0511c65a56eb4c2c385592ba1119551a-PuffShroom_blink.res[39m[0m
[   5% ] [90m[1msavepack[22m | 保存文件：res://.godot/exported/133200997/export-d7b2137e30f4de4ebd1811efd1e3c1b5-PuffShroom_face.res[39m[0m
[   5% ] [90m[1msavepack[22m | 保存文件：res://.godot/exported/133200997/export-4ab5a7fd0baabde2ed1c6285546db0a2-PuffShroom_idle.res[39m[0m
[   5% ] [90m[1msavepack[22m | 保存文件：res://.godot/exported/133200997/export-ae5eeac5217052a15ed99d4c4b55e5ae-PuffShroom_shooting.res[39m[0m
[   5% ] [90m[1msavepack[22m | 保存文件：res://.godot/exported/133200997/export-233554fdc587edfc7bc2fef0c2d0b65b-PuffShroom_sleep.res[39m[0m
[   5% ] [90m[1msavepack[22m | 保存文件：res://.godot/exported/133200997/export-266c1a5a4c54ba2d4e60a760cac10f46-SunShroom_bigidle.res[39m[0m
[   5% ] [90m[1msavepack[22m | 保存文件：res://.godot/exported/133200997/export-f0836fcfe8c2a1c40f94e9f6cacb9621-SunShroom_bigsleep.res[39m[0m
[   5% ] [90m[1msavepack[22m | 保存文件：res://.godot/exported/133200997/export-f1486c78a0c04f65479b5d0d7c1c089b-SunShroom_blink.res[39m[0m
[   5% ] [90m[1msavepack[22m | 保存文件：res://.godot/exported/133200997/export-9c703f1c760b9a5c1f495e6c1b8c1c17-SunShroom_face.res[39m[0m
[   5% ] [90m[1msavepack[22m | 保存文件：res://.godot/exported/133200997/export-c0a41dc45fcd5a9548770e327b6576c5-SunShroom_grow.res[39m[0m
[   5% ] [90m[1msavepack[22m | 保存文件：res://.godot/exported/133200997/export-016ba67ad4c9955254c84aaad66583de-SunShroom_idle.res[39m[0m
[   5% ] [90m[1msavepack[22m | 保存文件：res://.godot/exported/133200997/export-fffec9d467ebe6759d97b369beec54ea-SunShroom_sleep1.res[39m[0m
[   5% ] [90m[1msavepack[22m | 保存文件：res://.godot/exported/133200997/export-d4d420e8418f095547c38a3d9d23da81-SunShroom_sleep.res[39m[0m
[   5% ] [90m[1msavepack[22m | 保存文件：res://.godot/exported/133200997/export-39a0e724d0199e05b73795cf86750b89-FumeShroom.scn[39m[0m
[   5% ] [90m[1msavepack[22m | 保存文件：res://.godot/exported/133200997/export-5c34938cfd7f6bc0574ab2afe9431d9e-FumeShroom_blink.res[39m[0m
[   5% ] [90m[1msavepack[22m | 保存文件：res://.godot/exported/133200997/export-42d11faea2b70e6e8f1651bc8d8792ac-FumeShroom_face.res[39m[0m
[   5% ] [90m[1msavepack[22m | 保存文件：res://.godot/exported/133200997/export-052c731a0e71b6f71aa81af3cd2f63df-FumeShroom_idle.res[39m[0m
[   5% ] [90m[1msavepack[22m | 保存文件：res://.godot/exported/133200997/export-a323db2208923d86d91cec77c719ca4a-FumeShroom_shooting.res[39m[0m
[   5% ] [90m[1msavepack[22m | 保存文件：res://.godot/exported/133200997/export-c7c4387092a73de233bd6adff6c44770-FumeShroom_sleep.res[39m[0m
[   6% ] [90m[1msavepack[22m | 保存文件：res://animation/character/plant/012_Grave_buster/ALL_ANIMS.res[39m[0m
[   6% ] [90m[1msavepack[22m | 保存文件：res://.godot/exported/133200997/export-09770d9cee6003d3050d9d558a9d7198-Gravebuster_idle.res[39m[0m
[   6% ] [90m[1msavepack[22m | 保存文件：res://.godot/exported/133200997/export-abb57c263cfb0bec448449df192ac404-Gravebuster_land.res[39m[0m
[   6% ] [90m[1msavepack[22m | 保存文件：res://.godot/exported/133200997/export-1ac322302ec8af173913154753d3defd-HypnoShroom_idle.res[39m[0m
[   6% ] [90m[1msavepack[22m | 保存文件：res://.godot/exported/133200997/export-28defcba958f53d61ff8b358a1dd38ab-HypnoShroom_sleep.res[39m[0m
[   6% ] [90m[1msavepack[22m | 保存文件：res://.godot/exported/133200997/export-5236735540aa50e62d254080846b2e1e-ScaredyShroom_blink.res[39m[0m
[   6% ] [90m[1msavepack[22m | 保存文件：res://.godot/exported/133200997/export-0242bbff3371f2f2ae58f6f344047ebd-ScaredyShroom_eye1.res[39m[0m
[   6% ] [90m[1msavepack[22m | 保存文件：res://.godot/exported/133200997/export-5f2de48fc3e4255699facdf7be452515-ScaredyShroom_eye2.res[39m[0m
[   6% ] [90m[1msavepack[22m | 保存文件：res://.godot/exported/133200997/export-d4ecfb935a79159da3a9586a0a5d8e95-ScaredyShroom_face.res[39m[0m
[   6% ] [90m[1msavepack[22m | 保存文件：res://.godot/exported/133200997/export-79718afc20d1d78adfee88084c158690-ScaredyShroom_grow.res[39m[0m
[   6% ] [90m[1msavepack[22m | 保存文件：res://.godot/exported/133200997/export-7caa7e69ad06f9bb061f2d6c8ed86105-ScaredyShroom_idle.res[39m[0m
[   6% ] [90m[1msavepack[22m | 保存文件：res://.godot/exported/133200997/export-12b7f5f3c2c06264d32953935b9f151a-ScaredyShroom_scared.res[39m[0m
[   6% ] [90m[1msavepack[22m | 保存文件：res://.godot/exported/133200997/export-f9bb9795cfa7dd761fd274b0636b8045-ScaredyShroom_scaredidle.res[39m[0m
[   6% ] [90m[1msavepack[22m | 保存文件：res://.godot/exported/133200997/export-17e98ca8793b84bc3842884e5ed0d3d1-ScaredyShroom_shooting.res[39m[0m
[   6% ] [90m[1msavepack[22m | 保存文件：res://.godot/exported/133200997/export-60a6f94a5d7ece3e3f70efa52b6d645e-ScaredyShroom_sleep.res[39m[0m
[   6% ] [90m[1msavepack[22m | 保存文件：res://.godot/exported/133200997/export-3dc16201d5581e555c7ba4de6016002e-IceShroom_blink.res[39m[0m
[   6% ] [90m[1msavepack[22m | 保存文件：res://.godot/exported/133200997/export-6d9925ba683a0c8f673adf66e03493de-IceShroom_face.res[39m[0m
[   6% ] [90m[1msavepack[22m | 保存文件：res://.godot/exported/133200997/export-915c1f0d172334019c7e8172141d5fa4-IceShroom_idle.res[39m[0m
[   6% ] [90m[1msavepack[22m | 保存文件：res://.godot/exported/133200997/export-3f628832d0269cf924ad87f3507df871-IceShroom_idle_only.res[39m[0m
[   6% ] [90m[1msavepack[22m | 保存文件：res://.godot/exported/133200997/export-e735018098e7803a10893623a5248278-IceShroom_sleep1.res[39m[0m
[   6% ] [90m[1msavepack[22m | 保存文件：res://.godot/exported/133200997/export-676af68918274afd88d1acd21b1c9bd1-IceShroom_sleep.res[39m[0m
[   6% ] [90m[1msavepack[22m | 保存文件：res://.godot/exported/133200997/export-7ea630c49477e710642ba24ff74b15d8-DoomShroom_explode.res[39m[0m
[   6% ] [90m[1msavepack[22m | 保存文件：res://.godot/exported/133200997/export-02b3314e5bee5a7bb4f84baeaaedbcfa-DoomShroom_idle.res[39m[0m
[   6% ] [90m[1msavepack[22m | 保存文件：res://.godot/exported/133200997/export-c9abcb7d03415c3051ae1d6012d23ba8-DoomShroom_sleep.res[39m[0m
[   6% ] [90m[1msavepack[22m | 保存文件：res://.godot/exported/133200997/export-7df0781f968844a08727a75b20ceb16a-LilyPad_blink.res[39m[0m
[   6% ] [90m[1msavepack[22m | 保存文件：res://.godot/exported/133200997/export-1412433454d5c6a6b6fd75e4cff0dc63-LilyPad_idle.res[39m[0m
[   6% ] [90m[1msavepack[22m | 保存文件：res://.godot/exported/133200997/export-f2f31f2be3039312147b195abd76b251-Squash_blink.res[39m[0m
[   6% ] [90m[1msavepack[22m | 保存文件：res://.godot/exported/133200997/export-62774cf529a2eb4bba92e9c2656d7db4-Squash_eye.res[39m[0m
[   6% ] [90m[1msavepack[22m | 保存文件：res://.godot/exported/133200997/export-5795461ccc6417234b3775802a22894d-Squash_face.res[39m[0m
[   6% ] [90m[1msavepack[22m | 保存文件：res://.godot/exported/133200997/export-7e42eff9a1ba8df6a11431cdbef6e913-Squash_idle.res[39m[0m
[   6% ] [90m[1msavepack[22m | 保存文件：res://.godot/exported/133200997/export-c1bf6a044a7c316c40ddf393c3bf9822-Squash_jumpdown.res[39m[0m
[   6% ] [90m[1msavepack[22m | 保存文件：res://.godot/exported/133200997/export-cab768b58e6e38c1084d2d3f178a146e-Squash_jumpup.res[39m[0m
[   6% ] [90m[1msavepack[22m | 保存文件：res://.godot/exported/133200997/export-2a152b5d23e5f7e3d08cb32373993da0-Squash_lookleft.res[39m[0m
[   6% ] [90m[1msavepack[22m | 保存文件：res://.godot/exported/133200997/export-42a83fcaba5cf9e28d4c9e0fc89a9684-Squash_lookright.res[39m[0m
[   6% ] [90m[1msavepack[22m | 保存文件：res://.godot/exported/133200997/export-a6294f12ecc82721867a6020485479c2-ThreePeater_blink1.res[39m[0m
[   6% ] [90m[1msavepack[22m | 保存文件：res://.godot/exported/133200997/export-a9d55e94a99cfcade744144271cfb0a2-ThreePeater_blink2.res[39m[0m
[   6% ] [90m[1msavepack[22m | 保存文件：res://.godot/exported/133200997/export-6d616a6a8fbf45d660207ce9ba0229e2-ThreePeater_blink3.res[39m[0m
[   6% ] [90m[1msavepack[22m | 保存文件：res://.godot/exported/133200997/export-5480ffacd312d677117cc2ae67393b39-ThreePeater_face1.res[39m[0m
[   7% ] [90m[1msavepack[22m | 保存文件：res://.godot/exported/133200997/export-8e113cb1da15a9f0bfe51ac863ff5f05-ThreePeater_face2.res[39m[0m
[   7% ] [90m[1msavepack[22m | 保存文件：res://.godot/exported/133200997/export-5f673d7da29caf3202341292f0269881-ThreePeater_face3.res[39m[0m
[   7% ] [90m[1msavepack[22m | 保存文件：res://.godot/exported/133200997/export-a5d35be1c10218090a2945bd22bb6dae-ThreePeater_head1.res[39m[0m
[   7% ] [90m[1msavepack[22m | 保存文件：res://.godot/exported/133200997/export-617f63d37693e97b62c210b38663dcc2-ThreePeater_head2.res[39m[0m
[   7% ] [90m[1msavepack[22m | 保存文件：res://.godot/exported/133200997/export-6296259b97f81c4ed3c6e284926b751b-ThreePeater_head3.res[39m[0m
[   7% ] [90m[1msavepack[22m | 保存文件：res://.godot/exported/133200997/export-7ccd586795fce7927bcc4acb45f36d3e-ThreePeater_head_idle1.res[39m[0m
[   7% ] [90m[1msavepack[22m | 保存文件：res://.godot/exported/133200997/export-feeaafcf328d3b0755a9ab5f6e6334c5-ThreePeater_head_idle2.res[39m[0m
[   7% ] [90m[1msavepack[22m | 保存文件：res://.godot/exported/133200997/export-ad1158863cdb60afec0c049c265aa4c7-ThreePeater_head_idle3.res[39m[0m
[   7% ] [90m[1msavepack[22m | 保存文件：res://.godot/exported/133200997/export-f0b64ab6a9b441b39ecb55bb5602de4f-ThreePeater_idle.res[39m[0m
[   7% ] [90m[1msavepack[22m | 保存文件：res://.godot/exported/133200997/export-eb184a6debc86674c3718f0af06e79ed-ThreePeater_shooting1.res[39m[0m
[   7% ] [90m[1msavepack[22m | 保存文件：res://.godot/exported/133200997/export-b58f8f5fe0a74c138052a75396038fb1-ThreePeater_shooting2.res[39m[0m
[   7% ] [90m[1msavepack[22m | 保存文件：res://.godot/exported/133200997/export-e594afcb998ab12c67268061a8381ca1-ThreePeater_shooting3.res[39m[0m
[   7% ] [90m[1msavepack[22m | 保存文件：res://.godot/exported/133200997/export-d057519b82d528072ce4a52922ee61f2-Tanglekelp_blink1.res[39m[0m
[   7% ] [90m[1msavepack[22m | 保存文件：res://.godot/exported/133200997/export-d54b11f4a2dfadd5e5b0c7f82d2de538-Tanglekelp_blink.res[39m[0m
[   7% ] [90m[1msavepack[22m | 保存文件：res://.godot/exported/133200997/export-6c45233cd4e76dd614bd63ba63812419-Tanglekelp_face.res[39m[0m
[   7% ] [90m[1msavepack[22m | 保存文件：res://.godot/exported/133200997/export-7f35f0b0726cefedb4bc161b0bfffc07-Tanglekelp_grab.res[39m[0m
[   7% ] [90m[1msavepack[22m | 保存文件：res://.godot/exported/133200997/export-affe609306173f2cb0eebfdaf05bec49-Tanglekelp_idle.res[39m[0m
[   7% ] [90m[1msavepack[22m | 保存文件：res://.godot/exported/133200997/export-9353f068c11fc2fc49331ca449f2813c-Tanglekelp_idle_aquarium.res[39m[0m
[   7% ] [90m[1msavepack[22m | 保存文件：res://.godot/exported/133200997/export-b49a71959a71a718b553a59c6897608f-Tanglekelp_waterline.res[39m[0m
[   7% ] [90m[1msavepack[22m | 保存文件：res://.godot/exported/133200997/export-ea55e8294f7ee7e6d0430669b008aac1-Jalapeno_blink.res[39m[0m
[   7% ] [90m[1msavepack[22m | 保存文件：res://.godot/exported/133200997/export-78bdaaace14212fed2b3aed4246ef660-Jalapeno_explode.res[39m[0m
[   7% ] [90m[1msavepack[22m | 保存文件：res://.godot/exported/133200997/export-174e19cb5fdc83370c34ef34d9fd7325-Jalapeno_idle.res[39m[0m
[   7% ] [90m[1msavepack[22m | 保存文件：res://.godot/exported/133200997/export-61948835bb4983d00ecf45e21c06ab70-Caltrop_attack.res[39m[0m
[   7% ] [90m[1msavepack[22m | 保存文件：res://.godot/exported/133200997/export-cf8144f088ab42d729a8ed831c667662-Caltrop_blink.res[39m[0m
[   7% ] [90m[1msavepack[22m | 保存文件：res://.godot/exported/133200997/export-ecd01969e62004f1c0df187fccb0473c-Caltrop_face.res[39m[0m
[   7% ] [90m[1msavepack[22m | 保存文件：res://.godot/exported/133200997/export-26702fd3a3fec65512dd8e37437ff998-Caltrop_idle.res[39m[0m
[   7% ] [90m[1msavepack[22m | 保存文件：res://.godot/exported/133200997/export-d417efdf57f5c87785387e1436a4236b-Torchwood_blink.res[39m[0m
[   7% ] [90m[1msavepack[22m | 保存文件：res://.godot/exported/133200997/export-f772c2c2c2839e874cd04e555e96e4be-Torchwood_face.res[39m[0m
[   7% ] [90m[1msavepack[22m | 保存文件：res://.godot/exported/133200997/export-f6620ab60664e6ec531cf46d3b1f3fac-Torchwood_idle.res[39m[0m
[   7% ] [90m[1msavepack[22m | 保存文件：res://.godot/exported/133200997/export-37d80242c7d17c95cf03b7eb8c672e35-Tallnut_blink_thrice.res[39m[0m
[   7% ] [90m[1msavepack[22m | 保存文件：res://.godot/exported/133200997/export-37b63534bece086d06b1e1faeb5dde94-Tallnut_blink_twice.res[39m[0m
[   7% ] [90m[1msavepack[22m | 保存文件：res://.godot/exported/133200997/export-c2dd20b5c74dc838e98a85bb0a0ecccc-Tallnut_idle.res[39m[0m
[   7% ] [90m[1msavepack[22m | 保存文件：res://.godot/exported/133200997/export-a409b33a0e40637901f1ba8792a4ec7d-SeaShroom_blink.res[39m[0m
[   7% ] [90m[1msavepack[22m | 保存文件：res://.godot/exported/133200997/export-307eb1a5c33d029e4ad1bbbe117a0b0a-SeaShroom_face.res[39m[0m
[   7% ] [90m[1msavepack[22m | 保存文件：res://.godot/exported/133200997/export-8321fb09c431bb4a455e99a4a1b10d69-SeaShroom_idle.res[39m[0m
[   7% ] [90m[1msavepack[22m | 保存文件：res://.godot/exported/133200997/export-475f16129008f1ef713c32da392bb972-SeaShroom_idle_aquarium.res[39m[0m
[   7% ] [90m[1msavepack[22m | 保存文件：res://.godot/exported/133200997/export-96ab2eb8f7e1875bcc2a1d0bda1ab460-SeaShroom_shooting.res[39m[0m
[   7% ] [90m[1msavepack[22m | 保存文件：res://.godot/exported/133200997/export-9055fc6bafb21c6114ee43312fdc876d-SeaShroom_sleep.res[39m[0m
[   8% ] [90m[1msavepack[22m | 保存文件：res://.godot/exported/133200997/export-9f18e6f70f6367c6b5d0abccf8648043-SeaShroom_waterline.res[39m[0m
[   8% ] [90m[1msavepack[22m | 保存文件：res://.godot/exported/133200997/export-03af637bee34482b62bf2065f154d606-Plantern_blink.res[39m[0m
[   8% ] [90m[1msavepack[22m | 保存文件：res://.godot/exported/133200997/export-77138dd8390fc5b0292a9a7e5c75ca48-Plantern_face.res[39m[0m
[   8% ] [90m[1msavepack[22m | 保存文件：res://.godot/exported/133200997/export-6b3d7e11cfe7618ca9b665c3433f9d3c-Plantern_idle.res[39m[0m
[   8% ] [90m[1msavepack[22m | 保存文件：res://.godot/exported/133200997/export-ca07bfa09a9d2053f05a9523fd672461-Cactus_blink.res[39m[0m
[   8% ] [90m[1msavepack[22m | 保存文件：res://.godot/exported/133200997/export-8b5a5c7daed7d5cf09a939c267241f0a-Cactus_face.res[39m[0m
[   8% ] [90m[1msavepack[22m | 保存文件：res://.godot/exported/133200997/export-3ab537c00a76afce3a5e80991744b3a9-Cactus_idle.res[39m[0m
[   8% ] [90m[1msavepack[22m | 保存文件：res://.godot/exported/133200997/export-3473d30c864f7a0f8511434fc022de13-Cactus_idlehigh.res[39m[0m
[   8% ] [90m[1msavepack[22m | 保存文件：res://.godot/exported/133200997/export-5546e6910d9ac8cea8b3ce4d3704f8e7-Cactus_lower.res[39m[0m
[   8% ] [90m[1msavepack[22m | 保存文件：res://.godot/exported/133200997/export-bf80cdbc32a0ce89b21ae80b3c69596b-Cactus_rise.res[39m[0m
[   8% ] [90m[1msavepack[22m | 保存文件：res://.godot/exported/133200997/export-7c44481b12a6ebc45e567c0e2f807675-Cactus_shooting.res[39m[0m
[   8% ] [90m[1msavepack[22m | 保存文件：res://.godot/exported/133200997/export-7b6beef9925ba3c0e167723d1f5fbf17-Cactus_shootinghigh.res[39m[0m
[   8% ] [90m[1msavepack[22m | 保存文件：res://.godot/exported/133200997/export-86aa666c87917f06d8a69314a7c86f4a-Blover_blow.res[39m[0m
[   8% ] [90m[1msavepack[22m | 保存文件：res://.godot/exported/133200997/export-c710dd45f7a800225061e8a1c5779a75-Blover_idle.res[39m[0m
[   8% ] [90m[1msavepack[22m | 保存文件：res://.godot/exported/133200997/export-d69047a7240c41e2ff02d74357f088f2-Blover_loop.res[39m[0m
[   8% ] [90m[1msavepack[22m | 保存文件：res://.godot/exported/133200997/export-796d3672509dca5246f2fb26b3d8dbb9-SplitPea_blink.res[39m[0m
[   8% ] [90m[1msavepack[22m | 保存文件：res://.godot/exported/133200997/export-2879f26939a959f2d793ab9bf558baf2-SplitPea_face.res[39m[0m
[   8% ] [90m[1msavepack[22m | 保存文件：res://.godot/exported/133200997/export-f0c4bf1fbc2aedb63a9d963ba8966302-SplitPea_head_idle.res[39m[0m
[   8% ] [90m[1msavepack[22m | 保存文件：res://.godot/exported/133200997/export-60752badf501b6542d64dd70839c297d-SplitPea_idle.res[39m[0m
[   8% ] [90m[1msavepack[22m | 保存文件：res://.godot/exported/133200997/export-c8963374bc70219bdd1dfc03a46a2043-SplitPea_shooting.res[39m[0m
[   8% ] [90m[1msavepack[22m | 保存文件：res://.godot/exported/133200997/export-6bb2daec157eaaf3964e0c02673defad-SplitPea_SplitPea_blink.res[39m[0m
[   8% ] [90m[1msavepack[22m | 保存文件：res://.godot/exported/133200997/export-a784b1bf1bb90a0dd5bc8700bd3c3ba6-SplitPea_splitpea_idle.res[39m[0m
[   8% ] [90m[1msavepack[22m | 保存文件：res://.godot/exported/133200997/export-1ebf843e18e505825b7e6f328a20b8f7-SplitPea_splitpea_shooting.res[39m[0m
[   8% ] [90m[1msavepack[22m | 保存文件：res://.godot/exported/133200997/export-20576da507355788ef723ebd1dd1f279-StarFruit_blink.res[39m[0m
[   8% ] [90m[1msavepack[22m | 保存文件：res://.godot/exported/133200997/export-e1bdafb29db8c1b345e68f9a73c88627-StarFruit_face.res[39m[0m
[   8% ] [90m[1msavepack[22m | 保存文件：res://.godot/exported/133200997/export-d9b20b5e9ffd68708317db8b54ca3d90-StarFruit_idle.res[39m[0m
[   8% ] [90m[1msavepack[22m | 保存文件：res://.godot/exported/133200997/export-6c94a0e19256ba3102b1ee39f722a6f7-StarFruit_shoot.res[39m[0m
[   8% ] [90m[1msavepack[22m | 保存文件：res://animation/character/plant/031_pumpkin/ALL_ANIMS.res[39m[0m
[   8% ] [90m[1msavepack[22m | 保存文件：res://.godot/exported/133200997/export-b4b9911c38380a03b881f39cce8b4e7c-Pumpkin_idle.res[39m[0m
[   8% ] [90m[1msavepack[22m | 保存文件：res://.godot/exported/133200997/export-e58bfb7ee6997f1d1693b9eae8d0ca1a-Magnetshroom_blink.res[39m[0m
[   8% ] [90m[1msavepack[22m | 保存文件：res://.godot/exported/133200997/export-443be23bad5f09c438981791cc71c873-Magnetshroom_eyes2.res[39m[0m
[   8% ] [90m[1msavepack[22m | 保存文件：res://.godot/exported/133200997/export-26fd007e228c1025d40f6f7a7a4b4be3-Magnetshroom_eyes21.res[39m[0m
[   8% ] [90m[1msavepack[22m | 保存文件：res://.godot/exported/133200997/export-3f69efde424bae08a19141c43cac5154-Magnetshroom_eyes22.res[39m[0m
[   8% ] [90m[1msavepack[22m | 保存文件：res://.godot/exported/133200997/export-e02c5d0be2a042ec687d2fe65bb46a79-Magnetshroom_eyes.res[39m[0m
[   8% ] [90m[1msavepack[22m | 保存文件：res://.godot/exported/133200997/export-f890c168d9057cc17e201037abc818e7-Magnetshroom_face.res[39m[0m
[   8% ] [90m[1msavepack[22m | 保存文件：res://.godot/exported/133200997/export-d6b8bc2d55fff3abc648d31d0acb40ca-Magnetshroom_idle.res[39m[0m
[   8% ] [90m[1msavepack[22m | 保存文件：res://.godot/exported/133200997/export-46796249169f0d3ae722055ca3e858d8-Magnetshroom_nonactive_idle2.res[39m[0m
[   9% ] [90m[1msavepack[22m | 保存文件：res://.godot/exported/133200997/export-4521b0c9eee2f05e70898263d764157f-Magnetshroom_nonactive_idle.res[39m[0m
[   9% ] [90m[1msavepack[22m | 保存文件：res://.godot/exported/133200997/export-73f0e51d3ead978309a6e09ef8aba89d-Magnetshroom_shooting.res[39m[0m
[   9% ] [90m[1msavepack[22m | 保存文件：res://.godot/exported/133200997/export-3de2d2a927af6050102527be81ab22ec-Magnetshroom_sleep.res[39m[0m
[   9% ] [90m[1msavepack[22m | 保存文件：res://.godot/exported/133200997/export-1bf90566ff4a314c981a927c590f97e1-Cabbagepult_idle.res[39m[0m
[   9% ] [90m[1msavepack[22m | 保存文件：res://.godot/exported/133200997/export-38476915cd677f175462b50f4fcf5c0d-Cabbagepult_shooting.res[39m[0m
[   9% ] [90m[1msavepack[22m | 保存文件：res://.godot/exported/133200997/export-1bfac838f1d87ffcd47ff5309d92f3c0-Pot_idle.res[39m[0m
[   9% ] [90m[1msavepack[22m | 保存文件：res://.godot/exported/133200997/export-1f6759f371747fb98e0b9a1e197dec33-Pot_waterplants.res[39m[0m
[   9% ] [90m[1msavepack[22m | 保存文件：res://.godot/exported/133200997/export-889ace56723ffa89107e0ee6d000bd7a-Pot_zengarden.res[39m[0m
[   9% ] [90m[1msavepack[22m | 保存文件：res://.godot/exported/133200997/export-dc4ee2fd57d191137f3339dc87f29d82-Cornpult_idle.res[39m[0m
[   9% ] [90m[1msavepack[22m | 保存文件：res://.godot/exported/133200997/export-0d438461e4561c688d5e9aec3b2ba1c6-Cornpult_shooting.res[39m[0m
[   9% ] [90m[1msavepack[22m | 保存文件：res://.godot/exported/133200997/export-211d5858908c24467d846679c7b1a6a9-Coffeebean_crumble.res[39m[0m
[   9% ] [90m[1msavepack[22m | 保存文件：res://.godot/exported/133200997/export-5f7e0cd05842e4c8680d6fb55cd433f3-Coffeebean_idle.res[39m[0m
[   9% ] [90m[1msavepack[22m | 保存文件：res://.godot/exported/133200997/export-b87155835c85c89c7f01072159ae5f0b-Garlic_idle.res[39m[0m
[   9% ] [90m[1msavepack[22m | 保存文件：res://.godot/exported/133200997/export-102ddacadc21bb6577604c231bf6d2f0-Umbrellaleaf_block.res[39m[0m
[   9% ] [90m[1msavepack[22m | 保存文件：res://.godot/exported/133200997/export-8c4b802fa808a156952ac25af2f12087-Umbrellaleaf_idle.res[39m[0m
[   9% ] [90m[1msavepack[22m | 保存文件：res://.godot/exported/133200997/export-afc5b301a2e4d5d46e7056d95ce7a916-MariGold_idle.res[39m[0m
[   9% ] [90m[1msavepack[22m | 保存文件：res://.godot/exported/133200997/export-88ed55583599d2ea35ee5e58716ca6b4-MelonPult_idle.res[39m[0m
[   9% ] [90m[1msavepack[22m | 保存文件：res://.godot/exported/133200997/export-a5f796fcf7b4be71672e9c178a86fab3-MelonPult_shooting.res[39m[0m
[   9% ] [90m[1msavepack[22m | 保存文件：res://.godot/exported/133200997/export-7ed9d1d4e1fe7f05ac8fbc7119ea1f42-GatlingPea_blink.res[39m[0m
[   9% ] [90m[1msavepack[22m | 保存文件：res://.godot/exported/133200997/export-96244ccc3f68a8756fb368f29734441d-GatlingPea_face.res[39m[0m
[   9% ] [90m[1msavepack[22m | 保存文件：res://.godot/exported/133200997/export-7134b83e44232666a27cbd7f69039b31-GatlingPea_head_idle.res[39m[0m
[   9% ] [90m[1msavepack[22m | 保存文件：res://.godot/exported/133200997/export-8121dd7facb55be4ea8f76bc2220d79b-GatlingPea_idle.res[39m[0m
[   9% ] [90m[1msavepack[22m | 保存文件：res://.godot/exported/133200997/export-754ef3340a5d1a6fd3b4bb8bcfea3dea-GatlingPea_shooting.res[39m[0m
[   9% ] [90m[1msavepack[22m | 保存文件：res://.godot/exported/133200997/export-8c7b3d9af4b261c70d65b467f0b23e26-TwinSunFlower_blink2.res[39m[0m
[   9% ] [90m[1msavepack[22m | 保存文件：res://.godot/exported/133200997/export-b092d9423c570c6731edf7aac01e8a23-TwinSunFlower_blink.res[39m[0m
[   9% ] [90m[1msavepack[22m | 保存文件：res://.godot/exported/133200997/export-d6b0d77e12878bf31b0721af6a053f8d-TwinSunFlower_face2.res[39m[0m
[   9% ] [90m[1msavepack[22m | 保存文件：res://.godot/exported/133200997/export-e721e4818bc96ddbb3b7017bf57b32ed-TwinSunFlower_face.res[39m[0m
[   9% ] [90m[1msavepack[22m | 保存文件：res://.godot/exported/133200997/export-44bf2790e3074a6e8d48b119bc3d3fa5-TwinSunFlower_idle.res[39m[0m
[   9% ] [90m[1msavepack[22m | 保存文件：res://.godot/exported/133200997/export-cdcce2d3f2f8cb978bb349fe75bde794-GloomShroom_blink.res[39m[0m
[   9% ] [90m[1msavepack[22m | 保存文件：res://.godot/exported/133200997/export-ff489bab3c88d8184a75144b91b6d775-GloomShroom_face.res[39m[0m
[   9% ] [90m[1msavepack[22m | 保存文件：res://.godot/exported/133200997/export-ffd4f6d043b66516a5dd5dc9ce09ba4a-GloomShroom_idle.res[39m[0m
[   9% ] [90m[1msavepack[22m | 保存文件：res://.godot/exported/133200997/export-35b449f4ee0cb197d3ee391916ed6a7b-GloomShroom_shooting.res[39m[0m
[   9% ] [90m[1msavepack[22m | 保存文件：res://.godot/exported/133200997/export-3d0561c1154a5621ecc0f016934a1276-GloomShroom_sleep.res[39m[0m
[   9% ] [90m[1msavepack[22m | 保存文件：res://.godot/exported/133200997/export-b0bd3414b7b0a4d25fcd8a3234088822-Cattail_blink.res[39m[0m
[   9% ] [90m[1msavepack[22m | 保存文件：res://.godot/exported/133200997/export-716b0a99e06b6bb5a881fb8cc0ee3199-Cattail_face.res[39m[0m
[   9% ] [90m[1msavepack[22m | 保存文件：res://.godot/exported/133200997/export-0bb2aed0047ff2fc46c4ec5b2e86fb8a-Cattail_idle.res[39m[0m
[   9% ] [90m[1msavepack[22m | 保存文件：res://.godot/exported/133200997/export-3fd238c5ac2d088652471833750d3437-Cattail_shooting.res[39m[0m
[   9% ] [90m[1msavepack[22m | 保存文件：res://.godot/exported/133200997/export-80898daa1c00f387d01734b859537666-WinterMelon_blink.res[39m[0m
[  10% ] [90m[1msavepack[22m | 保存文件：res://.godot/exported/133200997/export-17ce1d52d0ca71e5f7da1df7f538c87a-WinterMelon_face.res[39m[0m
[  10% ] [90m[1msavepack[22m | 保存文件：res://.godot/exported/133200997/export-0cab9d7ff7bff63c7466d285e44d352e-WinterMelon_idle.res[39m[0m
[  10% ] [90m[1msavepack[22m | 保存文件：res://.godot/exported/133200997/export-5f43880a57aae83c5e3206ec09fe5b89-WinterMelon_shooting.res[39m[0m
[  10% ] [90m[1msavepack[22m | 保存文件：res://.godot/exported/133200997/export-bf3d616bb43cc338841b882b913cf502-GoldMagnet_attract.res[39m[0m
[  10% ] [90m[1msavepack[22m | 保存文件：res://.godot/exported/133200997/export-7389007fccbfa948880e565672590f32-GoldMagnet_blink.res[39m[0m
[  10% ] [90m[1msavepack[22m | 保存文件：res://.godot/exported/133200997/export-19d005440c1fd45bc9ed7b8edb4a49b3-GoldMagnet_face.res[39m[0m
[  10% ] [90m[1msavepack[22m | 保存文件：res://.godot/exported/133200997/export-09ff2a0e4084b4791fa8d6787bc1b2d5-GoldMagnet_idle.res[39m[0m
[  10% ] [90m[1msavepack[22m | 保存文件：res://.godot/exported/133200997/export-3ce068c131be1e303257deec0be30a44-SpikeRock_attack.res[39m[0m
[  10% ] [90m[1msavepack[22m | 保存文件：res://.godot/exported/133200997/export-616886264bc617fa1c6ff8362c882985-SpikeRock_blink.res[39m[0m
[  10% ] [90m[1msavepack[22m | 保存文件：res://.godot/exported/133200997/export-24d5f908d6638243e60b6c4346b7dd29-SpikeRock_eye_leftbrow.res[39m[0m
[  10% ] [90m[1msavepack[22m | 保存文件：res://.godot/exported/133200997/export-a0944a380c41836e26e91f04660d71f8-SpikeRock_eye_rightbrow.res[39m[0m
[  10% ] [90m[1msavepack[22m | 保存文件：res://.godot/exported/133200997/export-bd7ab25228d1f2adbfcf01666b35b4e9-SpikeRock_face.res[39m[0m
[  10% ] [90m[1msavepack[22m | 保存文件：res://.godot/exported/133200997/export-4d9aad04869aca3c676ae560da25841f-SpikeRock_idle.res[39m[0m
[  10% ] [90m[1msavepack[22m | 保存文件：res://.godot/exported/133200997/export-c7eb54c05025f5c5cb0a20cbbea6c826-CobCannon_blink.res[39m[0m
[  10% ] [90m[1msavepack[22m | 保存文件：res://.godot/exported/133200997/export-20258ead435921db0398356854106789-CobCannon_charge.res[39m[0m
[  10% ] [90m[1msavepack[22m | 保存文件：res://.godot/exported/133200997/export-df5183dc3d427e56ef0c18fedf58ba8b-CobCannon_face.res[39m[0m
[  10% ] [90m[1msavepack[22m | 保存文件：res://.godot/exported/133200997/export-167a2e88940124d51c7d3bba471081a3-CobCannon_idle.res[39m[0m
[  10% ] [90m[1msavepack[22m | 保存文件：res://.godot/exported/133200997/export-c75a2cba14e46c4ddda805b330d0535c-CobCannon_shooting.res[39m[0m
[  10% ] [90m[1msavepack[22m | 保存文件：res://.godot/exported/133200997/export-741da50938bb8b4c0251bfe458de3cd5-CobCannon_unarmed_idle.res[39m[0m
[  10% ] [90m[1msavepack[22m | 保存文件：res://.godot/exported/133200997/export-e33a7b5d4dc43479afa856b189b390ed-Imitater_blink.res[39m[0m
[  10% ] [90m[1msavepack[22m | 保存文件：res://.godot/exported/133200997/export-35b7722aa85c1209a8dc193706af0dc9-Imitater_explode.res[39m[0m
[  10% ] [90m[1msavepack[22m | 保存文件：res://.godot/exported/133200997/export-4ddb802e0d43c6c9f5fea0c0246730f9-Imitater_face.res[39m[0m
[  10% ] [90m[1msavepack[22m | 保存文件：res://.godot/exported/133200997/export-87e8f04a09d1221e5f2678d10cce2f23-Imitater_idle.res[39m[0m
[  10% ] [90m[1msavepack[22m | 保存文件：res://.godot/exported/133200997/export-29a81d254e6cafb6ed56f6231e6c86f0-animation_node_state_machine_playback_zombie_norm.res[39m[0m
[  10% ] [90m[1msavepack[22m | 保存文件：res://.godot/exported/133200997/export-59dfdc8f21633333db35e3a5ec0595f7-Zombie_bucket.res[39m[0m
[  10% ] [90m[1msavepack[22m | 保存文件：res://.godot/exported/133200997/export-950d2452d390bfea16ada5d2e890d42a-Zombie_cone.res[39m[0m
[  10% ] [90m[1msavepack[22m | 保存文件：res://.godot/exported/133200997/export-a7ff18781df7b4ef1adbf2131e9fe2b7-Zombie_dance.res[39m[0m
[  10% ] [90m[1msavepack[22m | 保存文件：res://.godot/exported/133200997/export-5d36c9757ef16452eb4fa76b015bfab7-Zombie_death2.res[39m[0m
[  10% ] [90m[1msavepack[22m | 保存文件：res://.godot/exported/133200997/export-17c6844178360023055887363fb0c304-Zombie_death.res[39m[0m
[  10% ] [90m[1msavepack[22m | 保存文件：res://.godot/exported/133200997/export-d6cf53693945c47d4648607dfb0eceea-Zombie_eat.res[39m[0m
[  10% ] [90m[1msavepack[22m | 保存文件：res://.godot/exported/133200997/export-c3f0fcdc284d9a456a71fec889b21d23-Zombie_hair.res[39m[0m
[  10% ] [90m[1msavepack[22m | 保存文件：res://.godot/exported/133200997/export-6eaf5d4931573099c7d50946c62d88cd-Zombie_head1.res[39m[0m
[  10% ] [90m[1msavepack[22m | 保存文件：res://.godot/exported/133200997/export-b70ff0b2e4fa0311e3ae629cb64b6fff-Zombie_head2.res[39m[0m
[  10% ] [90m[1msavepack[22m | 保存文件：res://.godot/exported/133200997/export-6b00493d4b9489b03b5d43fcb9694739-Zombie_idle2.res[39m[0m
[  10% ] [90m[1msavepack[22m | 保存文件：res://.godot/exported/133200997/export-501379b0451227445cc88d74ee32f14f-Zombie_idle.res[39m[0m
[  10% ] [90m[1msavepack[22m | 保存文件：res://.godot/exported/133200997/export-2ff5ebc3248033370d64de286e358450-Zombie_innerarm1.res[39m[0m
[  10% ] [90m[1msavepack[22m | 保存文件：res://.godot/exported/133200997/export-e9b16a3c26cc8e29531ca87cf9fac810-Zombie_innerarm2.res[39m[0m
[  10% ] [90m[1msavepack[22m | 保存文件：res://.godot/exported/133200997/export-0fbfb6a48944e39ce557f8a4056f3c27-Zombie_innerarm3.res[39m[0m
[  11% ] [90m[1msavepack[22m | 保存文件：res://.godot/exported/133200997/export-c9e9bd10b8f0fa41c36aae85424f392e-Zombie_screendoor.res[39m[0m
[  11% ] [90m[1msavepack[22m | 保存文件：res://.godot/exported/133200997/export-c1948c85d4d2e79ae9f81972c6d95c67-Zombie_superlongdeath.res[39m[0m
[  11% ] [90m[1msavepack[22m | 保存文件：res://.godot/exported/133200997/export-59c10ce6658a3647b02a7d43d76a3f48-Zombie_swim.res[39m[0m
[  11% ] [90m[1msavepack[22m | 保存文件：res://.godot/exported/133200997/export-231cc3e66ea8773677323f389a587c97-Zombie_tongue.res[39m[0m
[  11% ] [90m[1msavepack[22m | 保存文件：res://.godot/exported/133200997/export-18fefae3a460dfe195d840c8552462b1-Zombie_walk2.res[39m[0m
[  11% ] [90m[1msavepack[22m | 保存文件：res://.godot/exported/133200997/export-cf253f1bbc47febd7ec401af17a498ad-Zombie_walk.res[39m[0m
[  11% ] [90m[1msavepack[22m | 保存文件：res://.godot/exported/133200997/export-38e2082f6556b0d974b704bbe379de1e-Zombie_waterdeath.res[39m[0m
[  11% ] [90m[1msavepack[22m | 保存文件：res://animation/character/zombie/002_zombie_flag/Zombie_death2.res[39m[0m
[  11% ] [90m[1msavepack[22m | 保存文件：res://animation/character/zombie/002_zombie_flag/Zombie_death.res[39m[0m
[  11% ] [90m[1msavepack[22m | 保存文件：res://animation/character/zombie/002_zombie_flag/Zombie_eat.res[39m[0m
[  11% ] [90m[1msavepack[22m | 保存文件：res://animation/character/zombie/002_zombie_flag/Zombie_superlongdeath.res[39m[0m
[  11% ] [90m[1msavepack[22m | 保存文件：res://animation/character/zombie/002_zombie_flag/Zombie_walk2.res[39m[0m
[  11% ] [90m[1msavepack[22m | 保存文件：res://animation/character/zombie/002_zombie_flag/Zombie_walk.res[39m[0m
[  11% ] [90m[1msavepack[22m | 保存文件：res://.godot/exported/133200997/export-27d36bfa250f95c14d64229e67a08422-Zombie_polevaulter_death.res[39m[0m
[  11% ] [90m[1msavepack[22m | 保存文件：res://.godot/exported/133200997/export-c1c8e62b7c7b4993aff8cbfcb6e4e455-Zombie_polevaulter_eat.res[39m[0m
[  11% ] [90m[1msavepack[22m | 保存文件：res://.godot/exported/133200997/export-1607688e504c1ce4ace7daaf02c47ec8-Zombie_polevaulter_hair.res[39m[0m
[  11% ] [90m[1msavepack[22m | 保存文件：res://.godot/exported/133200997/export-6e0858c59c3735b976aa14fdda6d186c-Zombie_polevaulter_head1.res[39m[0m
[  11% ] [90m[1msavepack[22m | 保存文件：res://.godot/exported/133200997/export-c7b56f3ebb62e1e59e2b8b913773cdbb-Zombie_polevaulter_head2.res[39m[0m
[  11% ] [90m[1msavepack[22m | 保存文件：res://.godot/exported/133200997/export-491b61185c1033bf5874be66f3a104c3-Zombie_polevaulter_idle.res[39m[0m
[  11% ] [90m[1msavepack[22m | 保存文件：res://.godot/exported/133200997/export-f007afa86036afa5bfa3064f23447b75-Zombie_polevaulter_jump.res[39m[0m
[  11% ] [90m[1msavepack[22m | 保存文件：res://.godot/exported/133200997/export-039b4bf1f4d85cd72783ecf87d0ffa20-Zombie_polevaulter_run.res[39m[0m
[  11% ] [90m[1msavepack[22m | 保存文件：res://.godot/exported/133200997/export-ed3792c1de38d04a1305772a07d3586b-Zombie_polevaulter_walk.res[39m[0m
[  11% ] [90m[1msavepack[22m | 保存文件：res://.godot/exported/133200997/export-3ff478c737594dc14864bb5b95898959-Zombie_paper_death.res[39m[0m
[  11% ] [90m[1msavepack[22m | 保存文件：res://.godot/exported/133200997/export-6296666c0a41061faaa0f495c57368c1-Zombie_paper_eat.res[39m[0m
[  11% ] [90m[1msavepack[22m | 保存文件：res://.godot/exported/133200997/export-4204c2d47d85a58ba31168486353e3f4-Zombie_paper_eat_nopaper.res[39m[0m
[  11% ] [90m[1msavepack[22m | 保存文件：res://.godot/exported/133200997/export-771d135d55d2d1e6a28206cbf9310daf-Zombie_paper_gasp.res[39m[0m
[  11% ] [90m[1msavepack[22m | 保存文件：res://.godot/exported/133200997/export-a3101b515fb0c39162c0d2ac9b2856f6-Zombie_paper_hair.res[39m[0m
[  11% ] [90m[1msavepack[22m | 保存文件：res://.godot/exported/133200997/export-50805c79a93fc8a161f0dfb172e680ba-Zombie_paper_hairpiece.res[39m[0m
[  11% ] [90m[1msavepack[22m | 保存文件：res://.godot/exported/133200997/export-75928939fd197775fe5061a09c501a95-Zombie_paper_head1.res[39m[0m
[  11% ] [90m[1msavepack[22m | 保存文件：res://.godot/exported/133200997/export-67b47120d788e2d18e4aeb54a003eac9-Zombie_paper_head_glasses.res[39m[0m
[  11% ] [90m[1msavepack[22m | 保存文件：res://.godot/exported/133200997/export-abb6aae9acb400da12dd701a3ee00b65-Zombie_paper_head_jaw.res[39m[0m
[  11% ] [90m[1msavepack[22m | 保存文件：res://.godot/exported/133200997/export-1ca2f6d4ce3aef31d99f5aab75ad6147-Zombie_paper_head_look.res[39m[0m
[  11% ] [90m[1msavepack[22m | 保存文件：res://.godot/exported/133200997/export-9d9f2f3e8258460820d177a36b030762-Zombie_paper_head_pupils.res[39m[0m
[  11% ] [90m[1msavepack[22m | 保存文件：res://.godot/exported/133200997/export-63f961053ddd4004d135b4603279840e-Zombie_paper_idle.res[39m[0m
[  11% ] [90m[1msavepack[22m | 保存文件：res://.godot/exported/133200997/export-5faac46792db8cef313d8f1f561b4edf-Zombie_paper_walk.res[39m[0m
[  11% ] [90m[1msavepack[22m | 保存文件：res://.godot/exported/133200997/export-40667e35c4aac6af1e79f09241d6dca5-Zombie_paper_walk_nopaper.res[39m[0m
[  11% ] [90m[1msavepack[22m | 保存文件：res://.godot/exported/133200997/export-48873938692ce6257769f8ea9ef60b62-Zombie_football_death.res[39m[0m
[  12% ] [90m[1msavepack[22m | 保存文件：res://.godot/exported/133200997/export-1e65ccac64ba9d6eed09aff3e6b9cee4-Zombie_football_eat.res[39m[0m
[  12% ] [90m[1msavepack[22m | 保存文件：res://.godot/exported/133200997/export-5423bc758e3a09eaed8af43746242bcd-Zombie_football_hair.res[39m[0m
[  12% ] [90m[1msavepack[22m | 保存文件：res://.godot/exported/133200997/export-5385396bc4a5c70ce25e3ac33133b15e-Zombie_football_head1.res[39m[0m
[  12% ] [90m[1msavepack[22m | 保存文件：res://.godot/exported/133200997/export-7422654ba889fe990ab56f462bdf0b0e-Zombie_football_head2.res[39m[0m
[  12% ] [90m[1msavepack[22m | 保存文件：res://.godot/exported/133200997/export-38d967c51e59c633dd3d8e5a0929e61c-Zombie_football_idle.res[39m[0m
[  12% ] [90m[1msavepack[22m | 保存文件：res://.godot/exported/133200997/export-6d1f12942125437b2a3268e335ea5207-Zombie_football_walk.res[39m[0m
[  12% ] [90m[1msavepack[22m | 保存文件：res://.godot/exported/133200997/export-966a8723a2cef972393b82016ef173f3-Zombie_Jackson_armraise.res[39m[0m
[  12% ] [90m[1msavepack[22m | 保存文件：res://.godot/exported/133200997/export-5f8e0cf9a5a4f7b6dc20ce25896a754e-Zombie_Jackson_death.res[39m[0m
[  12% ] [90m[1msavepack[22m | 保存文件：res://.godot/exported/133200997/export-5a47cb8903281219b31a69be0804c829-Zombie_Jackson_eat.res[39m[0m
[  12% ] [90m[1msavepack[22m | 保存文件：res://.godot/exported/133200997/export-cfe1b38e2472bce564b1fb4797f5a054-Zombie_Jackson_hair.res[39m[0m
[  12% ] [90m[1msavepack[22m | 保存文件：res://.godot/exported/133200997/export-59852d2772a555bb8d35b45bbb4a347d-Zombie_Jackson_head1.res[39m[0m
[  12% ] [90m[1msavepack[22m | 保存文件：res://.godot/exported/133200997/export-22bbedd67d958a77f658d525bd405a29-Zombie_Jackson_head2.res[39m[0m
[  12% ] [90m[1msavepack[22m | 保存文件：res://.godot/exported/133200997/export-78d3aae2e715118d9e0d455dd2a1b1b0-Zombie_Jackson_moonwalk.res[39m[0m
[  12% ] [90m[1msavepack[22m | 保存文件：res://.godot/exported/133200997/export-e08cba900e1d1ff37ff6c711e4b0a4c0-Zombie_Jackson_point.res[39m[0m
[  12% ] [90m[1msavepack[22m | 保存文件：res://.godot/exported/133200997/export-3f5f05122c078cdaaddbdf5d006408e2-Zombie_Jackson_walk.res[39m[0m
[  12% ] [90m[1msavepack[22m | 保存文件：res://.godot/exported/133200997/export-729c2c254c345f0eeba3b6af32413a5e-Zombie_dancer_armraise.res[39m[0m
[  12% ] [90m[1msavepack[22m | 保存文件：res://.godot/exported/133200997/export-ccaea9206d69330c71f1dbcbc2fd2616-Zombie_dancer_death.res[39m[0m
[  12% ] [90m[1msavepack[22m | 保存文件：res://.godot/exported/133200997/export-670461fdba9fb1a9cd79184552f9c047-Zombie_dancer_earing.res[39m[0m
[  12% ] [90m[1msavepack[22m | 保存文件：res://.godot/exported/133200997/export-304bef27e1922adca2243068530bce13-Zombie_dancer_eat.res[39m[0m
[  12% ] [90m[1msavepack[22m | 保存文件：res://.godot/exported/133200997/export-c53fe659c78302ecaae05de10347e1a6-Zombie_dancer_hair.res[39m[0m
[  12% ] [90m[1msavepack[22m | 保存文件：res://.godot/exported/133200997/export-0419994b0231977aaac04a40a3f54517-Zombie_dancer_head1.res[39m[0m
[  12% ] [90m[1msavepack[22m | 保存文件：res://.godot/exported/133200997/export-d02cb7111731f65bc218232ca5a29009-Zombie_dancer_head2.res[39m[0m
[  12% ] [90m[1msavepack[22m | 保存文件：res://.godot/exported/133200997/export-2a1515b4a87a8b3e1e5aaf1290798190-Zombie_dancer_walk.res[39m[0m
[  12% ] [90m[1msavepack[22m | 保存文件：res://.godot/exported/133200997/export-dbc559a4ff306a78833a7bbbdb7f6c6a-Zombie_snorkle_aquarium_bite.res[39m[0m
[  12% ] [90m[1msavepack[22m | 保存文件：res://.godot/exported/133200997/export-5b5135d96307a3e474eeec70d4ef5b59-Zombie_snorkle_aquarium_death.res[39m[0m
[  12% ] [90m[1msavepack[22m | 保存文件：res://.godot/exported/133200997/export-7ebd25f1e7db2711dd2d3fb3ce0e1e95-Zombie_snorkle_aquarium_swim.res[39m[0m
[  12% ] [90m[1msavepack[22m | 保存文件：res://.godot/exported/133200997/export-f05b4edfed83cc07f90ed0a8f45fa118-Zombie_snorkle_death.res[39m[0m
[  12% ] [90m[1msavepack[22m | 保存文件：res://.godot/exported/133200997/export-eb78199528ef058ecadc256758ebaffe-Zombie_snorkle_eat.res[39m[0m
[  12% ] [90m[1msavepack[22m | 保存文件：res://.godot/exported/133200997/export-0bacb467482b494ca5f0c000fae739e8-Zombie_snorkle_head1.res[39m[0m
[  12% ] [90m[1msavepack[22m | 保存文件：res://.godot/exported/133200997/export-070d0008841a6658f82bfd4cc10b7bd2-Zombie_snorkle_head_jaw.res[39m[0m
[  12% ] [90m[1msavepack[22m | 保存文件：res://.godot/exported/133200997/export-6c358350cb1f6d0d66970e98ec63a0ca-Zombie_snorkle_head_lips.res[39m[0m
[  12% ] [90m[1msavepack[22m | 保存文件：res://.godot/exported/133200997/export-af28816c319c53708c0bc045f3c2e0df-Zombie_snorkle_head_snorkle.res[39m[0m
[  12% ] [90m[1msavepack[22m | 保存文件：res://.godot/exported/133200997/export-53d97083927b8f60b34ec05ca59c982e-Zombie_snorkle_idle.res[39m[0m
[  12% ] [90m[1msavepack[22m | 保存文件：res://.godot/exported/133200997/export-70e19c2e63b23a9925c667d325ae59b3-Zombie_snorkle_jumpinpool.res[39m[0m
[  12% ] [90m[1msavepack[22m | 保存文件：res://.godot/exported/133200997/export-d30a97526c462490390718922bb68510-Zombie_snorkle_swim.res[39m[0m
[  12% ] [90m[1msavepack[22m | 保存文件：res://.godot/exported/133200997/export-93b83eb3ab9422fbb16db6f056a76d4a-Zombie_snorkle_uptoeat2.res[39m[0m
[  12% ] [90m[1msavepack[22m | 保存文件：res://.godot/exported/133200997/export-cb88f271bf34ae79d0e0137b5f20505c-Zombie_snorkle_uptoeat.res[39m[0m
[  12% ] [90m[1msavepack[22m | 保存文件：res://.godot/exported/133200997/export-410435ee4da6ba574c90c54fea57dd27-Zombie_snorkle_walk.res[39m[0m
[  13% ] [90m[1msavepack[22m | 保存文件：res://.godot/exported/133200997/export-836b6a60b8deeb090efd6ac02873cf66-Zombie_charred_zamboni_blink.res[39m[0m
[  13% ] [90m[1msavepack[22m | 保存文件：res://.godot/exported/133200997/export-e5ccea828b90f1484c2e54afd9a16ac9-Zombie_charred_zamboni_crumble.res[39m[0m
[  13% ] [90m[1msavepack[22m | 保存文件：res://.godot/exported/133200997/export-1012c79dd838a9c8c9f4aabce69cb187-Zombie_zamboni_drive.res[39m[0m
[  13% ] [90m[1msavepack[22m | 保存文件：res://.godot/exported/133200997/export-54c77c513373675429f77c4e59c18c89-Zombie_zamboni_wheelie1.res[39m[0m
[  13% ] [90m[1msavepack[22m | 保存文件：res://.godot/exported/133200997/export-b82656cf31b74f07bea24977752a144c-Zombie_zamboni_wheelie2.res[39m[0m
[  13% ] [90m[1msavepack[22m | 保存文件：res://.godot/exported/133200997/export-3e7bb9c80217294cbe0ad48d1ddeb709-Zombie_bobsled_death.res[39m[0m
[  13% ] [90m[1msavepack[22m | 保存文件：res://.godot/exported/133200997/export-1a07d7ab4a34bb52a2038cd27457f72f-Zombie_bobsled_eat.res[39m[0m
[  13% ] [90m[1msavepack[22m | 保存文件：res://.godot/exported/133200997/export-5c764c80245c7f303316f1abb201b877-Zombie_bobsled_head1.res[39m[0m
[  13% ] [90m[1msavepack[22m | 保存文件：res://.godot/exported/133200997/export-6d6b9aa868c7f35a39fbff51d49ccc6a-Zombie_bobsled_head2.res[39m[0m
[  13% ] [90m[1msavepack[22m | 保存文件：res://.godot/exported/133200997/export-aedd553e6f5ef0544a3def91d418c56d-Zombie_bobsled_idle.res[39m[0m
[  13% ] [90m[1msavepack[22m | 保存文件：res://.godot/exported/133200997/export-bede4914973c0ae1cc3251fc462e9842-Zombie_bobsled_jump.res[39m[0m
[  13% ] [90m[1msavepack[22m | 保存文件：res://.godot/exported/133200997/export-13efd5ba1e75cf56a332407c16d625e5-Zombie_bobsled_push.res[39m[0m
[  13% ] [90m[1msavepack[22m | 保存文件：res://.godot/exported/133200997/export-ed1e9e46c990edfb896371f3b74e12c2-Zombie_bobsled_walk.res[39m[0m
[  13% ] [90m[1msavepack[22m | 保存文件：res://.godot/exported/133200997/export-60ceb7fbd3d6d0e125b605a860c79b21-Zombie_dolphinrider_death.res[39m[0m
[  13% ] [90m[1msavepack[22m | 保存文件：res://.godot/exported/133200997/export-878167eb4dfdd02e2bf9fad11c06c9f6-Zombie_dolphinrider_dolphinjump.res[39m[0m
[  13% ] [90m[1msavepack[22m | 保存文件：res://.godot/exported/133200997/export-c99ae0df89c0c035287406c51e6d7a72-Zombie_dolphinrider_eat.res[39m[0m
[  13% ] [90m[1msavepack[22m | 保存文件：res://.godot/exported/133200997/export-1155213746ae97d48e1543c681be0e2b-Zombie_dolphinrider_head1.res[39m[0m
[  13% ] [90m[1msavepack[22m | 保存文件：res://.godot/exported/133200997/export-933a2322571f9d00bf43ddc7edadcbb7-Zombie_dolphinrider_head2.res[39m[0m
[  13% ] [90m[1msavepack[22m | 保存文件：res://.godot/exported/133200997/export-496bca33df8a3bf23d588bd0aa1f6afc-Zombie_dolphinrider_idle.res[39m[0m
[  13% ] [90m[1msavepack[22m | 保存文件：res://.godot/exported/133200997/export-1941513ef50ef3ba240774f4268b905e-Zombie_dolphinrider_jumpinpool.res[39m[0m
[  13% ] [90m[1msavepack[22m | 保存文件：res://.godot/exported/133200997/export-70bcb87746161658ef6bfb131bee8243-Zombie_dolphinrider_ride.res[39m[0m
[  13% ] [90m[1msavepack[22m | 保存文件：res://.godot/exported/133200997/export-4d667a4d74eef1e6777f11a1e87f756a-Zombie_dolphinrider_swim.res[39m[0m
[  13% ] [90m[1msavepack[22m | 保存文件：res://.godot/exported/133200997/export-682542cc63ecf4deb2eb4da573dc6223-Zombie_dolphinrider_walk.res[39m[0m
[  13% ] [90m[1msavepack[22m | 保存文件：res://.godot/exported/133200997/export-d71f6f6d50809765afa200114fc136fb-Zombie_dolphinrider_walkdolphin.res[39m[0m
[  13% ] [90m[1msavepack[22m | 保存文件：res://.godot/exported/133200997/export-c56be47d7756ce0ab5806385b7a60e0f-Zombie_jackbox_death.res[39m[0m
[  13% ] [90m[1msavepack[22m | 保存文件：res://.godot/exported/133200997/export-0053790674b7be708187791cb58a2440-Zombie_jackbox_eat.res[39m[0m
[  13% ] [90m[1msavepack[22m | 保存文件：res://.godot/exported/133200997/export-eb44a40239b54996f695459318e0324e-Zombie_jackbox_head1.res[39m[0m
[  13% ] [90m[1msavepack[22m | 保存文件：res://.godot/exported/133200997/export-c2b119e20db890e630ae9018455feb84-Zombie_jackbox_head2.res[39m[0m
[  13% ] [90m[1msavepack[22m | 保存文件：res://.godot/exported/133200997/export-87e687e41c45cbac45fc46d738bf2cfc-Zombie_jackbox_idle.res[39m[0m
[  13% ] [90m[1msavepack[22m | 保存文件：res://.godot/exported/133200997/export-5d7f524aa6ca41c40c56221ab6c7c54f-Zombie_jackbox_pop.res[39m[0m
[  13% ] [90m[1msavepack[22m | 保存文件：res://.godot/exported/133200997/export-62e19675df4085d3ecfe16d3e5480d4f-Zombie_jackbox_walk.res[39m[0m
[  13% ] [90m[1msavepack[22m | 保存文件：res://.godot/exported/133200997/export-15f27a3f27ba8dce049933def5e2cf91-Zombie_balloon_death.res[39m[0m
[  13% ] [90m[1msavepack[22m | 保存文件：res://.godot/exported/133200997/export-b4ee6c2423c146ba32a9165b7067ad17-Zombie_balloon_eat.res[39m[0m
[  13% ] [90m[1msavepack[22m | 保存文件：res://.godot/exported/133200997/export-c2e8164bfb9cddfa81ee66201f092160-Zombie_balloon_head1.res[39m[0m
[  13% ] [90m[1msavepack[22m | 保存文件：res://.godot/exported/133200997/export-d3e2f92bc0eb36c11b9902f8039290bd-Zombie_balloon_head2.res[39m[0m
[  13% ] [90m[1msavepack[22m | 保存文件：res://.godot/exported/133200997/export-a6e1f9c291b96b1ed2e46e77718a46ca-Zombie_balloon_idle.res[39m[0m
[  13% ] [90m[1msavepack[22m | 保存文件：res://.godot/exported/133200997/export-13ffd9de35b8a3a69151b3ea74d2a399-Zombie_balloon_pop.res[39m[0m
[  13% ] [90m[1msavepack[22m | 保存文件：res://.godot/exported/133200997/export-e29f3807e9695034e1523d38e8d26670-Zombie_balloon_swing.res[39m[0m
[  14% ] [90m[1msavepack[22m | 保存文件：res://.godot/exported/133200997/export-12b4fd4bb577e2ff823004d856d397b7-Zombie_balloon_walk.res[39m[0m
[  14% ] [90m[1msavepack[22m | 保存文件：res://.godot/exported/133200997/export-8dd28c03da13f57fc05b41ef375d415a-Zombie_charred_digger.scn[39m[0m
[  14% ] [90m[1msavepack[22m | 保存文件：res://.godot/exported/133200997/export-a5fd6c2a164c292ba5f704f1943a5141-Zombie_charred_digger_crumble.res[39m[0m
[  14% ] [90m[1msavepack[22m | 保存文件：res://.godot/exported/133200997/export-9e3323ec5727a71554cd220f951e13a8-Zombie_charred_digger_crumble_noaxe.res[39m[0m
[  14% ] [90m[1msavepack[22m | 保存文件：res://.godot/exported/133200997/export-cc423bcf71ea96afd0ce3c76d17ca018-Zombie_digger_death.res[39m[0m
[  14% ] [90m[1msavepack[22m | 保存文件：res://.godot/exported/133200997/export-9c27be8577c8483cd59d07855884cd6c-Zombie_digger_dig.res[39m[0m
[  14% ] [90m[1msavepack[22m | 保存文件：res://.godot/exported/133200997/export-bc1ac8903fe273699f1efa0c57aef137-Zombie_digger_dizzy.res[39m[0m
[  14% ] [90m[1msavepack[22m | 保存文件：res://.godot/exported/133200997/export-99a11ed758466e9eefc05a1bc9eb7e64-Zombie_digger_drill.res[39m[0m
[  14% ] [90m[1msavepack[22m | 保存文件：res://.godot/exported/133200997/export-4d19b5e2348b193fce3a55e8985bc6e5-Zombie_digger_eat.res[39m[0m
[  14% ] [90m[1msavepack[22m | 保存文件：res://.godot/exported/133200997/export-3ea4bfbc9cc7e0a3435e58bd82c56603-Zombie_digger_head1.res[39m[0m
[  14% ] [90m[1msavepack[22m | 保存文件：res://.godot/exported/133200997/export-30b5b16a2077a2e05d936e72e2f873bf-Zombie_digger_head2.res[39m[0m
[  14% ] [90m[1msavepack[22m | 保存文件：res://.godot/exported/133200997/export-08f24ad5f0fcf123793c71d9d349e642-Zombie_digger_idle.res[39m[0m
[  14% ] [90m[1msavepack[22m | 保存文件：res://.godot/exported/133200997/export-b566893b2b107176b4f1d9c01af51f1e-Zombie_digger_landing.res[39m[0m
[  14% ] [90m[1msavepack[22m | 保存文件：res://animation/character/zombie/018_zombie_digger/Zombie_digger_up.res[39m[0m
[  14% ] [90m[1msavepack[22m | 保存文件：res://.godot/exported/133200997/export-4000a6dc4d2210961ac810119f33caaa-Zombie_digger_walk.res[39m[0m
[  14% ] [90m[1msavepack[22m | 保存文件：res://.godot/exported/133200997/export-8b1fa4d00e78ad2b43ab34b5dfcc2381-Zombie_pogo_death.res[39m[0m
[  14% ] [90m[1msavepack[22m | 保存文件：res://.godot/exported/133200997/export-ceb76dc99e26422974a6baff997ab87f-Zombie_pogo_eat.res[39m[0m
[  14% ] [90m[1msavepack[22m | 保存文件：res://.godot/exported/133200997/export-764b3f63a6e8324d4437458ba1fcf3f3-Zombie_pogo_hair.res[39m[0m
[  14% ] [90m[1msavepack[22m | 保存文件：res://.godot/exported/133200997/export-491cd4bd867750c1b4e8390d5361c8c7-Zombie_pogo_head1.res[39m[0m
[  14% ] [90m[1msavepack[22m | 保存文件：res://.godot/exported/133200997/export-f8104a5d8c9e8998c400cf15fe06a9a9-Zombie_pogo_head2.res[39m[0m
[  14% ] [90m[1msavepack[22m | 保存文件：res://.godot/exported/133200997/export-277ddb79de4da74bf34f186286b9694a-Zombie_pogo_head_glasses.res[39m[0m
[  14% ] [90m[1msavepack[22m | 保存文件：res://.godot/exported/133200997/export-9c114b73dc0aecafb8beaa9bfa3a3635-Zombie_pogo_idle.res[39m[0m
[  14% ] [90m[1msavepack[22m | 保存文件：res://.godot/exported/133200997/export-b5729f5d8613f541f5ab0a4284ac4a0a-Zombie_pogo_innerarm1.res[39m[0m
[  14% ] [90m[1msavepack[22m | 保存文件：res://.godot/exported/133200997/export-fa2a9e163dba5eedb2e5ba944e748508-Zombie_pogo_innerarm2.res[39m[0m
[  14% ] [90m[1msavepack[22m | 保存文件：res://.godot/exported/133200997/export-ba8236d6ad32e8382aae41bfb6d8a33e-Zombie_pogo_innerarm3.res[39m[0m
[  14% ] [90m[1msavepack[22m | 保存文件：res://.godot/exported/133200997/export-bd0ad79690f781f3fb6b8c32d0bb57aa-Zombie_pogo_pogo.res[39m[0m
[  14% ] [90m[1msavepack[22m | 保存文件：res://.godot/exported/133200997/export-bf075614a1ce78aaf38b3fc23a9fff10-Zombie_pogo_walk.res[39m[0m
[  14% ] [90m[1msavepack[22m | 保存文件：res://.godot/exported/133200997/export-6313f05688f0d73357d2f98f1c3375f9-Zombie_yeti_death.res[39m[0m
[  14% ] [90m[1msavepack[22m | 保存文件：res://.godot/exported/133200997/export-8292b28c2798a60f17fff00517dce52d-Zombie_yeti_eat.res[39m[0m
[  14% ] [90m[1msavepack[22m | 保存文件：res://.godot/exported/133200997/export-b14ee28cae93dc179212f4022ed66cb2-Zombie_yeti_head1.res[39m[0m
[  14% ] [90m[1msavepack[22m | 保存文件：res://.godot/exported/133200997/export-9c0f7e2e22a6024664146c1c6fe18bf9-Zombie_yeti_head2.res[39m[0m
[  14% ] [90m[1msavepack[22m | 保存文件：res://.godot/exported/133200997/export-b45777ba6bf3060b2c0200291f9bdf2f-Zombie_yeti_idle.res[39m[0m
[  14% ] [90m[1msavepack[22m | 保存文件：res://.godot/exported/133200997/export-8a6f00d9ab3252acebc75e1d8a0b4f97-Zombie_yeti_walk.res[39m[0m
[  14% ] [90m[1msavepack[22m | 保存文件：res://.godot/exported/133200997/export-2085e834e4871a345116066e7c29f5f4-Zombie_bungi_drop.res[39m[0m
[  14% ] [90m[1msavepack[22m | 保存文件：res://.godot/exported/133200997/export-ef6fbecc0c1e11bfc734d8982e3e2856-Zombie_bungi_grab.res[39m[0m
[  14% ] [90m[1msavepack[22m | 保存文件：res://.godot/exported/133200997/export-1a3d1bf19f3f4d6ad3b5731756bbf7d3-Zombie_bungi_head1.res[39m[0m
[  14% ] [90m[1msavepack[22m | 保存文件：res://.godot/exported/133200997/export-cfb9b2a365f0a05d6aa5dffe9a839cf7-Zombie_bungi_hold.res[39m[0m
[  14% ] [90m[1msavepack[22m | 保存文件：res://.godot/exported/133200997/export-ba90804fb9fc490c2d5220960080113e-Zombie_bungi_idle.res[39m[0m
[  15% ] [90m[1msavepack[22m | 保存文件：res://.godot/exported/133200997/export-c1bcba49de6ca546ed9ece3462b705d5-Zombie_bungi_raise.res[39m[0m
[  15% ] [90m[1msavepack[22m | 保存文件：res://.godot/exported/133200997/export-867d283fd7cc602ddfb1f5c983cd550a-Zombie_ladder_death.res[39m[0m
[  15% ] [90m[1msavepack[22m | 保存文件：res://.godot/exported/133200997/export-11f04afabd94fc7ad97952c0e673ccf4-Zombie_ladder_eat.res[39m[0m
[  15% ] [90m[1msavepack[22m | 保存文件：res://.godot/exported/133200997/export-44c3384a49b3745828972262b29a176d-Zombie_ladder_head1.res[39m[0m
[  15% ] [90m[1msavepack[22m | 保存文件：res://.godot/exported/133200997/export-9387435dc1798b9236af26c693dd9c53-Zombie_ladder_head2.res[39m[0m
[  15% ] [90m[1msavepack[22m | 保存文件：res://.godot/exported/133200997/export-1f9fc9fb1737c3a15a07c58c473eeb9a-Zombie_ladder_idle.res[39m[0m
[  15% ] [90m[1msavepack[22m | 保存文件：res://.godot/exported/133200997/export-22c3b37c22990a198a4d664ee8f0168f-Zombie_ladder_laddereat.res[39m[0m
[  15% ] [90m[1msavepack[22m | 保存文件：res://.godot/exported/133200997/export-4873aa3f1fb989b9c3fcd0319ab370b7-Zombie_ladder_ladderwalk.res[39m[0m
[  15% ] [90m[1msavepack[22m | 保存文件：res://.godot/exported/133200997/export-be2eecf5bad79e4b91823e4c1070071f-Zombie_ladder_placeladder.res[39m[0m
[  15% ] [90m[1msavepack[22m | 保存文件：res://.godot/exported/133200997/export-08c837cfe37ef1e8ab2c665a33cea5f5-Zombie_ladder_walk.res[39m[0m
[  15% ] [90m[1msavepack[22m | 保存文件：res://.godot/exported/133200997/export-eacc35f18549103f1eaae134b1bf6b06-Zombie_catapult.scn[39m[0m
[  15% ] [90m[1msavepack[22m | 保存文件：res://.godot/exported/133200997/export-c7ac7fa2a9b6e9652ee88fe9ad9b9db2-Zombie_catapult_bounce.res[39m[0m
[  15% ] [90m[1msavepack[22m | 保存文件：res://.godot/exported/133200997/export-372a9813246416bf29c6410c043d052b-Zombie_catapult_idle.res[39m[0m
[  15% ] [90m[1msavepack[22m | 保存文件：res://.godot/exported/133200997/export-47ca54c33d0a460418ec4ace8c75648a-Zombie_catapult_shoot.res[39m[0m
[  15% ] [90m[1msavepack[22m | 保存文件：res://.godot/exported/133200997/export-d2dab31fcf1849b6cde0dc0da1952c1d-Zombie_catapult_walk.res[39m[0m
[  15% ] [90m[1msavepack[22m | 保存文件：res://.godot/exported/133200997/export-7a7fb10ca58ce5f81440ebec699b5b1f-Zombie_gargantuar.scn[39m[0m
[  15% ] [90m[1msavepack[22m | 保存文件：res://.godot/exported/133200997/export-753378951022b7d8c5b9d5a6a7c96471-Zombie_gargantuar_death.res[39m[0m
[  15% ] [90m[1msavepack[22m | 保存文件：res://.godot/exported/133200997/export-83568649be1223974ee3506deed64ff7-Zombie_gargantuar_head1.res[39m[0m
[  15% ] [90m[1msavepack[22m | 保存文件：res://.godot/exported/133200997/export-f52987a744a65d1e90e85f8571e56cb4-Zombie_gargantuar_idle.res[39m[0m
[  15% ] [90m[1msavepack[22m | 保存文件：res://.godot/exported/133200997/export-f6a37d63e645cebf67b2e77e7fed983b-Zombie_gargantuar_smash.res[39m[0m
[  15% ] [90m[1msavepack[22m | 保存文件：res://.godot/exported/133200997/export-5e91529177531970bc19bed3ac0d62b8-Zombie_gargantuar_throw.res[39m[0m
[  15% ] [90m[1msavepack[22m | 保存文件：res://.godot/exported/133200997/export-3fae16c861bc9ee8d20d945edf1ab3ab-Zombie_gargantuar_walk.res[39m[0m
[  15% ] [90m[1msavepack[22m | 保存文件：res://.godot/exported/133200997/export-a16e2dd5aef841dc595f5c00986bf367-Zombie_imp.scn[39m[0m
[  15% ] [90m[1msavepack[22m | 保存文件：res://.godot/exported/133200997/export-6490e7eff29b810823d8769814e148f5-Zombie_imp_death.res[39m[0m
[  15% ] [90m[1msavepack[22m | 保存文件：res://.godot/exported/133200997/export-0012b12313849d4eb097fe7e8d8276af-Zombie_imp_eat.res[39m[0m
[  15% ] [90m[1msavepack[22m | 保存文件：res://.godot/exported/133200997/export-659bac7c612aff77f0f818761c534574-Zombie_imp_head1.res[39m[0m
[  15% ] [90m[1msavepack[22m | 保存文件：res://.godot/exported/133200997/export-d9521212e5da1ad6ed0f57f2768f1b95-Zombie_imp_head2.res[39m[0m
[  15% ] [90m[1msavepack[22m | 保存文件：res://.godot/exported/133200997/export-cddfdc427c49bc89cc879cad2d7eefea-Zombie_imp_land.res[39m[0m
[  15% ] [90m[1msavepack[22m | 保存文件：res://.godot/exported/133200997/export-80dcfdda7fc939000e1adffb2e8d5891-Zombie_imp_thrown.res[39m[0m
[  15% ] [90m[1msavepack[22m | 保存文件：res://.godot/exported/133200997/export-7b29477454a6c8eeb8fba4995cc71d8c-Zombie_imp_walk.res[39m[0m
[  15% ] [90m[1msavepack[22m | 保存文件：res://.godot/exported/133200997/export-b8462952b87ad41c63f041e715384582-Zombie_boss_bungee_1_enter.res[39m[0m
[  15% ] [90m[1msavepack[22m | 保存文件：res://.godot/exported/133200997/export-2a9f121314a25dcff597618d16cd45d5-Zombie_boss_bungee_1_leave.res[39m[0m
[  15% ] [90m[1msavepack[22m | 保存文件：res://.godot/exported/133200997/export-e40c7e06b5b01d7a82e28013f94b55b7-Zombie_boss_death.res[39m[0m
[  15% ] [90m[1msavepack[22m | 保存文件：res://.godot/exported/133200997/export-a13d4feefef7bca3d85321ae126b6ae3-Zombie_boss_enter.res[39m[0m
[  15% ] [90m[1msavepack[22m | 保存文件：res://.godot/exported/133200997/export-cd9174de7d559c12b157879996790428-Zombie_boss_head_attack_1.res[39m[0m
[  15% ] [90m[1msavepack[22m | 保存文件：res://.godot/exported/133200997/export-c478b0a79458fb21216fc2647bf42a7d-Zombie_boss_head_attack_2.res[39m[0m
[  15% ] [90m[1msavepack[22m | 保存文件：res://.godot/exported/133200997/export-d44a36888793a1e2a43fde8b115bec73-Zombie_boss_head_attack_3.res[39m[0m
[  16% ] [90m[1msavepack[22m | 保存文件：res://.godot/exported/133200997/export-03bc11e042771efe066461eb4fe5edda-Zombie_boss_head_attack_4.res[39m[0m
[  16% ] [90m[1msavepack[22m | 保存文件：res://.godot/exported/133200997/export-53e0617dbf826b2b588dc9f89abeacb6-Zombie_boss_head_attack_5.res[39m[0m
[  16% ] [90m[1msavepack[22m | 保存文件：res://.godot/exported/133200997/export-14ab4d269cde6c9ad00923edfd473c08-Zombie_boss_head_enter.res[39m[0m
[  16% ] [90m[1msavepack[22m | 保存文件：res://.godot/exported/133200997/export-9045b48900b0fab98dba8669dd711042-Zombie_boss_head_idle.res[39m[0m
[  16% ] [90m[1msavepack[22m | 保存文件：res://.godot/exported/133200997/export-f2acc527d4cbffb0878a771935171b75-Zombie_boss_head_leave.res[39m[0m
[  16% ] [90m[1msavepack[22m | 保存文件：res://.godot/exported/133200997/export-d9de08336a470fcf955efdcb7b707f75-Zombie_boss_idle.res[39m[0m
[  16% ] [90m[1msavepack[22m | 保存文件：res://.godot/exported/133200997/export-26ed2bacc9a67f446d2087f161b9312a-Zombie_boss_RV_1.res[39m[0m
[  16% ] [90m[1msavepack[22m | 保存文件：res://.godot/exported/133200997/export-a0c429934d0cf04f07ebd514ca7bb01a-Zombie_boss_spawn_1.res[39m[0m
[  16% ] [90m[1msavepack[22m | 保存文件：res://.godot/exported/133200997/export-17df1c40f7c3deb7a41fce04e2244449-Zombie_boss_spawn_2.res[39m[0m
[  16% ] [90m[1msavepack[22m | 保存文件：res://.godot/exported/133200997/export-bc8d23ae9dd04f27781fe292ff3a3709-Zombie_boss_spawn_3.res[39m[0m
[  16% ] [90m[1msavepack[22m | 保存文件：res://.godot/exported/133200997/export-ce7436a8ba99afe0690cbdc8d02369f3-Zombie_boss_spawn_4.res[39m[0m
[  16% ] [90m[1msavepack[22m | 保存文件：res://.godot/exported/133200997/export-c9b8b968b1170741b12883e603848abd-Zombie_boss_spawn_5.res[39m[0m
[  16% ] [90m[1msavepack[22m | 保存文件：res://.godot/exported/133200997/export-cf6770f6668f9c6b8737ced0aa9cf80c-Zombie_boss_stomp_1.res[39m[0m
[  16% ] [90m[1msavepack[22m | 保存文件：res://.godot/exported/133200997/export-831d2a05a8f1aa55ee51a91258fa6c3f-Zombie_boss_stomp_2.res[39m[0m
[  16% ] [90m[1msavepack[22m | 保存文件：res://.godot/exported/133200997/export-a667d81e584a59b9455b29510e9b312f-Zombie_boss_stomp_3.res[39m[0m
[  16% ] [90m[1msavepack[22m | 保存文件：res://.godot/exported/133200997/export-2cd35a9bbe5a45e66a2f5bcea7c76f52-Zombie_boss_stomp_4.res[39m[0m
[  16% ] [90m[1msavepack[22m | 保存文件：res://.godot/exported/133200997/export-40fac1f7d8c51830ed5703438cbe5e87-CrazyDave_blahblah.res[39m[0m
[  16% ] [90m[1msavepack[22m | 保存文件：res://.godot/exported/133200997/export-359134a079a1a80dc0ff0b06ae366c3e-CrazyDave_blink.res[39m[0m
[  16% ] [90m[1msavepack[22m | 保存文件：res://.godot/exported/133200997/export-01ce7ded06d5823778c3f05466650032-CrazyDave_crazy.res[39m[0m
[  16% ] [90m[1msavepack[22m | 保存文件：res://.godot/exported/133200997/export-9253d1ab9cf1482502eddccb711633a2-CrazyDave_enter.res[39m[0m
[  16% ] [90m[1msavepack[22m | 保存文件：res://.godot/exported/133200997/export-f2227cb1803302892dd7baa869845544-CrazyDave_enterup.res[39m[0m
[  16% ] [90m[1msavepack[22m | 保存文件：res://.godot/exported/133200997/export-82f976c36027a5b9b0de08b1dc141143-CrazyDave_enter_handing.res[39m[0m
[  16% ] [90m[1msavepack[22m | 保存文件：res://.godot/exported/133200997/export-a6dcf924286a417763b12c868a935099-CrazyDave_grab.res[39m[0m
[  16% ] [90m[1msavepack[22m | 保存文件：res://.godot/exported/133200997/export-242751f0d5b2f2c067078c25a4b2fb5b-CrazyDave_idle.res[39m[0m
[  16% ] [90m[1msavepack[22m | 保存文件：res://.godot/exported/133200997/export-9eb4dbe2a55cd0686ffb23a81be1c0a7-CrazyDave_idle_handing.res[39m[0m
[  16% ] [90m[1msavepack[22m | 保存文件：res://.godot/exported/133200997/export-990db438c8f9802868c228cc55e2c581-CrazyDave_leave.res[39m[0m
[  16% ] [90m[1msavepack[22m | 保存文件：res://.godot/exported/133200997/export-6ee34dc565ebbdf7147440a009bb1ff5-CrazyDave_mediumtalk.res[39m[0m
[  16% ] [90m[1msavepack[22m | 保存文件：res://.godot/exported/133200997/export-2f823fbaec1e2d099cf9e94470dc704e-CrazyDave_smalltalk.res[39m[0m
[  16% ] [90m[1msavepack[22m | 保存文件：res://.godot/exported/133200997/export-4390356d30afbc441fc47c23183350d1-CrazyDave_talk_handing.res[39m[0m
[  16% ] [90m[1msavepack[22m | 保存文件：res://.godot/exported/133200997/export-a79351d00e9f5e915ca4241806d35c0d-ZenGarden_sprout_flower.res[39m[0m
[  16% ] [90m[1msavepack[22m | 保存文件：res://.godot/exported/133200997/export-713ceb89340ca6e83319015ede99660b-ZenGarden_sprout_idle.res[39m[0m
[  16% ] [90m[1msavepack[22m | 保存文件：res://.godot/exported/133200997/export-a53514c88badb9af5cdc47e0dfd022cb-ZenGarden_sprout_idle_noflower.res[39m[0m
[  16% ] [90m[1msavepack[22m | 保存文件：res://.godot/exported/133200997/export-adfd68daa498619dfc7db10c5ccc9b5c-ZenGarden_sprout_sprout.res[39m[0m
[  16% ] [90m[1msavepack[22m | 保存文件：res://.godot/exported/133200997/export-2d5a6cccc86c4855df4b5d5e562fea44-Stinky_crawl.res[39m[0m
[  16% ] [90m[1msavepack[22m | 保存文件：res://.godot/exported/133200997/export-046309be3bc6bebb5a55dc1d7a1e00a7-Stinky_idle.res[39m[0m
[  16% ] [90m[1msavepack[22m | 保存文件：res://.godot/exported/133200997/export-f58a3d2826771c0cfa83ed7fe49d6eb2-Stinky_in.res[39m[0m
[  16% ] [90m[1msavepack[22m | 保存文件：res://.godot/exported/133200997/export-57e257c51193940f14894068547c16f7-Stinky_out.res[39m[0m
[  16% ] [90m[1msavepack[22m | 保存文件：res://.godot/exported/133200997/export-6da781fe671be6295edab74a7fbcdbee-Stinky_sleep.res[39m[0m
[  17% ] [90m[1msavepack[22m | 保存文件：res://.godot/exported/133200997/export-b22db8c3e8f50c573bbf7689d3827071-Stinky_turn.res[39m[0m
[  17% ] [90m[1msavepack[22m | 保存文件：res://animation/garden/wateringcan/ZenGarden_BugSpray.res[39m[0m
[  17% ] [90m[1msavepack[22m | 保存文件：res://animation/garden/wateringcan/ZenGarden_Fertilizer.res[39m[0m
[  17% ] [90m[1msavepack[22m | 保存文件：res://.godot/exported/133200997/export-b87b71132d0dc53b0ff9affdf28c3542-ZenGarden_wateringcan_water.res[39m[0m
[  17% ] [90m[1msavepack[22m | 保存文件：res://.godot/exported/133200997/export-1bc9d49c520efa0b6878b007ae054223-ZenGarden_wateringcan_water_area.res[39m[0m
[  17% ] [90m[1msavepack[22m | 保存文件：res://.godot/exported/133200997/export-af0e125854251725517719cccbac3d43-fire_done.res[39m[0m
[  17% ] [90m[1msavepack[22m | 保存文件：res://.godot/exported/133200997/export-e4b671662926dbee423b3b308379f87b-fire_flame.res[39m[0m
[  17% ] [90m[1msavepack[22m | 保存文件：res://.godot/exported/133200997/export-83bf7a9a91c63a6378db3637f9c0c5a3-Hammer_open_pot.res[39m[0m
[  17% ] [90m[1msavepack[22m | 保存文件：res://.godot/exported/133200997/export-f9bc5a90a6440833da40a9c0615af470-Hammer_whack_zombie.res[39m[0m
[  17% ] [90m[1msavepack[22m | 保存文件：res://.godot/exported/133200997/export-62074093ccb0659a12c990d6c689d1da-LawnMower_normal.res[39m[0m
[  17% ] [90m[1msavepack[22m | 保存文件：res://.godot/exported/133200997/export-02860fdefe6d1fa32448f71acde9e43f-LawnMower_tricked.res[39m[0m
[  17% ] [90m[1msavepack[22m | 保存文件：res://.godot/exported/133200997/export-6cd79fb48ebc8f1f0a3b9ce64b819325-PoolCleaner_land.res[39m[0m
[  17% ] [90m[1msavepack[22m | 保存文件：res://.godot/exported/133200997/export-5bc66b12f6751286d94e39781a76026f-PoolCleaner_landsuck.res[39m[0m
[  17% ] [90m[1msavepack[22m | 保存文件：res://.godot/exported/133200997/export-95ec66e1f23e58b68c160ef5495d7a95-PoolCleaner_land_static.res[39m[0m
[  17% ] [90m[1msavepack[22m | 保存文件：res://.godot/exported/133200997/export-b15550d45e4c3df64ad64ada30e893b1-PoolCleaner_suck.res[39m[0m
[  17% ] [90m[1msavepack[22m | 保存文件：res://.godot/exported/133200997/export-499cbf626d0ef836894b9e3a095c2c3c-PoolCleaner_water.res[39m[0m
[  17% ] [90m[1msavepack[22m | 保存文件：res://animation/item/LawnMover/RoofCleaner.res[39m[0m
[  17% ] [90m[1msavepack[22m | 保存文件：res://.godot/exported/133200997/export-50113ec8828f771c4b52dcd12989807e-Zombie_boss.scn[39m[0m
[  17% ] [90m[1msavepack[22m | 保存文件：res://.godot/exported/133200997/export-1ec6dc7a9a03f86e03e4fb4d394d6557-Zombie_boss_bungee_1_enter.res[39m[0m
[  17% ] [90m[1msavepack[22m | 保存文件：res://.godot/exported/133200997/export-440786bd8acc0cc467bc448c368ec9f3-Zombie_boss_bungee_1_leave.res[39m[0m
[  17% ] [90m[1msavepack[22m | 保存文件：res://.godot/exported/133200997/export-d3bc70056a62760de612b14c05184f98-Zombie_boss_death.res[39m[0m
[  17% ] [90m[1msavepack[22m | 保存文件：res://.godot/exported/133200997/export-4ba15405d845d0649a166a36af206986-Zombie_boss_enter.res[39m[0m
[  17% ] [90m[1msavepack[22m | 保存文件：res://.godot/exported/133200997/export-b57a98014b36a2bc750d9512a8352642-Zombie_boss_head_attack_1.res[39m[0m
[  17% ] [90m[1msavepack[22m | 保存文件：res://.godot/exported/133200997/export-eae0b03aa70c3cbafc08544019df308f-Zombie_boss_head_attack_2.res[39m[0m
[  17% ] [90m[1msavepack[22m | 保存文件：res://.godot/exported/133200997/export-ac3b21e49d20f7abbfa8ba0d15fc5219-Zombie_boss_head_attack_3.res[39m[0m
[  17% ] [90m[1msavepack[22m | 保存文件：res://.godot/exported/133200997/export-1259ebb0508aecb1561eba4adff55f15-Zombie_boss_head_attack_4.res[39m[0m
[  17% ] [90m[1msavepack[22m | 保存文件：res://.godot/exported/133200997/export-5de9666fb81499e8d88f8fdcbf2afd00-Zombie_boss_head_attack_5.res[39m[0m
[  17% ] [90m[1msavepack[22m | 保存文件：res://.godot/exported/133200997/export-5b9eee3697cc5cab738070ea104d6ee5-Zombie_boss_head_enter.res[39m[0m
[  17% ] [90m[1msavepack[22m | 保存文件：res://.godot/exported/133200997/export-7a0f103d23ef1dcfab934c4d39a8d4f6-Zombie_boss_head_idle.res[39m[0m
[  17% ] [90m[1msavepack[22m | 保存文件：res://.godot/exported/133200997/export-81ed7e9fc491dae1c12c0619e70f37ad-Zombie_boss_head_leave.res[39m[0m
[  17% ] [90m[1msavepack[22m | 保存文件：res://.godot/exported/133200997/export-c2b791112e70f619a8b1dcbb8ad90b9f-Zombie_boss_idle.res[39m[0m
[  17% ] [90m[1msavepack[22m | 保存文件：res://.godot/exported/133200997/export-7c011e97d293153cfe57f8bf7a0b51d0-Zombie_boss_RV_1.res[39m[0m
[  17% ] [90m[1msavepack[22m | 保存文件：res://.godot/exported/133200997/export-d1d8314bc238949a54ff802462bb86d2-Zombie_boss_spawn_1.res[39m[0m
[  17% ] [90m[1msavepack[22m | 保存文件：res://.godot/exported/133200997/export-74445d4bae64af11bcbfbcc9ab7e2ac0-Zombie_boss_spawn_2.res[39m[0m
[  17% ] [90m[1msavepack[22m | 保存文件：res://.godot/exported/133200997/export-dad9005febe9e9d73d3b6ba8868b9af7-Zombie_boss_spawn_3.res[39m[0m
[  17% ] [90m[1msavepack[22m | 保存文件：res://.godot/exported/133200997/export-f75ac4e758b2d5e9ea92987322509ee8-Zombie_boss_spawn_4.res[39m[0m
[  17% ] [90m[1msavepack[22m | 保存文件：res://.godot/exported/133200997/export-1c63bc212b4b7380935d10c069e3588d-Zombie_boss_spawn_5.res[39m[0m
[  17% ] [90m[1msavepack[22m | 保存文件：res://.godot/exported/133200997/export-49b5cc0adebe0c8ce6bb2101dff78a71-Zombie_boss_stomp_1.res[39m[0m
[  18% ] [90m[1msavepack[22m | 保存文件：res://.godot/exported/133200997/export-649f192b64f78d88471c2954c5a69968-Zombie_boss_stomp_2.res[39m[0m
[  18% ] [90m[1msavepack[22m | 保存文件：res://.godot/exported/133200997/export-c3e2ed2658f9453c139693da7431547a-Zombie_boss_stomp_3.res[39m[0m
[  18% ] [90m[1msavepack[22m | 保存文件：res://.godot/exported/133200997/export-26b65d8cce1bb65bf910c805d830003c-Zombie_boss_stomp_4.res[39m[0m
[  18% ] [90m[1msavepack[22m | 保存文件：res://.godot/imported/boss.mp3-b37c2f8d30ffda876ad4f9477b7dc9d1.mp3str[39m[0m
[  18% ] [90m[1msavepack[22m | 保存文件：res://assets/audio/BGM/boss.mp3.import[39m[0m
[  18% ] [90m[1msavepack[22m | 保存文件：res://.godot/imported/choose_card.mp3-a6124aca226b81d2e49f2ef68c4a5345.mp3str[39m[0m
[  18% ] [90m[1msavepack[22m | 保存文件：res://assets/audio/BGM/choose_card.mp3.import[39m[0m
[  18% ] [90m[1msavepack[22m | 保存文件：res://.godot/imported/fog.mp3-6fca0092eb668f87ece09c21ff870df3.mp3str[39m[0m
[  18% ] [90m[1msavepack[22m | 保存文件：res://assets/audio/BGM/fog.mp3.import[39m[0m
[  18% ] [90m[1msavepack[22m | 保存文件：res://.godot/imported/front_day.mp3-c8de07d0d8f33dc8c8518cdca22dfc98.mp3str[39m[0m
[  18% ] [90m[1msavepack[22m | 保存文件：res://assets/audio/BGM/front_day.mp3.import[39m[0m
[  18% ] [90m[1msavepack[22m | 保存文件：res://.godot/imported/front_night.mp3-536837c3c885f8363a56823f8800ec99.mp3str[39m[0m
[  18% ] [90m[1msavepack[22m | 保存文件：res://assets/audio/BGM/front_night.mp3.import[39m[0m
[  18% ] [90m[1msavepack[22m | 保存文件：res://.godot/imported/garden.mp3-8a46ff72e7e5e6a5affd5148c1d85366.mp3str[39m[0m
[  18% ] [90m[1msavepack[22m | 保存文件：res://assets/audio/BGM/garden.mp3.import[39m[0m
[  18% ] [90m[1msavepack[22m | 保存文件：res://.godot/imported/mini_game.mp3-db7d168101f8ee48d5cd364707029496.mp3str[39m[0m
[  18% ] [90m[1msavepack[22m | 保存文件：res://assets/audio/BGM/mini_game.mp3.import[39m[0m
[  18% ] [90m[1msavepack[22m | 保存文件：res://.godot/imported/pool.mp3-e43c4546ea27fd13a51883ed0bfe6286.mp3str[39m[0m
[  18% ] [90m[1msavepack[22m | 保存文件：res://assets/audio/BGM/pool.mp3.import[39m[0m
[  18% ] [90m[1msavepack[22m | 保存文件：res://.godot/imported/puzzle.mp3-d2a7f4d4b3d758372dc8775b841862b7.mp3str[39m[0m
[  18% ] [90m[1msavepack[22m | 保存文件：res://assets/audio/BGM/puzzle.mp3.import[39m[0m
[  18% ] [90m[1msavepack[22m | 保存文件：res://.godot/imported/roof.mp3-ead16007586597d0daed9214463efac4.mp3str[39m[0m
[  18% ] [90m[1msavepack[22m | 保存文件：res://assets/audio/BGM/roof.mp3.import[39m[0m
[  18% ] [90m[1msavepack[22m | 保存文件：res://.godot/imported/start_menu_bgm.mp3-9826d41b8f85d48c4147460a98dec544.mp3str[39m[0m
[  18% ] [90m[1msavepack[22m | 保存文件：res://assets/audio/BGM/start_menu_bgm.mp3.import[39m[0m
[  18% ] [90m[1msavepack[22m | 保存文件：res://.godot/imported/bowlingimpact2.ogg-345fa54b5adeafc43da0a3fc156a5f67.oggvorbisstr[39m[0m
[  18% ] [90m[1msavepack[22m | 保存文件：res://assets/audio/SFX/bullet/bowlingimpact2.ogg.import[39m[0m
[  18% ] [90m[1msavepack[22m | 保存文件：res://.godot/imported/bowlingimpact.ogg-2a01c6d4fe67ccfb3f908bd4d3a6ac61.oggvorbisstr[39m[0m
[  18% ] [90m[1msavepack[22m | 保存文件：res://assets/audio/SFX/bullet/bowlingimpact.ogg.import[39m[0m
[  18% ] [90m[1msavepack[22m | 保存文件：res://.godot/imported/butter.ogg-61851417ef0cd7b336d4efc35e5f24f0.oggvorbisstr[39m[0m
[  18% ] [90m[1msavepack[22m | 保存文件：res://assets/audio/SFX/bullet/butter.ogg.import[39m[0m
[  18% ] [90m[1msavepack[22m | 保存文件：res://.godot/imported/firepea.ogg-19c309fc2528eba4635fd2795cdc0d46.oggvorbisstr[39m[0m
[  18% ] [90m[1msavepack[22m | 保存文件：res://assets/audio/SFX/bullet/firepea.ogg.import[39m[0m
[  18% ] [90m[1msavepack[22m | 保存文件：res://.godot/imported/kernelpult2.ogg-8bfd581680f6476c5afd857138906f32.oggvorbisstr[39m[0m
[  18% ] [90m[1msavepack[22m | 保存文件：res://assets/audio/SFX/bullet/kernelpult2.ogg.import[39m[0m
[  18% ] [90m[1msavepack[22m | 保存文件：res://.godot/imported/kernelpult.ogg-29a283d5cd28384991a75cf43845dfad.oggvorbisstr[39m[0m
[  18% ] [90m[1msavepack[22m | 保存文件：res://assets/audio/SFX/bullet/kernelpult.ogg.import[39m[0m
[  18% ] [90m[1msavepack[22m | 保存文件：res://.godot/imported/melonimpact2.ogg-bc16fca2cfbade2f1ff819b87fb880b3.oggvorbisstr[39m[0m
[  18% ] [90m[1msavepack[22m | 保存文件：res://assets/audio/SFX/bullet/melonimpact2.ogg.import[39m[0m
[  18% ] [90m[1msavepack[22m | 保存文件：res://.godot/imported/melonimpact.ogg-99d8361b37e6eb3d7ee6844230285a33.oggvorbisstr[39m[0m
[  18% ] [90m[1msavepack[22m | 保存文件：res://assets/audio/SFX/bullet/melonimpact.ogg.import[39m[0m
[  18% ] [90m[1msavepack[22m | 保存文件：res://.godot/imported/plastichit2.ogg-63cfd01ac29575360eb306fe8777ed2b.oggvorbisstr[39m[0m
[  18% ] [90m[1msavepack[22m | 保存文件：res://assets/audio/SFX/bullet/plastichit2.ogg.import[39m[0m
[  18% ] [90m[1msavepack[22m | 保存文件：res://.godot/imported/plastichit.ogg-859651398ecd36089cddc6a25972902c.oggvorbisstr[39m[0m
[  18% ] [90m[1msavepack[22m | 保存文件：res://assets/audio/SFX/bullet/plastichit.ogg.import[39m[0m
[  18% ] [90m[1msavepack[22m | 保存文件：res://.godot/imported/shieldhit1.ogg-5b3146e6751e05f74a0deff4164a142e.oggvorbisstr[39m[0m
[  18% ] [90m[1msavepack[22m | 保存文件：res://assets/audio/SFX/bullet/shieldhit1.ogg.import[39m[0m
[  18% ] [90m[1msavepack[22m | 保存文件：res://.godot/imported/shieldhit2.ogg-a88a1d428cb2f15b808c1120e23e319a.oggvorbisstr[39m[0m
[  18% ] [90m[1msavepack[22m | 保存文件：res://assets/audio/SFX/bullet/shieldhit2.ogg.import[39m[0m
[  18% ] [90m[1msavepack[22m | 保存文件：res://.godot/imported/splat1.ogg-3349263775299c3314fc0e2a4db2345f.oggvorbisstr[39m[0m
[  18% ] [90m[1msavepack[22m | 保存文件：res://assets/audio/SFX/bullet/splat1.ogg.import[39m[0m
[  18% ] [90m[1msavepack[22m | 保存文件：res://.godot/imported/splat2.ogg-f2c29226f21549ac4cb1ebf93e14bb56.oggvorbisstr[39m[0m
[  18% ] [90m[1msavepack[22m | 保存文件：res://assets/audio/SFX/bullet/splat2.ogg.import[39m[0m
[  18% ] [90m[1msavepack[22m | 保存文件：res://.godot/imported/splat3.ogg-26bb5a84109ec473e8995a0459b5f85c.oggvorbisstr[39m[0m
[  18% ] [90m[1msavepack[22m | 保存文件：res://assets/audio/SFX/bullet/splat3.ogg.import[39m[0m
[  18% ] [90m[1msavepack[22m | 保存文件：res://.godot/imported/bleep.ogg-b889651f3ab4f98e62f4cf98b3453c5c.oggvorbisstr[39m[0m
[  18% ] [90m[1msavepack[22m | 保存文件：res://assets/audio/SFX/button/bleep.ogg.import[39m[0m
[  18% ] [90m[1msavepack[22m | 保存文件：res://.godot/imported/buttonclick.ogg-902c2b234d01601ecb15e6bc86e11483.oggvorbisstr[39m[0m
[  18% ] [90m[1msavepack[22m | 保存文件：res://assets/audio/SFX/button/buttonclick.ogg.import[39m[0m
[  18% ] [90m[1msavepack[22m | 保存文件：res://.godot/imported/gravebutton.ogg-906268430d3b4ddd60c0142b2e6645a1.oggvorbisstr[39m[0m
[  18% ] [90m[1msavepack[22m | 保存文件：res://assets/audio/SFX/button/gravebutton.ogg.import[39m[0m
[  18% ] [90m[1msavepack[22m | 保存文件：res://.godot/imported/pause.ogg-04059c72a5f453b8ba85865a796f8f37.oggvorbisstr[39m[0m
[  18% ] [90m[1msavepack[22m | 保存文件：res://assets/audio/SFX/button/pause.ogg.import[39m[0m
[  18% ] [90m[1msavepack[22m | 保存文件：res://.godot/imported/points.ogg-3cc650afb096d56a0ea435ce24a10a43.oggvorbisstr[39m[0m
[  18% ] [90m[1msavepack[22m | 保存文件：res://assets/audio/SFX/button/points.ogg.import[39m[0m
[  18% ] [90m[1msavepack[22m | 保存文件：res://.godot/imported/tap.ogg-4e1ce751638bf4fbbea8f4f55ff7482f.oggvorbisstr[39m[0m
[  18% ] [90m[1msavepack[22m | 保存文件：res://assets/audio/SFX/button/tap.ogg.import[39m[0m
[  18% ] [90m[1msavepack[22m | 保存文件：res://.godot/imported/buzzer.ogg-d68264f55c3485a075c404fa06288084.oggvorbisstr[39m[0m
[  18% ] [90m[1msavepack[22m | 保存文件：res://assets/audio/SFX/card_and_shovel/buzzer.ogg.import[39m[0m
[  18% ] [90m[1msavepack[22m | 保存文件：res://.godot/imported/seedlift.ogg-08aa8446741775c2a96db8f18f6be82b.oggvorbisstr[39m[0m
[  18% ] [90m[1msavepack[22m | 保存文件：res://assets/audio/SFX/card_and_shovel/seedlift.ogg.import[39m[0m
[  19% ] [90m[1msavepack[22m | 保存文件：res://.godot/imported/shovel.ogg-0c10cf767a52cebe0d3f9280bda1aa53.oggvorbisstr[39m[0m
[  19% ] [90m[1msavepack[22m | 保存文件：res://assets/audio/SFX/card_and_shovel/shovel.ogg.import[39m[0m
[  19% ] [90m[1msavepack[22m | 保存文件：res://.godot/imported/tap2.ogg-35402729316b5ff6396803fceb485389.oggvorbisstr[39m[0m
[  19% ] [90m[1msavepack[22m | 保存文件：res://assets/audio/SFX/card_and_shovel/tap2.ogg.import[39m[0m
[  19% ] [90m[1msavepack[22m | 保存文件：res://.godot/imported/crazydavecrazy.ogg-41ccfce5e4c717e06f30944aa6fbc943.oggvorbisstr[39m[0m
[  19% ] [90m[1msavepack[22m | 保存文件：res://assets/audio/SFX/carzy/crazydavecrazy.ogg.import[39m[0m
[  19% ] [90m[1msavepack[22m | 保存文件：res://.godot/imported/crazydaveextralong1.ogg-474b93c971016023e0dc883d36cb551d.oggvorbisstr[39m[0m
[  19% ] [90m[1msavepack[22m | 保存文件：res://assets/audio/SFX/carzy/crazydaveextralong1.ogg.import[39m[0m
[  19% ] [90m[1msavepack[22m | 保存文件：res://.godot/imported/crazydaveextralong2.ogg-254c2f92a7c06be73b3084e34ced51e5.oggvorbisstr[39m[0m
[  19% ] [90m[1msavepack[22m | 保存文件：res://assets/audio/SFX/carzy/crazydaveextralong2.ogg.import[39m[0m
[  19% ] [90m[1msavepack[22m | 保存文件：res://.godot/imported/crazydaveextralong3.ogg-7b0156b94eef7aaef726b5981fa4c8fc.oggvorbisstr[39m[0m
[  19% ] [90m[1msavepack[22m | 保存文件：res://assets/audio/SFX/carzy/crazydaveextralong3.ogg.import[39m[0m
[  19% ] [90m[1msavepack[22m | 保存文件：res://.godot/imported/crazydavelong1.ogg-8b25036d5d7b21114d985c5dba17b55a.oggvorbisstr[39m[0m
[  19% ] [90m[1msavepack[22m | 保存文件：res://assets/audio/SFX/carzy/crazydavelong1.ogg.import[39m[0m
[  19% ] [90m[1msavepack[22m | 保存文件：res://.godot/imported/crazydavelong2.ogg-fb6e8827e9ff3714f54718804d38eec9.oggvorbisstr[39m[0m
[  19% ] [90m[1msavepack[22m | 保存文件：res://assets/audio/SFX/carzy/crazydavelong2.ogg.import[39m[0m
[  19% ] [90m[1msavepack[22m | 保存文件：res://.godot/imported/crazydavelong3.ogg-2e11247f9473ab16714bfb4dae09788d.oggvorbisstr[39m[0m
[  19% ] [90m[1msavepack[22m | 保存文件：res://assets/audio/SFX/carzy/crazydavelong3.ogg.import[39m[0m
[  19% ] [90m[1msavepack[22m | 保存文件：res://.godot/imported/crazydavescream2.ogg-97e6a25b2966eabfe2528d8dfe3813cc.oggvorbisstr[39m[0m
[  19% ] [90m[1msavepack[22m | 保存文件：res://assets/audio/SFX/carzy/crazydavescream2.ogg.import[39m[0m
[  19% ] [90m[1msavepack[22m | 保存文件：res://.godot/imported/crazydavescream.ogg-82eb054b804235d3b0edfa6c67d69732.oggvorbisstr[39m[0m
[  19% ] [90m[1msavepack[22m | 保存文件：res://assets/audio/SFX/carzy/crazydavescream.ogg.import[39m[0m
[  19% ] [90m[1msavepack[22m | 保存文件：res://.godot/imported/crazydaveshort1.ogg-b98b9bea62c1ac3d4d31edf6e6a79445.oggvorbisstr[39m[0m
[  19% ] [90m[1msavepack[22m | 保存文件：res://assets/audio/SFX/carzy/crazydaveshort1.ogg.import[39m[0m
[  19% ] [90m[1msavepack[22m | 保存文件：res://.godot/imported/crazydaveshort2.ogg-51b9852d511d7fa42d442f52c7a5c8f8.oggvorbisstr[39m[0m
[  19% ] [90m[1msavepack[22m | 保存文件：res://assets/audio/SFX/carzy/crazydaveshort2.ogg.import[39m[0m
[  19% ] [90m[1msavepack[22m | 保存文件：res://.godot/imported/crazydaveshort3.ogg-5e34a5965631a41f67bdbe9f43a1e5af.oggvorbisstr[39m[0m
[  19% ] [90m[1msavepack[22m | 保存文件：res://assets/audio/SFX/carzy/crazydaveshort3.ogg.import[39m[0m
[  19% ] [90m[1msavepack[22m | 保存文件：res://.godot/imported/bugspray.ogg-2569d60e30ebc326a4da5085f900c24b.oggvorbisstr[39m[0m
[  19% ] [90m[1msavepack[22m | 保存文件：res://assets/audio/SFX/garden/bugspray.ogg.import[39m[0m
[  19% ] [90m[1msavepack[22m | 保存文件：res://.godot/imported/fertilizer.ogg-1f2e0cf956eb29ac82fe61f854c17968.oggvorbisstr[39m[0m
[  19% ] [90m[1msavepack[22m | 保存文件：res://assets/audio/SFX/garden/fertilizer.ogg.import[39m[0m
[  19% ] [90m[1msavepack[22m | 保存文件：res://.godot/imported/phonograph.ogg-0a1b98d20acbe7b964ad41b6f6567858.oggvorbisstr[39m[0m
[  19% ] [90m[1msavepack[22m | 保存文件：res://assets/audio/SFX/garden/phonograph.ogg.import[39m[0m
[  19% ] [90m[1msavepack[22m | 保存文件：res://.godot/imported/prize.ogg-22dd241f08ee97b0c45a038dc018ac01.oggvorbisstr[39m[0m
[  19% ] [90m[1msavepack[22m | 保存文件：res://assets/audio/SFX/garden/prize.ogg.import[39m[0m
[  19% ] [90m[1msavepack[22m | 保存文件：res://.godot/imported/wakeup.ogg-7d97c6812259d4f8bf7ae4f2cd581d56.oggvorbisstr[39m[0m
[  19% ] [90m[1msavepack[22m | 保存文件：res://assets/audio/SFX/garden/wakeup.ogg.import[39m[0m
[  19% ] [90m[1msavepack[22m | 保存文件：res://.godot/imported/watering.ogg-88ead7cc12f9a1dda9312d1bb92ae74c.oggvorbisstr[39m[0m
[  19% ] [90m[1msavepack[22m | 保存文件：res://assets/audio/SFX/garden/watering.ogg.import[39m[0m
[  19% ] [90m[1msavepack[22m | 保存文件：res://.godot/imported/bonk.ogg-020328d54e33d7c0f195bb2b6f501908.oggvorbisstr[39m[0m
[  19% ] [90m[1msavepack[22m | 保存文件：res://assets/audio/SFX/item/bonk.ogg.import[39m[0m
[  19% ] [90m[1msavepack[22m | 保存文件：res://.godot/imported/chime.ogg-fb3e56a228923324ec7ec676656efdcf.oggvorbisstr[39m[0m
[  19% ] [90m[1msavepack[22m | 保存文件：res://assets/audio/SFX/item/chime.ogg.import[39m[0m
[  19% ] [90m[1msavepack[22m | 保存文件：res://.godot/imported/coin.ogg-68b8901ab5f20fb7ba6ba641bd31e9b3.oggvorbisstr[39m[0m
[  19% ] [90m[1msavepack[22m | 保存文件：res://assets/audio/SFX/item/coin.ogg.import[39m[0m
[  19% ] [90m[1msavepack[22m | 保存文件：res://.godot/imported/lawnmower.ogg-2751cd600df45da6a3447cd19a2ca4bf.oggvorbisstr[39m[0m
[  19% ] [90m[1msavepack[22m | 保存文件：res://assets/audio/SFX/item/lawnmower.ogg.import[39m[0m
[  19% ] [90m[1msavepack[22m | 保存文件：res://.godot/imported/pool_cleaner.ogg-ae7b3b77a14f3aabc45fe1e49db16ab8.oggvorbisstr[39m[0m
[  19% ] [90m[1msavepack[22m | 保存文件：res://assets/audio/SFX/item/pool_cleaner.ogg.import[39m[0m
[  19% ] [90m[1msavepack[22m | 保存文件：res://.godot/imported/rain.ogg-c3239bc3134d870bee9d05134af977aa.oggvorbisstr[39m[0m
[  19% ] [90m[1msavepack[22m | 保存文件：res://assets/audio/SFX/item/rain.ogg.import[39m[0m
[  19% ] [90m[1msavepack[22m | 保存文件：res://.godot/imported/swing.ogg-9a99e326846b2645d899f1ed2e5ae860.oggvorbisstr[39m[0m
[  19% ] [90m[1msavepack[22m | 保存文件：res://assets/audio/SFX/item/swing.ogg.import[39m[0m
[  19% ] [90m[1msavepack[22m | 保存文件：res://.godot/imported/vase_breaking.ogg-d93460af04e67449b1ea738722db5a47.oggvorbisstr[39m[0m
[  19% ] [90m[1msavepack[22m | 保存文件：res://assets/audio/SFX/item/vase_breaking.ogg.import[39m[0m
[  19% ] [90m[1msavepack[22m | 保存文件：res://.godot/imported/bigchomp.ogg-d7b2269e9c15530aa5287afd034073a6.oggvorbisstr[39m[0m
[  19% ] [90m[1msavepack[22m | 保存文件：res://assets/audio/SFX/plant/bigchomp.ogg.import[39m[0m
[  19% ] [90m[1msavepack[22m | 保存文件：res://.godot/imported/blover.ogg-2dc0b83c6fa742d17a625a6c0a6c4277.oggvorbisstr[39m[0m
[  19% ] [90m[1msavepack[22m | 保存文件：res://assets/audio/SFX/plant/blover.ogg.import[39m[0m
[  19% ] [90m[1msavepack[22m | 保存文件：res://.godot/imported/bowling.ogg-7d39f6c33534e7971c7e6372e6daf894.oggvorbisstr[39m[0m
[  19% ] [90m[1msavepack[22m | 保存文件：res://assets/audio/SFX/plant/bowling.ogg.import[39m[0m
[  19% ] [90m[1msavepack[22m | 保存文件：res://.godot/imported/cherrybomb.ogg-27985e4a77f9b9a9d476e6f40d57bfd6.oggvorbisstr[39m[0m
[  19% ] [90m[1msavepack[22m | 保存文件：res://assets/audio/SFX/plant/cherrybomb.ogg.import[39m[0m
[  19% ] [90m[1msavepack[22m | 保存文件：res://.godot/imported/coblaunch.ogg-31be1f024689a28d4e0ecf7546508b8e.oggvorbisstr[39m[0m
[  19% ] [90m[1msavepack[22m | 保存文件：res://assets/audio/SFX/plant/coblaunch.ogg.import[39m[0m
[  19% ] [90m[1msavepack[22m | 保存文件：res://.godot/imported/doomshroom.ogg-c00ffc7dcb88a7b3f0f3e41fd90e1ab6.oggvorbisstr[39m[0m
[  19% ] [90m[1msavepack[22m | 保存文件：res://assets/audio/SFX/plant/doomshroom.ogg.import[39m[0m
[  19% ] [90m[1msavepack[22m | 保存文件：res://.godot/imported/frozen.ogg-a3f82ce543cbc1bd1c53cc8f49f4ff59.oggvorbisstr[39m[0m
[  19% ] [90m[1msavepack[22m | 保存文件：res://assets/audio/SFX/plant/frozen.ogg.import[39m[0m
[  19% ] [90m[1msavepack[22m | 保存文件：res://.godot/imported/fume.ogg-9102ed51a4f22245f5dfbcca1e6173f9.oggvorbisstr[39m[0m
[  19% ] [90m[1msavepack[22m | 保存文件：res://assets/audio/SFX/plant/fume.ogg.import[39m[0m
[  19% ] [90m[1msavepack[22m | 保存文件：res://.godot/imported/gravebusterchomp.ogg-838e8a6daa89e1e9750e95e6090b0b43.oggvorbisstr[39m[0m
[  19% ] [90m[1msavepack[22m | 保存文件：res://assets/audio/SFX/plant/gravebusterchomp.ogg.import[39m[0m
[  19% ] [90m[1msavepack[22m | 保存文件：res://.godot/imported/jalapeno.ogg-42c4aaa7a513519860e1cb255b5d2b10.oggvorbisstr[39m[0m
[  19% ] [90m[1msavepack[22m | 保存文件：res://assets/audio/SFX/plant/jalapeno.ogg.import[39m[0m
[  20% ] [90m[1msavepack[22m | 保存文件：res://.godot/imported/magnetshroom.ogg-819187002609213f16d5ebafaa97f3ad.oggvorbisstr[39m[0m
[  20% ] [90m[1msavepack[22m | 保存文件：res://assets/audio/SFX/plant/magnetshroom.ogg.import[39m[0m
[  20% ] [90m[1msavepack[22m | 保存文件：res://.godot/imported/mindcontrolled.ogg-7e5e44740a1d2ddc2215916f6797cfe5.oggvorbisstr[39m[0m
[  20% ] [90m[1msavepack[22m | 保存文件：res://assets/audio/SFX/plant/mindcontrolled.ogg.import[39m[0m
[  20% ] [90m[1msavepack[22m | 保存文件：res://.godot/imported/plantgrow.ogg-5baf4aefdedd02dc422c20f3e575f546.oggvorbisstr[39m[0m
[  20% ] [90m[1msavepack[22m | 保存文件：res://assets/audio/SFX/plant/plantgrow.ogg.import[39m[0m
[  20% ] [90m[1msavepack[22m | 保存文件：res://.godot/imported/potato_mine.ogg-4b12ab58ec6a33216e0f0f0b1e25f625.oggvorbisstr[39m[0m
[  20% ] [90m[1msavepack[22m | 保存文件：res://assets/audio/SFX/plant/potato_mine.ogg.import[39m[0m
[  20% ] [90m[1msavepack[22m | 保存文件：res://.godot/imported/puff.ogg-b88f4925fa5270285c42925340fc449a.oggvorbisstr[39m[0m
[  20% ] [90m[1msavepack[22m | 保存文件：res://assets/audio/SFX/plant/puff.ogg.import[39m[0m
[  20% ] [90m[1msavepack[22m | 保存文件：res://.godot/imported/squash_hmm2.ogg-9a560d6cb4f042dd7fab426420a7df95.oggvorbisstr[39m[0m
[  20% ] [90m[1msavepack[22m | 保存文件：res://assets/audio/SFX/plant/squash_hmm2.ogg.import[39m[0m
[  20% ] [90m[1msavepack[22m | 保存文件：res://.godot/imported/squash_hmm.ogg-18367bc4959a71f1881c252fc27ed79c.oggvorbisstr[39m[0m
[  20% ] [90m[1msavepack[22m | 保存文件：res://assets/audio/SFX/plant/squash_hmm.ogg.import[39m[0m
[  20% ] [90m[1msavepack[22m | 保存文件：res://.godot/imported/throw1.ogg-ab2ba631ab8876c291a5a78851017c1a.oggvorbisstr[39m[0m
[  20% ] [90m[1msavepack[22m | 保存文件：res://assets/audio/SFX/plant/throw1.ogg.import[39m[0m
[  20% ] [90m[1msavepack[22m | 保存文件：res://.godot/imported/throw2.ogg-2f009f062d02f8a1dd4cfd50afe1d2fe.oggvorbisstr[39m[0m
[  20% ] [90m[1msavepack[22m | 保存文件：res://assets/audio/SFX/plant/throw2.ogg.import[39m[0m
[  20% ] [90m[1msavepack[22m | 保存文件：res://.godot/imported/plant2.ogg-ebff52be05d31d0762594d27932aa06a.oggvorbisstr[39m[0m
[  20% ] [90m[1msavepack[22m | 保存文件：res://assets/audio/SFX/plant_create/plant2.ogg.import[39m[0m
[  20% ] [90m[1msavepack[22m | 保存文件：res://.godot/imported/plant.ogg-f20cd09705247c02fd3e68b9ce152420.oggvorbisstr[39m[0m
[  20% ] [90m[1msavepack[22m | 保存文件：res://assets/audio/SFX/plant_create/plant.ogg.import[39m[0m
[  20% ] [90m[1msavepack[22m | 保存文件：res://.godot/imported/plantgrow.ogg-ad703f906e8472be60517c5b2336237a.oggvorbisstr[39m[0m
[  20% ] [90m[1msavepack[22m | 保存文件：res://assets/audio/SFX/plant_create/plantgrow.ogg.import[39m[0m
[  20% ] [90m[1msavepack[22m | 保存文件：res://.godot/imported/plant_water.ogg-d08f6c0fe8af2e060ff833aa18d38cd1.oggvorbisstr[39m[0m
[  20% ] [90m[1msavepack[22m | 保存文件：res://assets/audio/SFX/plant_create/plant_water.ogg.import[39m[0m
[  20% ] [90m[1msavepack[22m | 保存文件：res://.godot/imported/awooga.ogg-b0c19474c7fffb16a85b087ecfd43848.oggvorbisstr[39m[0m
[  20% ] [90m[1msavepack[22m | 保存文件：res://assets/audio/SFX/progress/awooga.ogg.import[39m[0m
[  20% ] [90m[1msavepack[22m | 保存文件：res://.godot/imported/finalwave.ogg-e9d020302e1a03029d85b359ed4134bf.oggvorbisstr[39m[0m
[  20% ] [90m[1msavepack[22m | 保存文件：res://assets/audio/SFX/progress/finalwave.ogg.import[39m[0m
[  20% ] [90m[1msavepack[22m | 保存文件：res://.godot/imported/hugewave.ogg-173fd589cbe9426d21a663e29d8464d4.oggvorbisstr[39m[0m
[  20% ] [90m[1msavepack[22m | 保存文件：res://assets/audio/SFX/progress/hugewave.ogg.import[39m[0m
[  20% ] [90m[1msavepack[22m | 保存文件：res://.godot/imported/losemusic.ogg-acdbfcb15c6138a08a90e0a47843b037.oggvorbisstr[39m[0m
[  20% ] [90m[1msavepack[22m | 保存文件：res://assets/audio/SFX/progress/losemusic.ogg.import[39m[0m
[  20% ] [90m[1msavepack[22m | 保存文件：res://.godot/imported/readysetplant.ogg-8e5cd9b17b2510121627db35250f72b7.oggvorbisstr[39m[0m
[  20% ] [90m[1msavepack[22m | 保存文件：res://assets/audio/SFX/progress/readysetplant.ogg.import[39m[0m
[  20% ] [90m[1msavepack[22m | 保存文件：res://.godot/imported/scream.ogg-3bc788a9df761486db26365635cd5371.oggvorbisstr[39m[0m
[  20% ] [90m[1msavepack[22m | 保存文件：res://assets/audio/SFX/progress/scream.ogg.import[39m[0m
[  20% ] [90m[1msavepack[22m | 保存文件：res://.godot/imported/siren.ogg-b76ea824efca6da6cd23eb8239fecb11.oggvorbisstr[39m[0m
[  20% ] [90m[1msavepack[22m | 保存文件：res://assets/audio/SFX/progress/siren.ogg.import[39m[0m
[  20% ] [90m[1msavepack[22m | 保存文件：res://.godot/imported/winmusic.ogg-e9f33d1cf9d701d680a8a7fdba3196fa.oggvorbisstr[39m[0m
[  20% ] [90m[1msavepack[22m | 保存文件：res://assets/audio/SFX/progress/winmusic.ogg.import[39m[0m
[  20% ] [90m[1msavepack[22m | 保存文件：res://.godot/imported/groan2.ogg-68fd46366c92fb6b1fb81bf26a735a1f.oggvorbisstr[39m[0m
[  20% ] [90m[1msavepack[22m | 保存文件：res://assets/audio/SFX/zombie/groan/groan2.ogg.import[39m[0m
[  20% ] [90m[1msavepack[22m | 保存文件：res://.godot/imported/groan3.ogg-10f9d095f9cbec3a91c4f1f894ac492b.oggvorbisstr[39m[0m
[  20% ] [90m[1msavepack[22m | 保存文件：res://assets/audio/SFX/zombie/groan/groan3.ogg.import[39m[0m
[  20% ] [90m[1msavepack[22m | 保存文件：res://.godot/imported/groan4.ogg-380e90d479c094cacb0aa6735bfe478c.oggvorbisstr[39m[0m
[  20% ] [90m[1msavepack[22m | 保存文件：res://assets/audio/SFX/zombie/groan/groan4.ogg.import[39m[0m
[  20% ] [90m[1msavepack[22m | 保存文件：res://.godot/imported/groan5.ogg-b0192bc6aac1545722ce45eb6e087d47.oggvorbisstr[39m[0m
[  20% ] [90m[1msavepack[22m | 保存文件：res://assets/audio/SFX/zombie/groan/groan5.ogg.import[39m[0m
[  20% ] [90m[1msavepack[22m | 保存文件：res://.godot/imported/groan6.ogg-f35bba4ce9321cc080ceb160bb64550d.oggvorbisstr[39m[0m
[  20% ] [90m[1msavepack[22m | 保存文件：res://assets/audio/SFX/zombie/groan/groan6.ogg.import[39m[0m
[  20% ] [90m[1msavepack[22m | 保存文件：res://.godot/imported/groan.ogg-13fc6b0fbe085c5f8a85d129c7e307e1.oggvorbisstr[39m[0m
[  20% ] [90m[1msavepack[22m | 保存文件：res://assets/audio/SFX/zombie/groan/groan.ogg.import[39m[0m
[  20% ] [90m[1msavepack[22m | 保存文件：res://.godot/imported/ballooninflate.ogg-b80b868b79abe8644430d191c2aa5609.oggvorbisstr[39m[0m
[  20% ] [90m[1msavepack[22m | 保存文件：res://assets/audio/SFX/zombie/ballooninflate.ogg.import[39m[0m
[  20% ] [90m[1msavepack[22m | 保存文件：res://.godot/imported/balloon_pop.ogg-1f9d49b939173472a12f68d19633f9b6.oggvorbisstr[39m[0m
[  20% ] [90m[1msavepack[22m | 保存文件：res://assets/audio/SFX/zombie/balloon_pop.ogg.import[39m[0m
[  20% ] [90m[1msavepack[22m | 保存文件：res://.godot/imported/basketball.ogg-29a7ca7373fd600b510f43b4be83a925.oggvorbisstr[39m[0m
[  20% ] [90m[1msavepack[22m | 保存文件：res://assets/audio/SFX/zombie/basketball.ogg.import[39m[0m
[  20% ] [90m[1msavepack[22m | 保存文件：res://.godot/imported/bigchomp.ogg-f8f1cf0f2330a0faa1ae5f81b7162f8b.oggvorbisstr[39m[0m
[  20% ] [90m[1msavepack[22m | 保存文件：res://assets/audio/SFX/zombie/bigchomp.ogg.import[39m[0m
[  20% ] [90m[1msavepack[22m | 保存文件：res://.godot/imported/boing.ogg-ad5d27765630b8b633a1073158d20fe0.oggvorbisstr[39m[0m
[  20% ] [90m[1msavepack[22m | 保存文件：res://assets/audio/SFX/zombie/boing.ogg.import[39m[0m
[  20% ] [90m[1msavepack[22m | 保存文件：res://.godot/imported/bungee_scream2.ogg-2b0e8b1d8d5f10bca67de29e99aee12a.oggvorbisstr[39m[0m
[  20% ] [90m[1msavepack[22m | 保存文件：res://assets/audio/SFX/zombie/bungee_scream2.ogg.import[39m[0m
[  20% ] [90m[1msavepack[22m | 保存文件：res://.godot/imported/bungee_scream3.ogg-f6e0108e392008a0915f12a9995fab13.oggvorbisstr[39m[0m
[  20% ] [90m[1msavepack[22m | 保存文件：res://assets/audio/SFX/zombie/bungee_scream3.ogg.import[39m[0m
[  20% ] [90m[1msavepack[22m | 保存文件：res://.godot/imported/bungee_scream.ogg-907c7018d795a96f19ac84d55bb87f68.oggvorbisstr[39m[0m
[  20% ] [90m[1msavepack[22m | 保存文件：res://assets/audio/SFX/zombie/bungee_scream.ogg.import[39m[0m
[  20% ] [90m[1msavepack[22m | 保存文件：res://.godot/imported/chomp2.ogg-b71ab03c22887e0751aca4a4b7af5256.oggvorbisstr[39m[0m
[  20% ] [90m[1msavepack[22m | 保存文件：res://assets/audio/SFX/zombie/chomp2.ogg.import[39m[0m
[  20% ] [90m[1msavepack[22m | 保存文件：res://.godot/imported/chomp.ogg-1b783c0f9f53b0fc0b25ec1983e3cf9a.oggvorbisstr[39m[0m
[  20% ] [90m[1msavepack[22m | 保存文件：res://assets/audio/SFX/zombie/chomp.ogg.import[39m[0m
[  20% ] [90m[1msavepack[22m | 保存文件：res://.godot/imported/chompsoft.ogg-d49184007552fca2debd82b9985825a4.oggvorbisstr[39m[0m
[  20% ] [90m[1msavepack[22m | 保存文件：res://assets/audio/SFX/zombie/chompsoft.ogg.import[39m[0m
[  21% ] [90m[1msavepack[22m | 保存文件：res://.godot/imported/dancer.ogg-14eb01112f47ddecede84c88a0c9db77.oggvorbisstr[39m[0m
[  21% ] [90m[1msavepack[22m | 保存文件：res://assets/audio/SFX/zombie/dancer.ogg.import[39m[0m
[  21% ] [90m[1msavepack[22m | 保存文件：res://.godot/imported/digger_zombie.ogg-dc3ff8f33fdee4db9202392fc1529825.oggvorbisstr[39m[0m
[  21% ] [90m[1msavepack[22m | 保存文件：res://assets/audio/SFX/zombie/digger_zombie.ogg.import[39m[0m
[  21% ] [90m[1msavepack[22m | 保存文件：res://.godot/imported/dirt_rise.ogg-1eff05054bfbb9797ace9930d0b8bfd3.oggvorbisstr[39m[0m
[  21% ] [90m[1msavepack[22m | 保存文件：res://assets/audio/SFX/zombie/dirt_rise.ogg.import[39m[0m
[  21% ] [90m[1msavepack[22m | 保存文件：res://.godot/imported/dolphin_appears.ogg-0ea5d8fb3c4c81f9fc40597e69ff15a8.oggvorbisstr[39m[0m
[  21% ] [90m[1msavepack[22m | 保存文件：res://assets/audio/SFX/zombie/dolphin_appears.ogg.import[39m[0m
[  21% ] [90m[1msavepack[22m | 保存文件：res://.godot/imported/dolphin_before_jumping.ogg-fdd75338e277ff13f37f9fb5af9f9d49.oggvorbisstr[39m[0m
[  21% ] [90m[1msavepack[22m | 保存文件：res://assets/audio/SFX/zombie/dolphin_before_jumping.ogg.import[39m[0m
[  21% ] [90m[1msavepack[22m | 保存文件：res://.godot/imported/explosion.ogg-7e27ed93939898094819e0c52d44ab46.oggvorbisstr[39m[0m
[  21% ] [90m[1msavepack[22m | 保存文件：res://assets/audio/SFX/zombie/explosion.ogg.import[39m[0m
[  21% ] [90m[1msavepack[22m | 保存文件：res://.godot/imported/gargantuar_thump.ogg-b522160cf5d3a2b597a8d1a78e7a2ca1.oggvorbisstr[39m[0m
[  21% ] [90m[1msavepack[22m | 保存文件：res://assets/audio/SFX/zombie/gargantuar_thump.ogg.import[39m[0m
[  21% ] [90m[1msavepack[22m | 保存文件：res://.godot/imported/gargantudeath.ogg-83f7678b1a20c0ed94e16727b8edfb4d.oggvorbisstr[39m[0m
[  21% ] [90m[1msavepack[22m | 保存文件：res://assets/audio/SFX/zombie/gargantudeath.ogg.import[39m[0m
[  21% ] [90m[1msavepack[22m | 保存文件：res://.godot/imported/gravestone_rumble.ogg-6852ead57579f66388f29bbee15618d7.oggvorbisstr[39m[0m
[  21% ] [90m[1msavepack[22m | 保存文件：res://assets/audio/SFX/zombie/gravestone_rumble.ogg.import[39m[0m
[  21% ] [90m[1msavepack[22m | 保存文件：res://.godot/imported/imp2.ogg-95de2352cd3178fe2cdb907e6aaafa58.oggvorbisstr[39m[0m
[  21% ] [90m[1msavepack[22m | 保存文件：res://assets/audio/SFX/zombie/imp2.ogg.import[39m[0m
[  21% ] [90m[1msavepack[22m | 保存文件：res://.godot/imported/imp.ogg-2adb77623b54331d148bb5474d04b2dd.oggvorbisstr[39m[0m
[  21% ] [90m[1msavepack[22m | 保存文件：res://assets/audio/SFX/zombie/imp.ogg.import[39m[0m
[  21% ] [90m[1msavepack[22m | 保存文件：res://.godot/imported/jackinthebox.ogg-7851f38f9b8cd58ddd23451542c87e83.oggvorbisstr[39m[0m
[  21% ] [90m[1msavepack[22m | 保存文件：res://assets/audio/SFX/zombie/jackinthebox.ogg.import[39m[0m
[  21% ] [90m[1msavepack[22m | 保存文件：res://.godot/imported/jack_surprise2.ogg-87d2948205d7d0fd8995b7e9ef02c87d.oggvorbisstr[39m[0m
[  21% ] [90m[1msavepack[22m | 保存文件：res://assets/audio/SFX/zombie/jack_surprise2.ogg.import[39m[0m
[  21% ] [90m[1msavepack[22m | 保存文件：res://.godot/imported/jack_surprise.ogg-4c4f222a691702ca994d4aa6ac689b42.oggvorbisstr[39m[0m
[  21% ] [90m[1msavepack[22m | 保存文件：res://assets/audio/SFX/zombie/jack_surprise.ogg.import[39m[0m
[  21% ] [90m[1msavepack[22m | 保存文件：res://.godot/imported/ladder_zombie.ogg-ebed453ba7f70bcd5a9cabc122e2fcaf.oggvorbisstr[39m[0m
[  21% ] [90m[1msavepack[22m | 保存文件：res://assets/audio/SFX/zombie/ladder_zombie.ogg.import[39m[0m
[  21% ] [90m[1msavepack[22m | 保存文件：res://.godot/imported/limbs_pop.ogg-b31bbec47c17bae41bff1be03039cba2.oggvorbisstr[39m[0m
[  21% ] [90m[1msavepack[22m | 保存文件：res://assets/audio/SFX/zombie/limbs_pop.ogg.import[39m[0m
[  21% ] [90m[1msavepack[22m | 保存文件：res://.godot/imported/newspaper_rarrgh2.ogg-d9c9e86f482855c87d88741ff8219453.oggvorbisstr[39m[0m
[  21% ] [90m[1msavepack[22m | 保存文件：res://assets/audio/SFX/zombie/newspaper_rarrgh2.ogg.import[39m[0m
[  21% ] [90m[1msavepack[22m | 保存文件：res://.godot/imported/newspaper_rarrgh.ogg-666d593be5bfee62e6caa8988f90e9f6.oggvorbisstr[39m[0m
[  21% ] [90m[1msavepack[22m | 保存文件：res://assets/audio/SFX/zombie/newspaper_rarrgh.ogg.import[39m[0m
[  21% ] [90m[1msavepack[22m | 保存文件：res://.godot/imported/newspaper_rip.ogg-c2ea04f658ab2d0b20dcf5eeb88e015a.oggvorbisstr[39m[0m
[  21% ] [90m[1msavepack[22m | 保存文件：res://assets/audio/SFX/zombie/newspaper_rip.ogg.import[39m[0m
[  21% ] [90m[1msavepack[22m | 保存文件：res://.godot/imported/pogo_zombie.ogg-d8698ff9a88df69a86800f767f5032bb.oggvorbisstr[39m[0m
[  21% ] [90m[1msavepack[22m | 保存文件：res://assets/audio/SFX/zombie/pogo_zombie.ogg.import[39m[0m
[  21% ] [90m[1msavepack[22m | 保存文件：res://.godot/imported/polevault.ogg-7868ef108e043bd2d799648e321702b2.oggvorbisstr[39m[0m
[  21% ] [90m[1msavepack[22m | 保存文件：res://assets/audio/SFX/zombie/polevault.ogg.import[39m[0m
[  21% ] [90m[1msavepack[22m | 保存文件：res://.godot/imported/shoop.ogg-db8687adda3cc2c6591c8b460fd7b867.oggvorbisstr[39m[0m
[  21% ] [90m[1msavepack[22m | 保存文件：res://assets/audio/SFX/zombie/shoop.ogg.import[39m[0m
[  21% ] [90m[1msavepack[22m | 保存文件：res://.godot/imported/yuck2.ogg-e56242e81d91d981017645dfc25aff0a.oggvorbisstr[39m[0m
[  21% ] [90m[1msavepack[22m | 保存文件：res://assets/audio/SFX/zombie/yuck2.ogg.import[39m[0m
[  21% ] [90m[1msavepack[22m | 保存文件：res://.godot/imported/yuck.ogg-93f6abffbca580b55e9ba797488706ae.oggvorbisstr[39m[0m
[  21% ] [90m[1msavepack[22m | 保存文件：res://assets/audio/SFX/zombie/yuck.ogg.import[39m[0m
[  21% ] [90m[1msavepack[22m | 保存文件：res://.godot/imported/zamboni.ogg-79b6a8f560f4b29773f0f218b08fcc30.oggvorbisstr[39m[0m
[  21% ] [90m[1msavepack[22m | 保存文件：res://assets/audio/SFX/zombie/zamboni.ogg.import[39m[0m
[  21% ] [90m[1msavepack[22m | 保存文件：res://.godot/imported/zombie_entering_water.ogg-2c3e80f16b9191014ae3aea8319e1cb7.oggvorbisstr[39m[0m
[  21% ] [90m[1msavepack[22m | 保存文件：res://assets/audio/SFX/zombie/zombie_entering_water.ogg.import[39m[0m
[  21% ] [90m[1msavepack[22m | 保存文件：res://.godot/imported/bossboulderattack.ogg-6818054feaedcb99fa495f12472827f2.oggvorbisstr[39m[0m
[  21% ] [90m[1msavepack[22m | 保存文件：res://assets/audio/sounds/bossboulderattack.ogg.import[39m[0m
[  21% ] [90m[1msavepack[22m | 保存文件：res://.godot/imported/bossexplosion.ogg-491a302878f3e5cfc246e7521bbdab34.oggvorbisstr[39m[0m
[  21% ] [90m[1msavepack[22m | 保存文件：res://assets/audio/sounds/bossexplosion.ogg.import[39m[0m
[  21% ] [90m[1msavepack[22m | 保存文件：res://.godot/imported/ceramic.ogg-b1bb8213797aada1a0e427201ed5fe56.oggvorbisstr[39m[0m
[  21% ] [90m[1msavepack[22m | 保存文件：res://assets/audio/sounds/ceramic.ogg.import[39m[0m
[  21% ] [90m[1msavepack[22m | 保存文件：res://.godot/imported/coffee.ogg-97862c6032596960bed9ba68bcfd3199.oggvorbisstr[39m[0m
[  21% ] [90m[1msavepack[22m | 保存文件：res://assets/audio/sounds/coffee.ogg.import[39m[0m
[  21% ] [90m[1msavepack[22m | 保存文件：res://.godot/imported/evillaugh.ogg-69dfa353b13042425d5de316723c5560.oggvorbisstr[39m[0m
[  21% ] [90m[1msavepack[22m | 保存文件：res://assets/audio/sounds/evillaugh.ogg.import[39m[0m
[  21% ] [90m[1msavepack[22m | 保存文件：res://.godot/imported/finalfanfare.ogg-5b34c24a08f4fe8f8c88e80f70a7bc05.oggvorbisstr[39m[0m
[  21% ] [90m[1msavepack[22m | 保存文件：res://assets/audio/sounds/finalfanfare.ogg.import[39m[0m
[  21% ] [90m[1msavepack[22m | 保存文件：res://.godot/imported/floop.ogg-117f9c2f48e1f83a1b5be69f6f54b349.oggvorbisstr[39m[0m
[  21% ] [90m[1msavepack[22m | 保存文件：res://assets/audio/sounds/floop.ogg.import[39m[0m
[  21% ] [90m[1msavepack[22m | 保存文件：res://.godot/imported/grassstep.ogg-1ab81561bfc55f62b25ecc61450cd488.oggvorbisstr[39m[0m
[  21% ] [90m[1msavepack[22m | 保存文件：res://assets/audio/sounds/grassstep.ogg.import[39m[0m
[  21% ] [90m[1msavepack[22m | 保存文件：res://.godot/imported/gulp.ogg-169ed9e3f8fae6003460ca0512de0753.oggvorbisstr[39m[0m
[  21% ] [90m[1msavepack[22m | 保存文件：res://assets/audio/sounds/gulp.ogg.import[39m[0m
[  21% ] [90m[1msavepack[22m | 保存文件：res://.godot/imported/hatchback_close.ogg-9517ebe28f5580bc042ddb3da56a580b.oggvorbisstr[39m[0m
[  21% ] [90m[1msavepack[22m | 保存文件：res://assets/audio/sounds/hatchback_close.ogg.import[39m[0m
[  21% ] [90m[1msavepack[22m | 保存文件：res://.godot/imported/hatchback_open.ogg-3db15639a6b8b23d05b9bdd4ac340de2.oggvorbisstr[39m[0m
[  21% ] [90m[1msavepack[22m | 保存文件：res://assets/audio/sounds/hatchback_open.ogg.import[39m[0m
[  21% ] [90m[1msavepack[22m | 保存文件：res://.godot/imported/hydraulic.ogg-a9ad6f89cb7eeb4146980bdda51b68d4.oggvorbisstr[39m[0m
[  21% ] [90m[1msavepack[22m | 保存文件：res://assets/audio/sounds/hydraulic.ogg.import[39m[0m
[  22% ] [90m[1msavepack[22m | 保存文件：res://.godot/imported/hydraulic_short.ogg-50e4a5f4ad6f22012ac02142d541d21c.oggvorbisstr[39m[0m
[  22% ] [90m[1msavepack[22m | 保存文件：res://assets/audio/sounds/hydraulic_short.ogg.import[39m[0m
[  22% ] [90m[1msavepack[22m | 保存文件：res://.godot/imported/ignite2.ogg-de951252075846771a7e534a48a83bfb.oggvorbisstr[39m[0m
[  22% ] [90m[1msavepack[22m | 保存文件：res://assets/audio/sounds/ignite2.ogg.import[39m[0m
[  22% ] [90m[1msavepack[22m | 保存文件：res://.godot/imported/ignite.ogg-0428a3883bdb04b4a7681bb225eb11b9.oggvorbisstr[39m[0m
[  22% ] [90m[1msavepack[22m | 保存文件：res://assets/audio/sounds/ignite.ogg.import[39m[0m
[  22% ] [90m[1msavepack[22m | 保存文件：res://.godot/imported/juicy.ogg-74d375d81c7726cda528983e68208062.oggvorbisstr[39m[0m
[  22% ] [90m[1msavepack[22m | 保存文件：res://assets/audio/sounds/juicy.ogg.import[39m[0m
[  22% ] [90m[1msavepack[22m | 保存文件：res://.godot/imported/lightfill.ogg-1e2e38b6520ca8610a5913ceceb077e3.oggvorbisstr[39m[0m
[  22% ] [90m[1msavepack[22m | 保存文件：res://assets/audio/sounds/lightfill.ogg.import[39m[0m
[  22% ] [90m[1msavepack[22m | 保存文件：res://.godot/imported/loadingbar_flower.ogg-1c66b32a212bfa1f4605c147c4608426.oggvorbisstr[39m[0m
[  22% ] [90m[1msavepack[22m | 保存文件：res://assets/audio/sounds/loadingbar_flower.ogg.import[39m[0m
[  22% ] [90m[1msavepack[22m | 保存文件：res://.godot/imported/loadingbar_zombie.ogg-c1dee77a8a98e44b1f953b92d67c08a1.oggvorbisstr[39m[0m
[  22% ] [90m[1msavepack[22m | 保存文件：res://assets/audio/sounds/loadingbar_zombie.ogg.import[39m[0m
[  22% ] [90m[1msavepack[22m | 保存文件：res://.godot/imported/lowgroan2.ogg-12ddb415493548791e6e6a2aede9c752.oggvorbisstr[39m[0m
[  22% ] [90m[1msavepack[22m | 保存文件：res://assets/audio/sounds/lowgroan2.ogg.import[39m[0m
[  22% ] [90m[1msavepack[22m | 保存文件：res://.godot/imported/lowgroan.ogg-ec97f94c93a24508771293c89560ad94.oggvorbisstr[39m[0m
[  22% ] [90m[1msavepack[22m | 保存文件：res://assets/audio/sounds/lowgroan.ogg.import[39m[0m
[  22% ] [90m[1msavepack[22m | 保存文件：res://.godot/imported/moneyfalls.ogg-7c6e0de61f012d36b582a9db467689e3.oggvorbisstr[39m[0m
[  22% ] [90m[1msavepack[22m | 保存文件：res://assets/audio/sounds/moneyfalls.ogg.import[39m[0m
[  22% ] [90m[1msavepack[22m | 保存文件：res://.godot/imported/paper.ogg-49f807929f69bc7be5c88bbcd7cecc13.oggvorbisstr[39m[0m
[  22% ] [90m[1msavepack[22m | 保存文件：res://assets/audio/sounds/paper.ogg.import[39m[0m
[  22% ] [90m[1msavepack[22m | 保存文件：res://.godot/imported/plantern.ogg-ec047618319ec00f8bade6e82062fb9b.oggvorbisstr[39m[0m
[  22% ] [90m[1msavepack[22m | 保存文件：res://assets/audio/sounds/plantern.ogg.import[39m[0m
[  22% ] [90m[1msavepack[22m | 保存文件：res://.godot/imported/portal.ogg-76a07da2a5faeea5f692fa2835202704.oggvorbisstr[39m[0m
[  22% ] [90m[1msavepack[22m | 保存文件：res://assets/audio/sounds/portal.ogg.import[39m[0m
[  22% ] [90m[1msavepack[22m | 保存文件：res://.godot/imported/reverse_explosion.ogg-7c63f0dcb0eef3a0ced40444cc3e9ab4.oggvorbisstr[39m[0m
[  22% ] [90m[1msavepack[22m | 保存文件：res://assets/audio/sounds/reverse_explosion.ogg.import[39m[0m
[  22% ] [90m[1msavepack[22m | 保存文件：res://.godot/imported/roll_in.ogg-f8971041aebcd970b085b618e9e6195d.oggvorbisstr[39m[0m
[  22% ] [90m[1msavepack[22m | 保存文件：res://assets/audio/sounds/roll_in.ogg.import[39m[0m
[  22% ] [90m[1msavepack[22m | 保存文件：res://.godot/imported/RVthrow.ogg-301d1f1737de638d0f96c08aca0cae30.oggvorbisstr[39m[0m
[  22% ] [90m[1msavepack[22m | 保存文件：res://assets/audio/sounds/RVthrow.ogg.import[39m[0m
[  22% ] [90m[1msavepack[22m | 保存文件：res://.godot/imported/slotmachine.ogg-752869e9a83884d4da07945f2cb482e9.oggvorbisstr[39m[0m
[  22% ] [90m[1msavepack[22m | 保存文件：res://assets/audio/sounds/slotmachine.ogg.import[39m[0m
[  22% ] [90m[1msavepack[22m | 保存文件：res://.godot/imported/slurp.ogg-1e6ddbc4e5b63363b71011631396f7b2.oggvorbisstr[39m[0m
[  22% ] [90m[1msavepack[22m | 保存文件：res://assets/audio/sounds/slurp.ogg.import[39m[0m
[  22% ] [90m[1msavepack[22m | 保存文件：res://.godot/imported/snow_pea_sparkles.ogg-3c845817d645aab968e59c06b36e47b2.oggvorbisstr[39m[0m
[  22% ] [90m[1msavepack[22m | 保存文件：res://assets/audio/sounds/snow_pea_sparkles.ogg.import[39m[0m
[  22% ] [90m[1msavepack[22m | 保存文件：res://.godot/imported/sukhbir2.ogg-e40df3950a44c5e6dfc527e6381aa205.oggvorbisstr[39m[0m
[  22% ] [90m[1msavepack[22m | 保存文件：res://assets/audio/sounds/sukhbir2.ogg.import[39m[0m
[  22% ] [90m[1msavepack[22m | 保存文件：res://.godot/imported/sukhbir3.ogg-da4a7124f70ee5d2d462ea7da91d55c5.oggvorbisstr[39m[0m
[  22% ] [90m[1msavepack[22m | 保存文件：res://assets/audio/sounds/sukhbir3.ogg.import[39m[0m
[  22% ] [90m[1msavepack[22m | 保存文件：res://.godot/imported/sukhbir4.ogg-26c3cb3695adfd462e8b410c5475e286.oggvorbisstr[39m[0m
[  22% ] [90m[1msavepack[22m | 保存文件：res://assets/audio/sounds/sukhbir4.ogg.import[39m[0m
[  22% ] [90m[1msavepack[22m | 保存文件：res://.godot/imported/sukhbir5.ogg-851f0137ebea4fb5589b33467408c4ee.oggvorbisstr[39m[0m
[  22% ] [90m[1msavepack[22m | 保存文件：res://assets/audio/sounds/sukhbir5.ogg.import[39m[0m
[  22% ] [90m[1msavepack[22m | 保存文件：res://.godot/imported/sukhbir6.ogg-b6b3565f7247c18a05b795903ba98dc2.oggvorbisstr[39m[0m
[  22% ] [90m[1msavepack[22m | 保存文件：res://assets/audio/sounds/sukhbir6.ogg.import[39m[0m
[  22% ] [90m[1msavepack[22m | 保存文件：res://.godot/imported/sukhbir.ogg-14000b3b8667bc6656c5abca28ba8b15.oggvorbisstr[39m[0m
[  22% ] [90m[1msavepack[22m | 保存文件：res://assets/audio/sounds/sukhbir.ogg.import[39m[0m
[  22% ] [90m[1msavepack[22m | 保存文件：res://.godot/imported/thunder.ogg-99855611dede02c2bef3e95544f573c6.oggvorbisstr[39m[0m
[  22% ] [90m[1msavepack[22m | 保存文件：res://assets/audio/sounds/thunder.ogg.import[39m[0m
[  22% ] [90m[1msavepack[22m | 保存文件：res://.godot/imported/zombaquarium_die.ogg-e45f76c0c060d06aff0bb687596de37b.oggvorbisstr[39m[0m
[  22% ] [90m[1msavepack[22m | 保存文件：res://assets/audio/sounds/zombaquarium_die.ogg.import[39m[0m
[  22% ] [90m[1msavepack[22m | 保存文件：res://.godot/imported/ZombiesOnYourLawn.ogg-69111051144d5c04de967081b3fcc27c.oggvorbisstr[39m[0m
[  22% ] [90m[1msavepack[22m | 保存文件：res://assets/audio/sounds/ZombiesOnYourLawn.ogg.import[39m[0m
[  22% ] [90m[1msavepack[22m | 保存文件：res://.godot/imported/zombiesplash.ogg-03dc60f9424d388865ccca5d8d578d25.oggvorbisstr[39m[0m
[  22% ] [90m[1msavepack[22m | 保存文件：res://assets/audio/sounds/zombiesplash.ogg.import[39m[0m
[  22% ] [90m[1msavepack[22m | 保存文件：res://.godot/imported/zombie_falling_1.ogg-0351bbee72b6cbf20aa2282970f9de4d.oggvorbisstr[39m[0m
[  22% ] [90m[1msavepack[22m | 保存文件：res://assets/audio/sounds/zombie_falling_1.ogg.import[39m[0m
[  22% ] [90m[1msavepack[22m | 保存文件：res://.godot/imported/zombie_falling_2.ogg-e106829c7d87b95d69e4f6cc09a582c2.oggvorbisstr[39m[0m
[  22% ] [90m[1msavepack[22m | 保存文件：res://assets/audio/sounds/zombie_falling_2.ogg.import[39m[0m
[  22% ] [90m[1msavepack[22m | 保存文件：res://.godot/imported/Bake_Soda.otf-5fb426482d6290b84479bcd38773acb4.fontdata[39m[0m
[  22% ] [90m[1msavepack[22m | 保存文件：res://assets/fonts/Bake_Soda.otf.import[39m[0m
[  22% ] [90m[1msavepack[22m | 保存文件：res://.godot/imported/SIMSUN.TTC-de02886f8b58dc83a3aa2674fe875a9e.fontdata[39m[0m
[  22% ] [90m[1msavepack[22m | 保存文件：res://assets/fonts/SIMSUN.TTC.import[39m[0m
[  22% ] [90m[1msavepack[22m | 保存文件：res://.godot/imported/方正少儿_GBK.ttf-d60f485007424ef77804e1019704edaf.fontdata[39m[0m
[  22% ] [90m[1msavepack[22m | 保存文件：res://assets/fonts/方正少儿_GBK.ttf.import[39m[0m
[  22% ] [90m[1msavepack[22m | 保存文件：res://.godot/imported/Almanac_CloseButton.png-e26a7ca30ea5f62ff108589d6008a62c.ctex[39m[0m
[  22% ] [90m[1msavepack[22m | 保存文件：res://assets/image/Almanac/Almanac_CloseButton.png.import[39m[0m
[  22% ] [90m[1msavepack[22m | 保存文件：res://.godot/imported/Almanac_CloseButtonHighlight.png-4630c52787e2df6e7ee9b8e6d567482a.ctex[39m[0m
[  22% ] [90m[1msavepack[22m | 保存文件：res://assets/image/Almanac/Almanac_CloseButtonHighlight.png.import[39m[0m
[  22% ] [90m[1msavepack[22m | 保存文件：res://.godot/imported/Almanac_CloseButton_Mask.png-b9a7f588fb256361999b64e0d753a158.res[39m[0m
[  22% ] [90m[1msavepack[22m | 保存文件：res://assets/image/Almanac/Almanac_CloseButton_Mask.png.import[39m[0m
[  23% ] [90m[1msavepack[22m | 保存文件：res://.godot/imported/Almanac_GroundDay.jpg-7106a2553097b347571992771a459df3.ctex[39m[0m
[  23% ] [90m[1msavepack[22m | 保存文件：res://assets/image/Almanac/Almanac_GroundDay.jpg.import[39m[0m
[  23% ] [90m[1msavepack[22m | 保存文件：res://.godot/imported/Almanac_GroundIce.jpg-0524aef2f1d591347ff0ec1383d19f93.ctex[39m[0m
[  23% ] [90m[1msavepack[22m | 保存文件：res://assets/image/Almanac/Almanac_GroundIce.jpg.import[39m[0m
[  23% ] [90m[1msavepack[22m | 保存文件：res://.godot/imported/Almanac_GroundNight.jpg-40e00be22217d9012104c8fd63d7d76e.ctex[39m[0m
[  23% ] [90m[1msavepack[22m | 保存文件：res://assets/image/Almanac/Almanac_GroundNight.jpg.import[39m[0m
[  23% ] [90m[1msavepack[22m | 保存文件：res://.godot/imported/Almanac_GroundNightPool.jpg-25989c4839a3faf3e6f6c998ffe97259.ctex[39m[0m
[  23% ] [90m[1msavepack[22m | 保存文件：res://assets/image/Almanac/Almanac_GroundNightPool.jpg.import[39m[0m
[  23% ] [90m[1msavepack[22m | 保存文件：res://.godot/imported/Almanac_GroundPool.jpg-a903db9b2b69bf9aa84cfe158a219e2a.ctex[39m[0m
[  23% ] [90m[1msavepack[22m | 保存文件：res://assets/image/Almanac/Almanac_GroundPool.jpg.import[39m[0m
[  23% ] [90m[1msavepack[22m | 保存文件：res://.godot/imported/Almanac_GroundRoof.jpg-6ea7e50f7ae0ddfe25d7fa44acb077b3.ctex[39m[0m
[  23% ] [90m[1msavepack[22m | 保存文件：res://assets/image/Almanac/Almanac_GroundRoof.jpg.import[39m[0m
[  23% ] [90m[1msavepack[22m | 保存文件：res://.godot/imported/Almanac_Imitater.png-a68ab66b3b0835a0f8134752fad99777.ctex[39m[0m
[  23% ] [90m[1msavepack[22m | 保存文件：res://assets/image/Almanac/Almanac_Imitater.png.import[39m[0m
[  23% ] [90m[1msavepack[22m | 保存文件：res://.godot/imported/Almanac_IndexBack.jpg-f348beb63b2722525468512c04cc5d28.ctex[39m[0m
[  23% ] [90m[1msavepack[22m | 保存文件：res://assets/image/Almanac/Almanac_IndexBack.jpg.import[39m[0m
[  23% ] [90m[1msavepack[22m | 保存文件：res://.godot/imported/Almanac_IndexButton.png-f819585e6f667ca348456b15db4552c3.ctex[39m[0m
[  23% ] [90m[1msavepack[22m | 保存文件：res://assets/image/Almanac/Almanac_IndexButton.png.import[39m[0m
[  23% ] [90m[1msavepack[22m | 保存文件：res://.godot/imported/Almanac_IndexButtonHighlight.png-75018bb777569228d430c6cbe7483e85.ctex[39m[0m
[  23% ] [90m[1msavepack[22m | 保存文件：res://assets/image/Almanac/Almanac_IndexButtonHighlight.png.import[39m[0m
[  23% ] [90m[1msavepack[22m | 保存文件：res://.godot/imported/Almanac_IndexButton_Mask.png-b3e14988e40c65a2144c34c10e82f13f.res[39m[0m
[  23% ] [90m[1msavepack[22m | 保存文件：res://assets/image/Almanac/Almanac_IndexButton_Mask.png.import[39m[0m
[  23% ] [90m[1msavepack[22m | 保存文件：res://.godot/imported/Almanac_PlantBack.jpg-beb7b8a6a5f5b7f97242298b37aa9685.ctex[39m[0m
[  23% ] [90m[1msavepack[22m | 保存文件：res://assets/image/Almanac/Almanac_PlantBack.jpg.import[39m[0m
[  23% ] [90m[1msavepack[22m | 保存文件：res://.godot/imported/Almanac_PlantBack_New.png-81bca6578836fd972a93598d518df3f3.ctex[39m[0m
[  23% ] [90m[1msavepack[22m | 保存文件：res://assets/image/Almanac/Almanac_PlantBack_New.png.import[39m[0m
[  23% ] [90m[1msavepack[22m | 保存文件：res://.godot/imported/Almanac_PlantCard.png-293c26304505cdce3dd56f81ddbc41b9.ctex[39m[0m
[  23% ] [90m[1msavepack[22m | 保存文件：res://assets/image/Almanac/Almanac_PlantCard.png.import[39m[0m
[  23% ] [90m[1msavepack[22m | 保存文件：res://.godot/imported/Almanac_ZombieBack.jpg-4bfc6e1d5ace5d64759b12185cb58d2a.ctex[39m[0m
[  23% ] [90m[1msavepack[22m | 保存文件：res://assets/image/Almanac/Almanac_ZombieBack.jpg.import[39m[0m
[  23% ] [90m[1msavepack[22m | 保存文件：res://.godot/imported/Almanac_ZombieBack_New.png-0fe88bb32879441c527874f6f6843e47.ctex[39m[0m
[  23% ] [90m[1msavepack[22m | 保存文件：res://assets/image/Almanac/Almanac_ZombieBack_New.png.import[39m[0m
[  23% ] [90m[1msavepack[22m | 保存文件：res://.godot/imported/Almanac_ZombieBlank.png-2625ed10148e93406a8cbf0c84c98de6.ctex[39m[0m
[  23% ] [90m[1msavepack[22m | 保存文件：res://assets/image/Almanac/Almanac_ZombieBlank.png.import[39m[0m
[  23% ] [90m[1msavepack[22m | 保存文件：res://.godot/imported/Almanac_ZombieCard.png-2a4e708dd260985a301eb1096357b27b.ctex[39m[0m
[  23% ] [90m[1msavepack[22m | 保存文件：res://assets/image/Almanac/Almanac_ZombieCard.png.import[39m[0m
[  23% ] [90m[1msavepack[22m | 保存文件：res://.godot/imported/Almanac_ZombieWindow2.png-d78f04de318444d48e92d8f8e8c6852b.ctex[39m[0m
[  23% ] [90m[1msavepack[22m | 保存文件：res://assets/image/Almanac/Almanac_ZombieWindow2.png.import[39m[0m
[  23% ] [90m[1msavepack[22m | 保存文件：res://.godot/imported/Almanac_ZombieWindow.png-4467cdecdbaa89fa59b9c64a9cd3d956.ctex[39m[0m
[  23% ] [90m[1msavepack[22m | 保存文件：res://assets/image/Almanac/Almanac_ZombieWindow.png.import[39m[0m
[  23% ] [90m[1msavepack[22m | 保存文件：res://.godot/imported/background1.jpg-bbcce77b449be7a1b4662aac9d4e30ad.ctex[39m[0m
[  23% ] [90m[1msavepack[22m | 保存文件：res://assets/image/background/background1.jpg.import[39m[0m
[  23% ] [90m[1msavepack[22m | 保存文件：res://.godot/imported/background1unsodded.jpg-e42ff9466757c9d5908db5e641c30252.ctex[39m[0m
[  23% ] [90m[1msavepack[22m | 保存文件：res://assets/image/background/background1unsodded.jpg.import[39m[0m
[  23% ] [90m[1msavepack[22m | 保存文件：res://.godot/imported/background1_gameover_interior_overlay.png-f3712018ad7e63cd805e7a81984b0bc1.ctex[39m[0m
[  23% ] [90m[1msavepack[22m | 保存文件：res://assets/image/background/background1_gameover_interior_overlay.png.import[39m[0m
[  23% ] [90m[1msavepack[22m | 保存文件：res://.godot/imported/background1_gameover_mask.png-5bb8f13069880ea3753e9363aecd0c6b.ctex[39m[0m
[  23% ] [90m[1msavepack[22m | 保存文件：res://assets/image/background/background1_gameover_mask.png.import[39m[0m
[  23% ] [90m[1msavepack[22m | 保存文件：res://.godot/imported/background2.jpg-83a7420bb3481b234f043a0136eb2de4.ctex[39m[0m
[  23% ] [90m[1msavepack[22m | 保存文件：res://assets/image/background/background2.jpg.import[39m[0m
[  23% ] [90m[1msavepack[22m | 保存文件：res://.godot/imported/background2_gameover_interior_overlay.png-17015405758f7f4e5d8f5e18c284cd7a.ctex[39m[0m
[  23% ] [90m[1msavepack[22m | 保存文件：res://assets/image/background/background2_gameover_interior_overlay.png.import[39m[0m
[  23% ] [90m[1msavepack[22m | 保存文件：res://.godot/imported/background2_gameover_mask.png-a74e6c9a66093dc70180df9c18acc3ef.ctex[39m[0m
[  23% ] [90m[1msavepack[22m | 保存文件：res://assets/image/background/background2_gameover_mask.png.import[39m[0m
[  23% ] [90m[1msavepack[22m | 保存文件：res://.godot/imported/background3.jpg-35a391700bb309f2066e24d2229f585d.ctex[39m[0m
[  23% ] [90m[1msavepack[22m | 保存文件：res://assets/image/background/background3.jpg.import[39m[0m
[  23% ] [90m[1msavepack[22m | 保存文件：res://.godot/imported/background3_gameover_interior_overlay.png-fbb02f4d7d089c4a68edad0af9b30b72.ctex[39m[0m
[  23% ] [90m[1msavepack[22m | 保存文件：res://assets/image/background/background3_gameover_interior_overlay.png.import[39m[0m
[  23% ] [90m[1msavepack[22m | 保存文件：res://.godot/imported/background3_gameover_mask.png-cf7c9da133cf4f05230f807d79c3cab7.ctex[39m[0m
[  23% ] [90m[1msavepack[22m | 保存文件：res://assets/image/background/background3_gameover_mask.png.import[39m[0m
[  23% ] [90m[1msavepack[22m | 保存文件：res://.godot/imported/background4.jpg-7529da8e1ff1956f08c4e5926ec98441.ctex[39m[0m
[  23% ] [90m[1msavepack[22m | 保存文件：res://assets/image/background/background4.jpg.import[39m[0m
[  23% ] [90m[1msavepack[22m | 保存文件：res://.godot/imported/background4_gameover_interior_overlay.png-3d7ba644a9a57d803a38c72feac4abd3.ctex[39m[0m
[  23% ] [90m[1msavepack[22m | 保存文件：res://assets/image/background/background4_gameover_interior_overlay.png.import[39m[0m
[  23% ] [90m[1msavepack[22m | 保存文件：res://.godot/imported/background4_gameover_mask.png-262ce07d9fa44e9291793fe7d2948b1f.ctex[39m[0m
[  23% ] [90m[1msavepack[22m | 保存文件：res://assets/image/background/background4_gameover_mask.png.import[39m[0m
[  23% ] [90m[1msavepack[22m | 保存文件：res://.godot/imported/background5.jpg-99e784288d3ab5eb422f4275c7833686.ctex[39m[0m
[  23% ] [90m[1msavepack[22m | 保存文件：res://assets/image/background/background5.jpg.import[39m[0m
[  23% ] [90m[1msavepack[22m | 保存文件：res://.godot/imported/background5_gameover_mask.png-2c220f3fb8498b971bd7da62d44bce7d.ctex[39m[0m
[  23% ] [90m[1msavepack[22m | 保存文件：res://assets/image/background/background5_gameover_mask.png.import[39m[0m
[  23% ] [90m[1msavepack[22m | 保存文件：res://.godot/imported/background6boss.jpg-40ca861a2aeb90082c62d80d16b8013e.ctex[39m[0m
[  23% ] [90m[1msavepack[22m | 保存文件：res://assets/image/background/background6boss.jpg.import[39m[0m
[  23% ] [90m[1msavepack[22m | 保存文件：res://.godot/imported/background6_gameover_mask.png-9df38137c780941c95c2c22494f324ed.ctex[39m[0m
[  23% ] [90m[1msavepack[22m | 保存文件：res://assets/image/background/background6_gameover_mask.png.import[39m[0m
[  23% ] [90m[1msavepack[22m | 保存文件：res://.godot/imported/he_frontlawn_empty.jpg-b03fda755ec6dbd21e61a46fc809a978.ctex[39m[0m
[  23% ] [90m[1msavepack[22m | 保存文件：res://assets/image/background/he_frontlawn_empty.jpg.import[39m[0m
[  24% ] [90m[1msavepack[22m | 保存文件：res://.godot/imported/he_sod_1row.png-6f6ec13086627e55f8b6fcdabf6169d0.ctex[39m[0m
[  24% ] [90m[1msavepack[22m | 保存文件：res://assets/image/background/he_sod_1row.png.import[39m[0m
[  24% ] [90m[1msavepack[22m | 保存文件：res://.godot/imported/he_sod_3row.png-269c2a2a9c42787b7b44b74c0850b319.ctex[39m[0m
[  24% ] [90m[1msavepack[22m | 保存文件：res://assets/image/background/he_sod_3row.png.import[39m[0m
[  24% ] [90m[1msavepack[22m | 保存文件：res://.godot/imported/pool.jpg-a55b64ace458317455ad817a20a6c08d.ctex[39m[0m
[  24% ] [90m[1msavepack[22m | 保存文件：res://assets/image/background/pool.jpg.import[39m[0m
[  24% ] [90m[1msavepack[22m | 保存文件：res://.godot/imported/pool_base.jpg-4a32cf38c95b698dc3d6cfc1c0c30c89.ctex[39m[0m
[  24% ] [90m[1msavepack[22m | 保存文件：res://assets/image/background/pool_base.jpg.import[39m[0m
[  24% ] [90m[1msavepack[22m | 保存文件：res://.godot/imported/pool_base_.png-a9d0018b4e2f281637c19df6732161ec.ctex[39m[0m
[  24% ] [90m[1msavepack[22m | 保存文件：res://assets/image/background/pool_base_.png.import[39m[0m
[  24% ] [90m[1msavepack[22m | 保存文件：res://.godot/imported/pool_base_night.jpg-160862f277fdf9656d6989bd38d07d2a.ctex[39m[0m
[  24% ] [90m[1msavepack[22m | 保存文件：res://assets/image/background/pool_base_night.jpg.import[39m[0m
[  24% ] [90m[1msavepack[22m | 保存文件：res://.godot/imported/pool_caustic_effect.jpg-70f3db3952eba84e910d91e783445165.ctex[39m[0m
[  24% ] [90m[1msavepack[22m | 保存文件：res://assets/image/background/pool_caustic_effect.jpg.import[39m[0m
[  24% ] [90m[1msavepack[22m | 保存文件：res://.godot/imported/pool_night.jpg-e565bb109c4ced4311f3f8825b171ca3.ctex[39m[0m
[  24% ] [90m[1msavepack[22m | 保存文件：res://assets/image/background/pool_night.jpg.import[39m[0m
[  24% ] [90m[1msavepack[22m | 保存文件：res://.godot/imported/pool_shading.jpg-c068307896691955dd6dcfecfcfcb55b.ctex[39m[0m
[  24% ] [90m[1msavepack[22m | 保存文件：res://assets/image/background/pool_shading.jpg.import[39m[0m
[  24% ] [90m[1msavepack[22m | 保存文件：res://.godot/imported/pool_shading_.jpg-1ac923868029931546185807d2acaa6c.ctex[39m[0m
[  24% ] [90m[1msavepack[22m | 保存文件：res://assets/image/background/pool_shading_.jpg.import[39m[0m
[  24% ] [90m[1msavepack[22m | 保存文件：res://.godot/imported/pool_shading_night.jpg-435eef553831d19adafa143188be7a1c.ctex[39m[0m
[  24% ] [90m[1msavepack[22m | 保存文件：res://assets/image/background/pool_shading_night.jpg.import[39m[0m
[  24% ] [90m[1msavepack[22m | 保存文件：res://.godot/imported/sod1row.jpg-0519b04d820e8b38625ed2d4c77324c7.ctex[39m[0m
[  24% ] [90m[1msavepack[22m | 保存文件：res://assets/image/background/sod1row.jpg.import[39m[0m
[  24% ] [90m[1msavepack[22m | 保存文件：res://.godot/imported/sod1row_.png-7933c944749997ca292650b8b084affa.ctex[39m[0m
[  24% ] [90m[1msavepack[22m | 保存文件：res://assets/image/background/sod1row_.png.import[39m[0m
[  24% ] [90m[1msavepack[22m | 保存文件：res://.godot/imported/sod3row.jpg-99321382ae492a088dd3e592a20a5190.ctex[39m[0m
[  24% ] [90m[1msavepack[22m | 保存文件：res://assets/image/background/sod3row.jpg.import[39m[0m
[  24% ] [90m[1msavepack[22m | 保存文件：res://.godot/imported/sod3row_.png-c8196c27b80fa9d47a71e322c162ec94.ctex[39m[0m
[  24% ] [90m[1msavepack[22m | 保存文件：res://assets/image/background/sod3row_.png.import[39m[0m
[  24% ] [90m[1msavepack[22m | 保存文件：res://.godot/imported/titlescreen.jpg-8f301ea73954ab3889d78e34ad46b8bc.ctex[39m[0m
[  24% ] [90m[1msavepack[22m | 保存文件：res://assets/image/background/titlescreen.jpg.import[39m[0m
[  24% ] [90m[1msavepack[22m | 保存文件：res://.godot/imported/Wallnut_bowlingstripe.png-e0a634d98767719a4ec4bedf43d475e6.ctex[39m[0m
[  24% ] [90m[1msavepack[22m | 保存文件：res://assets/image/background/Wallnut_bowlingstripe.png.import[39m[0m
[  24% ] [90m[1msavepack[22m | 保存文件：res://.godot/imported/111.png-cee7e26a0431d19896c27c2ce6067ad8.ctex[39m[0m
[  24% ] [90m[1msavepack[22m | 保存文件：res://assets/image/choose_level/111.png.import[39m[0m
[  24% ] [90m[1msavepack[22m | 保存文件：res://.godot/imported/aquarium1.jpg-8129f6a6bb54504ddc4f82264d7d1863.ctex[39m[0m
[  24% ] [90m[1msavepack[22m | 保存文件：res://assets/image/garden/aquarium1.jpg.import[39m[0m
[  24% ] [90m[1msavepack[22m | 保存文件：res://.godot/imported/aquarium1_new.png-23cfa20aaaa864427aa7b7c8b6f1cb44.ctex[39m[0m
[  24% ] [90m[1msavepack[22m | 保存文件：res://assets/image/garden/aquarium1_new.png.import[39m[0m
[  24% ] [90m[1msavepack[22m | 保存文件：res://.godot/imported/Background_Greenhouse.jpg-00604317ef6fabcef0dd88f1da5104b2.ctex[39m[0m
[  24% ] [90m[1msavepack[22m | 保存文件：res://assets/image/garden/Background_Greenhouse.jpg.import[39m[0m
[  24% ] [90m[1msavepack[22m | 保存文件：res://.godot/imported/Background_Greenhouse_New.png-9692144d7e77206e1bd77a32b77d9f0e.ctex[39m[0m
[  24% ] [90m[1msavepack[22m | 保存文件：res://assets/image/garden/Background_Greenhouse_New.png.import[39m[0m
[  24% ] [90m[1msavepack[22m | 保存文件：res://.godot/imported/Background_greenhouse_overlay.jpg-1c0402cc55741435a8caee1a54c42c03.ctex[39m[0m
[  24% ] [90m[1msavepack[22m | 保存文件：res://assets/image/garden/Background_greenhouse_overlay.jpg.import[39m[0m
[  24% ] [90m[1msavepack[22m | 保存文件：res://.godot/imported/Background_MushroomGarden.jpg-a1ca14d4e6682c67ee3bbfa4357ed752.ctex[39m[0m
[  24% ] [90m[1msavepack[22m | 保存文件：res://assets/image/garden/Background_MushroomGarden.jpg.import[39m[0m
[  24% ] [90m[1msavepack[22m | 保存文件：res://.godot/imported/Background_MushroomGarden_New.png-c90a49837f26ea100226a26d77566087.ctex[39m[0m
[  24% ] [90m[1msavepack[22m | 保存文件：res://assets/image/garden/Background_MushroomGarden_New.png.import[39m[0m
[  24% ] [90m[1msavepack[22m | 保存文件：res://.godot/imported/bug_spray.png-9ac3fd013f5f09a041066db16de4f0a7.ctex[39m[0m
[  24% ] [90m[1msavepack[22m | 保存文件：res://assets/image/garden/bug_spray.png.import[39m[0m
[  24% ] [90m[1msavepack[22m | 保存文件：res://.godot/imported/chocolate.png-71ccbec3d0f801a34f06aef84a0bf870.ctex[39m[0m
[  24% ] [90m[1msavepack[22m | 保存文件：res://assets/image/garden/chocolate.png.import[39m[0m
[  24% ] [90m[1msavepack[22m | 保存文件：res://.godot/imported/Fertilizer.png-65d239925bc6829d7db4e5174a4a1077.ctex[39m[0m
[  24% ] [90m[1msavepack[22m | 保存文件：res://assets/image/garden/Fertilizer.png.import[39m[0m
[  24% ] [90m[1msavepack[22m | 保存文件：res://.godot/imported/Phonograph.png-e998eba0840303e54e6d3f54e8910c79.ctex[39m[0m
[  24% ] [90m[1msavepack[22m | 保存文件：res://assets/image/garden/Phonograph.png.import[39m[0m
[  24% ] [90m[1msavepack[22m | 保存文件：res://.godot/imported/plantspeechbubble.png-d198de18d1c4d3173eebf9c4c44e23b6.ctex[39m[0m
[  24% ] [90m[1msavepack[22m | 保存文件：res://assets/image/garden/plantspeechbubble.png.import[39m[0m
[  24% ] [90m[1msavepack[22m | 保存文件：res://.godot/imported/Present.png-c9005a97a09dc82eb9293758543acbbb.ctex[39m[0m
[  24% ] [90m[1msavepack[22m | 保存文件：res://assets/image/garden/Present.png.import[39m[0m
[  24% ] [90m[1msavepack[22m | 保存文件：res://.godot/imported/PresentOpen.png-ec893c813e8aa0fc4376228d65dfca5f.ctex[39m[0m
[  24% ] [90m[1msavepack[22m | 保存文件：res://assets/image/garden/PresentOpen.png.import[39m[0m
[  24% ] [90m[1msavepack[22m | 保存文件：res://.godot/imported/Present_mask.png-d6df943583effe674c5f1f44e54c8dff.res[39m[0m
[  24% ] [90m[1msavepack[22m | 保存文件：res://assets/image/garden/Present_mask.png.import[39m[0m
[  24% ] [90m[1msavepack[22m | 保存文件：res://.godot/imported/TreeFood.png-b97c8b1ecb6d671b9a4cbb14b4a8500f.ctex[39m[0m
[  24% ] [90m[1msavepack[22m | 保存文件：res://assets/image/garden/TreeFood.png.import[39m[0m
[  24% ] [90m[1msavepack[22m | 保存文件：res://.godot/imported/waterdrop.png-2babd4c28a670e492ab62de7054c1d84.ctex[39m[0m
[  24% ] [90m[1msavepack[22m | 保存文件：res://assets/image/garden/waterdrop.png.import[39m[0m
[  24% ] [90m[1msavepack[22m | 保存文件：res://.godot/imported/WateringCan.png-f5ce8e3eb8bc1199615528160692d9ee.ctex[39m[0m
[  24% ] [90m[1msavepack[22m | 保存文件：res://assets/image/garden/WateringCan.png.import[39m[0m
[  24% ] [90m[1msavepack[22m | 保存文件：res://.godot/imported/WateringCanGold.png-9b8142ac131c5620444b54c6162c4e40.ctex[39m[0m
[  24% ] [90m[1msavepack[22m | 保存文件：res://assets/image/garden/WateringCanGold.png.import[39m[0m
[  24% ] [90m[1msavepack[22m | 保存文件：res://.godot/imported/Zen_GardenGlove.png-6f7a4104558574946746fcf2f2f9f5e7.ctex[39m[0m
[  24% ] [90m[1msavepack[22m | 保存文件：res://assets/image/garden/Zen_GardenGlove.png.import[39m[0m
[  25% ] [90m[1msavepack[22m | 保存文件：res://.godot/imported/Zen_GoldToolReticle.png-fc13138197c9f0ed3d8abff9f524be27.ctex[39m[0m
[  25% ] [90m[1msavepack[22m | 保存文件：res://assets/image/garden/Zen_GoldToolReticle.png.import[39m[0m
[  25% ] [90m[1msavepack[22m | 保存文件：res://.godot/imported/Zen_GoldToolReticle_.png-8f00683f3777257017e62ee577c777a3.ctex[39m[0m
[  25% ] [90m[1msavepack[22m | 保存文件：res://assets/image/garden/Zen_GoldToolReticle_.png.import[39m[0m
[  25% ] [90m[1msavepack[22m | 保存文件：res://.godot/imported/Zen_GoldToolReticle_Result.png-c000b746af29b410dfc46fb4a0326e61.ctex[39m[0m
[  25% ] [90m[1msavepack[22m | 保存文件：res://assets/image/garden/Zen_GoldToolReticle_Result.png.import[39m[0m
[  25% ] [90m[1msavepack[22m | 保存文件：res://.godot/imported/Zen_MoneySign.png-02bd3db868edff8c59e37021642bdfde.ctex[39m[0m
[  25% ] [90m[1msavepack[22m | 保存文件：res://assets/image/garden/Zen_MoneySign.png.import[39m[0m
[  25% ] [90m[1msavepack[22m | 保存文件：res://.godot/imported/zen_need_icons.png-d67f4cf687a86334054ec13267b142df.ctex[39m[0m
[  25% ] [90m[1msavepack[22m | 保存文件：res://assets/image/garden/zen_need_icons.png.import[39m[0m
[  25% ] [90m[1msavepack[22m | 保存文件：res://.godot/imported/Zen_NextGarden.png-c1f344fcf95e0faf0f935a5f3b96d209.ctex[39m[0m
[  25% ] [90m[1msavepack[22m | 保存文件：res://assets/image/garden/Zen_NextGarden.png.import[39m[0m
[  25% ] [90m[1msavepack[22m | 保存文件：res://.godot/imported/Zen_NextGarden_Mask.png-2cfec83361eb903053309c5623af830f.res[39m[0m
[  25% ] [90m[1msavepack[22m | 保存文件：res://assets/image/garden/Zen_NextGarden_Mask.png.import[39m[0m
[  25% ] [90m[1msavepack[22m | 保存文件：res://.godot/imported/Zen_WheelBarrow.png-e484b55a94b272ed11392122dc781ead.ctex[39m[0m
[  25% ] [90m[1msavepack[22m | 保存文件：res://assets/image/garden/Zen_WheelBarrow.png.import[39m[0m
[  25% ] [90m[1msavepack[22m | 保存文件：res://.godot/imported/BungeeCord.png-f649eec1bcc6af208ccdee427b903720.ctex[39m[0m
[  25% ] [90m[1msavepack[22m | 保存文件：res://assets/image/main_game_item/zombie_items/BungeeCord.png.import[39m[0m
[  25% ] [90m[1msavepack[22m | 保存文件：res://.godot/imported/BungeeTarget.png-b0693ba59a912c83853fe9a3776d3dab.ctex[39m[0m
[  25% ] [90m[1msavepack[22m | 保存文件：res://assets/image/main_game_item/zombie_items/BungeeTarget.png.import[39m[0m
[  25% ] [90m[1msavepack[22m | 保存文件：res://.godot/imported/AwardScreen_Back.jpg-997945a27366ad4bab90f86a222a7f8d.ctex[39m[0m
[  25% ] [90m[1msavepack[22m | 保存文件：res://assets/image/main_game_item/AwardScreen_Back.jpg.import[39m[0m
[  25% ] [90m[1msavepack[22m | 保存文件：res://.godot/imported/Beghouled_Twist_overlay.png-e80a4f5dea8dab1730746a1551abd985.ctex[39m[0m
[  25% ] [90m[1msavepack[22m | 保存文件：res://assets/image/main_game_item/Beghouled_Twist_overlay.png.import[39m[0m
[  25% ] [90m[1msavepack[22m | 保存文件：res://.godot/imported/brain.png-e6f6ffa21bc67b9ce1745b8a982bfe47.ctex[39m[0m
[  25% ] [90m[1msavepack[22m | 保存文件：res://assets/image/main_game_item/brain.png.import[39m[0m
[  25% ] [90m[1msavepack[22m | 保存文件：res://.godot/imported/CarKeys.png-400b97cee10169cec460f4b1e322d4d7.ctex[39m[0m
[  25% ] [90m[1msavepack[22m | 保存文件：res://assets/image/main_game_item/CarKeys.png.import[39m[0m
[  25% ] [90m[1msavepack[22m | 保存文件：res://.godot/imported/CobCannon_popcorn.png-2d20e2a3833a72c41f1dfff4fbc1e1c0.ctex[39m[0m
[  25% ] [90m[1msavepack[22m | 保存文件：res://assets/image/main_game_item/CobCannon_popcorn.png.import[39m[0m
[  25% ] [90m[1msavepack[22m | 保存文件：res://.godot/imported/CobCannon_target.png-af2eb942cdd73b6bfb5dc0a275c4e4ae.ctex[39m[0m
[  25% ] [90m[1msavepack[22m | 保存文件：res://assets/image/main_game_item/CobCannon_target.png.import[39m[0m
[  25% ] [90m[1msavepack[22m | 保存文件：res://.godot/imported/CobCannon_target_shadow.png-8726b975bc49e7e9be731568d1a1e17a.ctex[39m[0m
[  25% ] [90m[1msavepack[22m | 保存文件：res://assets/image/main_game_item/CobCannon_target_shadow.png.import[39m[0m
[  25% ] [90m[1msavepack[22m | 保存文件：res://.godot/imported/crater.png-b9cc106507bb19c58ae6a07d05d8673c.ctex[39m[0m
[  25% ] [90m[1msavepack[22m | 保存文件：res://assets/image/main_game_item/crater.png.import[39m[0m
[  25% ] [90m[1msavepack[22m | 保存文件：res://.godot/imported/crater_fading.png-e3a1593f58bbefd655352c3816dcfd29.ctex[39m[0m
[  25% ] [90m[1msavepack[22m | 保存文件：res://assets/image/main_game_item/crater_fading.png.import[39m[0m
[  25% ] [90m[1msavepack[22m | 保存文件：res://.godot/imported/crater_roof_center.png-17d5a23d4a122f7a93f45120343b8ede.ctex[39m[0m
[  25% ] [90m[1msavepack[22m | 保存文件：res://assets/image/main_game_item/crater_roof_center.png.import[39m[0m
[  25% ] [90m[1msavepack[22m | 保存文件：res://.godot/imported/crater_roof_left.png-345781f50f0caa1b6a7b8b45f4a84da1.ctex[39m[0m
[  25% ] [90m[1msavepack[22m | 保存文件：res://assets/image/main_game_item/crater_roof_left.png.import[39m[0m
[  25% ] [90m[1msavepack[22m | 保存文件：res://.godot/imported/crater_water_day.png-5ea7bc88abeabc7c42ea65a99084350e.ctex[39m[0m
[  25% ] [90m[1msavepack[22m | 保存文件：res://assets/image/main_game_item/crater_water_day.png.import[39m[0m
[  25% ] [90m[1msavepack[22m | 保存文件：res://.godot/imported/crater_water_night.png-7f18467e60cddec0ce93bea9d611af84.ctex[39m[0m
[  25% ] [90m[1msavepack[22m | 保存文件：res://assets/image/main_game_item/crater_water_night.png.import[39m[0m
[  25% ] [90m[1msavepack[22m | 保存文件：res://.godot/imported/Credits_BigBrain.jpg-86b38e76a2b68fc2138a213c3cdbee37.ctex[39m[0m
[  25% ] [90m[1msavepack[22m | 保存文件：res://assets/image/main_game_item/Credits_BigBrain.jpg.import[39m[0m
[  25% ] [90m[1msavepack[22m | 保存文件：res://.godot/imported/Credits_BigBrain_.png-76eb8ccd5222159a1a973d2130698039.ctex[39m[0m
[  25% ] [90m[1msavepack[22m | 保存文件：res://assets/image/main_game_item/Credits_BigBrain_.png.import[39m[0m
[  25% ] [90m[1msavepack[22m | 保存文件：res://.godot/imported/Credits_PlayButton.png-d3f264d6517d52d5a90e8cfb569940c0.ctex[39m[0m
[  25% ] [90m[1msavepack[22m | 保存文件：res://assets/image/main_game_item/Credits_PlayButton.png.import[39m[0m
[  25% ] [90m[1msavepack[22m | 保存文件：res://.godot/imported/Credits_ZombieNoteBlack.png-aced13c63f94ac9b8e74ab4b8ed49ede.ctex[39m[0m
[  25% ] [90m[1msavepack[22m | 保存文件：res://assets/image/main_game_item/Credits_ZombieNoteBlack.png.import[39m[0m
[  25% ] [90m[1msavepack[22m | 保存文件：res://.godot/imported/fog.jpg-338fbf29de05b231b85a84a00a2b784a.ctex[39m[0m
[  25% ] [90m[1msavepack[22m | 保存文件：res://assets/image/main_game_item/fog.jpg.import[39m[0m
[  25% ] [90m[1msavepack[22m | 保存文件：res://.godot/imported/fog.png-ecf1c631d2032b7c858ad483ea86caf2.ctex[39m[0m
[  25% ] [90m[1msavepack[22m | 保存文件：res://assets/image/main_game_item/fog.png.import[39m[0m
[  25% ] [90m[1msavepack[22m | 保存文件：res://.godot/imported/fog_.jpg-55171ee7df64a740c3685bd28ac68d58.ctex[39m[0m
[  25% ] [90m[1msavepack[22m | 保存文件：res://assets/image/main_game_item/fog_.jpg.import[39m[0m
[  25% ] [90m[1msavepack[22m | 保存文件：res://.godot/imported/fog_software.png-0fc26065d117ca948a068cb4c02f03a2.ctex[39m[0m
[  25% ] [90m[1msavepack[22m | 保存文件：res://assets/image/main_game_item/fog_software.png.import[39m[0m
[  25% ] [90m[1msavepack[22m | 保存文件：res://.godot/imported/ice.png-b670c3d42c709c618317477c42a98f0f.ctex[39m[0m
[  25% ] [90m[1msavepack[22m | 保存文件：res://assets/image/main_game_item/ice.png.import[39m[0m
[  25% ] [90m[1msavepack[22m | 保存文件：res://.godot/imported/icetrap2.png-e37687a96c19b37ac9a4513327c84b8c.ctex[39m[0m
[  25% ] [90m[1msavepack[22m | 保存文件：res://assets/image/main_game_item/icetrap2.png.import[39m[0m
[  25% ] [90m[1msavepack[22m | 保存文件：res://.godot/imported/icetrap.png-f1225074b0b0d0947fd42cc2bb293f30.ctex[39m[0m
[  25% ] [90m[1msavepack[22m | 保存文件：res://assets/image/main_game_item/icetrap.png.import[39m[0m
[  25% ] [90m[1msavepack[22m | 保存文件：res://.godot/imported/ice_cap.png-a968fcde365c998007c1618c3182365b.ctex[39m[0m
[  25% ] [90m[1msavepack[22m | 保存文件：res://assets/image/main_game_item/ice_cap.png.import[39m[0m
[  25% ] [90m[1msavepack[22m | 保存文件：res://.godot/imported/icon_poolcleaner.png-0f34106299142dd86883713ae989a3ac.ctex[39m[0m
[  25% ] [90m[1msavepack[22m | 保存文件：res://assets/image/main_game_item/icon_poolcleaner.png.import[39m[0m
[  25% ] [90m[1msavepack[22m | 保存文件：res://.godot/imported/icon_rake.png-dbf0376e914f18e499bfb266ea88bbc7.ctex[39m[0m
[  25% ] [90m[1msavepack[22m | 保存文件：res://assets/image/main_game_item/icon_rake.png.import[39m[0m
[  26% ] [90m[1msavepack[22m | 保存文件：res://.godot/imported/icon_roofcleaner.png-3075e710d1e740af54884cc017f5fd1b.ctex[39m[0m
[  26% ] [90m[1msavepack[22m | 保存文件：res://assets/image/main_game_item/icon_roofcleaner.png.import[39m[0m
[  26% ] [90m[1msavepack[22m | 保存文件：res://.godot/imported/ImitaterSeed.png-61bf195269cc5fbbcdd930fce9739b06.ctex[39m[0m
[  26% ] [90m[1msavepack[22m | 保存文件：res://assets/image/main_game_item/ImitaterSeed.png.import[39m[0m
[  26% ] [90m[1msavepack[22m | 保存文件：res://.godot/imported/ImitaterSeedDisabled.png-659e91b59f082dac9db547a3f0be9720.ctex[39m[0m
[  26% ] [90m[1msavepack[22m | 保存文件：res://assets/image/main_game_item/ImitaterSeedDisabled.png.import[39m[0m
[  26% ] [90m[1msavepack[22m | 保存文件：res://.godot/imported/LoadBar_dirt.png-224de13616f234359f0687e203d52d83.ctex[39m[0m
[  26% ] [90m[1msavepack[22m | 保存文件：res://assets/image/main_game_item/LoadBar_dirt.png.import[39m[0m
[  26% ] [90m[1msavepack[22m | 保存文件：res://.godot/imported/LoadBar_grass.png-ca136c794930ee85b0f4c27591ecbf7e.ctex[39m[0m
[  26% ] [90m[1msavepack[22m | 保存文件：res://assets/image/main_game_item/LoadBar_grass.png.import[39m[0m
[  26% ] [90m[1msavepack[22m | 保存文件：res://.godot/imported/lock.png-60c9aab277674a62e85dba2ff525819e.ctex[39m[0m
[  26% ] [90m[1msavepack[22m | 保存文件：res://assets/image/main_game_item/lock.png.import[39m[0m
[  26% ] [90m[1msavepack[22m | 保存文件：res://.godot/imported/lock_open.png-c234e6e2888ddbc3f6446d2c44b010ab.ctex[39m[0m
[  26% ] [90m[1msavepack[22m | 保存文件：res://assets/image/main_game_item/lock_open.png.import[39m[0m
[  26% ] [90m[1msavepack[22m | 保存文件：res://.godot/imported/Night_grave_graphic.png-e5c96fed73b0f726614ae5747c6fae0f.ctex[39m[0m
[  26% ] [90m[1msavepack[22m | 保存文件：res://assets/image/main_game_item/Night_grave_graphic.png.import[39m[0m
[  26% ] [90m[1msavepack[22m | 保存文件：res://.godot/imported/PopCap_Logo.jpg-17db968eb8c6c682ce2e1dbaf6bcf41d.ctex[39m[0m
[  26% ] [90m[1msavepack[22m | 保存文件：res://assets/image/main_game_item/PopCap_Logo.jpg.import[39m[0m
[  26% ] [90m[1msavepack[22m | 保存文件：res://.godot/imported/RockSmall.png-bc017a792736eabe42e5324b30e39d92.ctex[39m[0m
[  26% ] [90m[1msavepack[22m | 保存文件：res://assets/image/main_game_item/RockSmall.png.import[39m[0m
[  26% ] [90m[1msavepack[22m | 保存文件：res://.godot/imported/Scary_Pot.png-d83862b2cf249c3be86fc5adca5e58d7.ctex[39m[0m
[  26% ] [90m[1msavepack[22m | 保存文件：res://assets/image/main_game_item/Scary_Pot.png.import[39m[0m
[  26% ] [90m[1msavepack[22m | 保存文件：res://.godot/imported/Scary_Pot_water.png-74e1f50196f10a505d1c1ece1bf18d2d.ctex[39m[0m
[  26% ] [90m[1msavepack[22m | 保存文件：res://assets/image/main_game_item/Scary_Pot_water.png.import[39m[0m
[  26% ] [90m[1msavepack[22m | 保存文件：res://.godot/imported/SelectorScreen_LevelNumbers.png-fc17df9dde28abc80601ce41b4a0f8f2.ctex[39m[0m
[  26% ] [90m[1msavepack[22m | 保存文件：res://assets/image/main_game_item/SelectorScreen_LevelNumbers.png.import[39m[0m
[  26% ] [90m[1msavepack[22m | 保存文件：res://.godot/imported/spotlight2.png-94ea8a2773d1df77a3f3e04d9e405b8b.ctex[39m[0m
[  26% ] [90m[1msavepack[22m | 保存文件：res://assets/image/main_game_item/spotlight2.png.import[39m[0m
[  26% ] [90m[1msavepack[22m | 保存文件：res://.godot/imported/spotlight.png-7441939491f78339f7d80252a75e9810.ctex[39m[0m
[  26% ] [90m[1msavepack[22m | 保存文件：res://assets/image/main_game_item/spotlight.png.import[39m[0m
[  26% ] [90m[1msavepack[22m | 保存文件：res://.godot/imported/Taco.png-041d9e64ae316c61d2af7ae577bb7ac5.ctex[39m[0m
[  26% ] [90m[1msavepack[22m | 保存文件：res://assets/image/main_game_item/Taco.png.import[39m[0m
[  26% ] [90m[1msavepack[22m | 保存文件：res://.godot/imported/Tombstones.jpg-1774f3067e87bb2b6beb1d79a6ea032c.ctex[39m[0m
[  26% ] [90m[1msavepack[22m | 保存文件：res://assets/image/main_game_item/Tombstones.jpg.import[39m[0m
[  26% ] [90m[1msavepack[22m | 保存文件：res://.godot/imported/Tombstones.png-5e0830e2beee37bbea7e35d1a50cd7dc.ctex[39m[0m
[  26% ] [90m[1msavepack[22m | 保存文件：res://assets/image/main_game_item/Tombstones.png.import[39m[0m
[  26% ] [90m[1msavepack[22m | 保存文件：res://.godot/imported/Tombstones_.png-c229eb75b73083fb12f26177b354ffda.ctex[39m[0m
[  26% ] [90m[1msavepack[22m | 保存文件：res://assets/image/main_game_item/Tombstones_.png.import[39m[0m
[  26% ] [90m[1msavepack[22m | 保存文件：res://.godot/imported/Tombstone_mounds.png-66480e57b771f56045838856f7b8aee4.ctex[39m[0m
[  26% ] [90m[1msavepack[22m | 保存文件：res://assets/image/main_game_item/Tombstone_mounds.png.import[39m[0m
[  26% ] [90m[1msavepack[22m | 保存文件：res://.godot/imported/whitewater.png-ff8070f42d952190a14b2d8a8c5d5c2c.ctex[39m[0m
[  26% ] [90m[1msavepack[22m | 保存文件：res://assets/image/main_game_item/whitewater.png.import[39m[0m
[  26% ] [90m[1msavepack[22m | 保存文件：res://.godot/imported/whitewater_shadow.png-73ae1d1a78cd72a92be5a1fa79febe17.ctex[39m[0m
[  26% ] [90m[1msavepack[22m | 保存文件：res://assets/image/main_game_item/whitewater_shadow.png.import[39m[0m
[  26% ] [90m[1msavepack[22m | 保存文件：res://.godot/imported/Zombie_bobsled_inside.png-442bd77288365ba8dd5d849af88bf5d9.ctex[39m[0m
[  26% ] [90m[1msavepack[22m | 保存文件：res://assets/image/main_game_item/Zombie_bobsled_inside.png.import[39m[0m
[  26% ] [90m[1msavepack[22m | 保存文件：res://.godot/imported/BlastMark.png-063ffd5f9f8a9b9fcfe59cb78f5194c2.ctex[39m[0m
[  26% ] [90m[1msavepack[22m | 保存文件：res://assets/image/particles/bullet/BlastMark.png.import[39m[0m
[  26% ] [90m[1msavepack[22m | 保存文件：res://.godot/imported/DoomShroom_Explosion_Base.png-17703fc7b73ac735b424202f5d0381d3.ctex[39m[0m
[  26% ] [90m[1msavepack[22m | 保存文件：res://assets/image/particles/bullet/DoomShroom_Explosion_Base.png.import[39m[0m
[  26% ] [90m[1msavepack[22m | 保存文件：res://.godot/imported/DoomShroom_Explosion_Stem.png-116e6b54c107af9c77e8b37612009999.ctex[39m[0m
[  26% ] [90m[1msavepack[22m | 保存文件：res://assets/image/particles/bullet/DoomShroom_Explosion_Stem.png.import[39m[0m
[  26% ] [90m[1msavepack[22m | 保存文件：res://.godot/imported/DoomShroom_Explosion_Top.png-b73f105c4ca72b1c063c36c5f9ffa16c.ctex[39m[0m
[  26% ] [90m[1msavepack[22m | 保存文件：res://assets/image/particles/bullet/DoomShroom_Explosion_Top.png.import[39m[0m
[  26% ] [90m[1msavepack[22m | 保存文件：res://.godot/imported/Melonpult_particles.png-34ed0268ce7590c0121e41e193fbe64a.ctex[39m[0m
[  26% ] [90m[1msavepack[22m | 保存文件：res://assets/image/particles/bullet/Melonpult_particles.png.import[39m[0m
[  26% ] [90m[1msavepack[22m | 保存文件：res://.godot/imported/Pea_particles.png-adbcd6a6c28e05fb44d87629e1b0a4ed.ctex[39m[0m
[  26% ] [90m[1msavepack[22m | 保存文件：res://assets/image/particles/bullet/Pea_particles.png.import[39m[0m
[  26% ] [90m[1msavepack[22m | 保存文件：res://.godot/imported/pea_splats.png-2c34ead3489d6db85a9168adf7c8e3e1.ctex[39m[0m
[  26% ] [90m[1msavepack[22m | 保存文件：res://assets/image/particles/bullet/pea_splats.png.import[39m[0m
[  26% ] [90m[1msavepack[22m | 保存文件：res://.godot/imported/PuffShroom_puff1.png-41ddde5049ac22f524dd53aafe038dc7.ctex[39m[0m
[  26% ] [90m[1msavepack[22m | 保存文件：res://assets/image/particles/bullet/PuffShroom_puff1.png.import[39m[0m
[  26% ] [90m[1msavepack[22m | 保存文件：res://.godot/imported/PuffShroom_puff2.png-c23338ec4b68b327a7807b32c8185e1b.ctex[39m[0m
[  26% ] [90m[1msavepack[22m | 保存文件：res://assets/image/particles/bullet/PuffShroom_puff2.png.import[39m[0m
[  26% ] [90m[1msavepack[22m | 保存文件：res://.godot/imported/SnowFlakes.png-2cd8b55fa7343c204148066bcc16d555.ctex[39m[0m
[  26% ] [90m[1msavepack[22m | 保存文件：res://assets/image/particles/bullet/SnowFlakes.png.import[39m[0m
[  26% ] [90m[1msavepack[22m | 保存文件：res://.godot/imported/SnowPea_particles.png-11516b0e758f7078e0938febc819992d.ctex[39m[0m
[  26% ] [90m[1msavepack[22m | 保存文件：res://assets/image/particles/bullet/SnowPea_particles.png.import[39m[0m
[  26% ] [90m[1msavepack[22m | 保存文件：res://.godot/imported/SnowPea_puff.png-a12dd9b6d2af217cebd219757c3323c4.ctex[39m[0m
[  26% ] [90m[1msavepack[22m | 保存文件：res://assets/image/particles/bullet/SnowPea_puff.png.import[39m[0m
[  26% ] [90m[1msavepack[22m | 保存文件：res://.godot/imported/SnowPea_splats.png-1d0b15ac3836551c396ab5ca43bfae74.ctex[39m[0m
[  26% ] [90m[1msavepack[22m | 保存文件：res://assets/image/particles/bullet/SnowPea_splats.png.import[39m[0m
[  26% ] [90m[1msavepack[22m | 保存文件：res://.godot/imported/Star_particles.png-46364d9452da30a610ade520a25c0f26.ctex[39m[0m
[  26% ] [90m[1msavepack[22m | 保存文件：res://assets/image/particles/bullet/Star_particles.png.import[39m[0m
[  26% ] [90m[1msavepack[22m | 保存文件：res://.godot/imported/Star_splats.png-fb6ca9d109fbb81c2d61ed4a4c9bc585.ctex[39m[0m
[  26% ] [90m[1msavepack[22m | 保存文件：res://assets/image/particles/bullet/Star_splats.png.import[39m[0m
[  27% ] [90m[1msavepack[22m | 保存文件：res://.godot/imported/WallnutParticlesLarge.png-5851dbdcbe567e8b71842ea19349962f.ctex[39m[0m
[  27% ] [90m[1msavepack[22m | 保存文件：res://assets/image/particles/bullet/WallnutParticlesLarge.png.import[39m[0m
[  27% ] [90m[1msavepack[22m | 保存文件：res://.godot/imported/WallnutParticlesSmall.png-465478f89b3ef2479d7753b578376c8c.ctex[39m[0m
[  27% ] [90m[1msavepack[22m | 保存文件：res://assets/image/particles/bullet/WallnutParticlesSmall.png.import[39m[0m
[  27% ] [90m[1msavepack[22m | 保存文件：res://.godot/imported/WinterMelon_particles.png-904d493da3d38fac6a8fe306922526b2.ctex[39m[0m
[  27% ] [90m[1msavepack[22m | 保存文件：res://assets/image/particles/bullet/WinterMelon_particles.png.import[39m[0m
[  27% ] [90m[1msavepack[22m | 保存文件：res://.godot/imported/BossExplosion1.png-a3bd423425600f6b3dc8568b4ae9e369.ctex[39m[0m
[  27% ] [90m[1msavepack[22m | 保存文件：res://assets/image/particles/BossExplosion1.png.import[39m[0m
[  27% ] [90m[1msavepack[22m | 保存文件：res://.godot/imported/BossExplosion2.png-9d993506447eb48200727294140ddac6.ctex[39m[0m
[  27% ] [90m[1msavepack[22m | 保存文件：res://assets/image/particles/BossExplosion2.png.import[39m[0m
[  27% ] [90m[1msavepack[22m | 保存文件：res://.godot/imported/BossExplosion3.png-25400e333c263e5622a126e04e43b493.ctex[39m[0m
[  27% ] [90m[1msavepack[22m | 保存文件：res://assets/image/particles/BossExplosion3.png.import[39m[0m
[  27% ] [90m[1msavepack[22m | 保存文件：res://.godot/imported/Daisy.png-f341b41a011c934e38c7735d3f44a08d.ctex[39m[0m
[  27% ] [90m[1msavepack[22m | 保存文件：res://assets/image/particles/Daisy.png.import[39m[0m
[  27% ] [90m[1msavepack[22m | 保存文件：res://.godot/imported/Diamond_Shine.png-471a477dbc8b35a6170094d90fdfb52e.ctex[39m[0m
[  27% ] [90m[1msavepack[22m | 保存文件：res://assets/image/particles/Diamond_Shine.png.import[39m[0m
[  27% ] [90m[1msavepack[22m | 保存文件：res://.godot/imported/dirtbig.png-79ee5d1d6e424bbc4c2433a17cf15ef4.ctex[39m[0m
[  27% ] [90m[1msavepack[22m | 保存文件：res://assets/image/particles/dirtbig.png.import[39m[0m
[  27% ] [90m[1msavepack[22m | 保存文件：res://.godot/imported/dirtsmall.png-3537b5281536e6e5b000ac4a30b858a8.ctex[39m[0m
[  27% ] [90m[1msavepack[22m | 保存文件：res://assets/image/particles/dirtsmall.png.import[39m[0m
[  27% ] [90m[1msavepack[22m | 保存文件：res://.godot/imported/Doom.png-539f5d4f5021af678186e50a6effa2eb.ctex[39m[0m
[  27% ] [90m[1msavepack[22m | 保存文件：res://assets/image/particles/Doom.png.import[39m[0m
[  27% ] [90m[1msavepack[22m | 保存文件：res://.godot/imported/DownArrow.png-41b47bea9f9092b566ca40d7753c63c0.ctex[39m[0m
[  27% ] [90m[1msavepack[22m | 保存文件：res://assets/image/particles/DownArrow.png.import[39m[0m
[  27% ] [90m[1msavepack[22m | 保存文件：res://.godot/imported/Dust_puffs.png-131cc33389450047d9a36a8c1b34698e.ctex[39m[0m
[  27% ] [90m[1msavepack[22m | 保存文件：res://assets/image/particles/Dust_puffs.png.import[39m[0m
[  27% ] [90m[1msavepack[22m | 保存文件：res://.godot/imported/ExplosionCloud.png-8e2e0161e8060feada2b6b5d4d28e831.ctex[39m[0m
[  27% ] [90m[1msavepack[22m | 保存文件：res://assets/image/particles/ExplosionCloud.png.import[39m[0m
[  27% ] [90m[1msavepack[22m | 保存文件：res://.godot/imported/ExplosionPowie.png-bf7286020d03a1d8e96eb8b1423946f3.ctex[39m[0m
[  27% ] [90m[1msavepack[22m | 保存文件：res://assets/image/particles/ExplosionPowie.png.import[39m[0m
[  27% ] [90m[1msavepack[22m | 保存文件：res://.godot/imported/ExplosionSpudow.png-b5b8a73860117f38eb136e7f4a6a3bb0.ctex[39m[0m
[  27% ] [90m[1msavepack[22m | 保存文件：res://assets/image/particles/ExplosionSpudow.png.import[39m[0m
[  27% ] [90m[1msavepack[22m | 保存文件：res://.godot/imported/glow_particle1.png-73feb0f34058861e721509e49f4c35c1.ctex[39m[0m
[  27% ] [90m[1msavepack[22m | 保存文件：res://assets/image/particles/glow_particle1.png.import[39m[0m
[  27% ] [90m[1msavepack[22m | 保存文件：res://.godot/imported/Glow_particle2.png-b2dea44b95cd8ad1a5f2cf6bcfbc7525.ctex[39m[0m
[  27% ] [90m[1msavepack[22m | 保存文件：res://assets/image/particles/Glow_particle2.png.import[39m[0m
[  27% ] [90m[1msavepack[22m | 保存文件：res://.godot/imported/icesparkle.png-63a2865a6837d0d97c1d2d18c2615faa.ctex[39m[0m
[  27% ] [90m[1msavepack[22m | 保存文件：res://assets/image/particles/icesparkle.png.import[39m[0m
[  27% ] [90m[1msavepack[22m | 保存文件：res://.godot/imported/IceTrail.png-cc241d272d01ac62861cb86ea8d8f165.ctex[39m[0m
[  27% ] [90m[1msavepack[22m | 保存文件：res://assets/image/particles/IceTrail.png.import[39m[0m
[  27% ] [90m[1msavepack[22m | 保存文件：res://.godot/imported/icetrap_particles.png-da1622230bfb485bb4b3d1b6543b78f4.ctex[39m[0m
[  27% ] [90m[1msavepack[22m | 保存文件：res://assets/image/particles/icetrap_particles.png.import[39m[0m
[  27% ] [90m[1msavepack[22m | 保存文件：res://.godot/imported/ice_sparkles.png-94e3c724c7bc106de8817d65da1fd8f8.ctex[39m[0m
[  27% ] [90m[1msavepack[22m | 保存文件：res://assets/image/particles/ice_sparkles.png.import[39m[0m
[  27% ] [90m[1msavepack[22m | 保存文件：res://.godot/imported/ImitaterClouds.png-e85f4ce9336c68d6c4e86a6b0629eb3f.ctex[39m[0m
[  27% ] [90m[1msavepack[22m | 保存文件：res://assets/image/particles/ImitaterClouds.png.import[39m[0m
[  27% ] [90m[1msavepack[22m | 保存文件：res://.godot/imported/ImitaterPuffs.png-95a46ea732c3fa32c4ade1ed9be37907.ctex[39m[0m
[  27% ] [90m[1msavepack[22m | 保存文件：res://assets/image/particles/ImitaterPuffs.png.import[39m[0m
[  27% ] [90m[1msavepack[22m | 保存文件：res://.godot/imported/LanternShine.png-d56ac1cc310eab9988d93f1c256b6f7c.ctex[39m[0m
[  27% ] [90m[1msavepack[22m | 保存文件：res://assets/image/particles/LanternShine.png.import[39m[0m
[  27% ] [90m[1msavepack[22m | 保存文件：res://.godot/imported/MindControl.png-b891f75f5dd47d58fc727d3f87c0a0ec.ctex[39m[0m
[  27% ] [90m[1msavepack[22m | 保存文件：res://assets/image/particles/MindControl.png.import[39m[0m
[  27% ] [90m[1msavepack[22m | 保存文件：res://.godot/imported/Pinata.png-b02a9bc6760da3252d2badb225e95551.ctex[39m[0m
[  27% ] [90m[1msavepack[22m | 保存文件：res://assets/image/particles/Pinata.png.import[39m[0m
[  27% ] [90m[1msavepack[22m | 保存文件：res://.godot/imported/PoolSparkly.png-a922ca84c4093208a1fe486dc36ca46d.ctex[39m[0m
[  27% ] [90m[1msavepack[22m | 保存文件：res://assets/image/particles/PoolSparkly.png.import[39m[0m
[  27% ] [90m[1msavepack[22m | 保存文件：res://.godot/imported/PotatoMineFlash.png-f5f7c1d4cb7b1017dcba4750ae56e588.ctex[39m[0m
[  27% ] [90m[1msavepack[22m | 保存文件：res://assets/image/particles/PotatoMineFlash.png.import[39m[0m
[  27% ] [90m[1msavepack[22m | 保存文件：res://.godot/imported/PotatoMine_particles.png-9e73b8ea54dfe2bf73406a0a50d56e8a.ctex[39m[0m
[  27% ] [90m[1msavepack[22m | 保存文件：res://assets/image/particles/PotatoMine_particles.png.import[39m[0m
[  27% ] [90m[1msavepack[22m | 保存文件：res://.godot/imported/Pow.png-79630748bd4f60c5a4da89b6aed23d4b.ctex[39m[0m
[  27% ] [90m[1msavepack[22m | 保存文件：res://assets/image/particles/Pow.png.import[39m[0m
[  27% ] [90m[1msavepack[22m | 保存文件：res://.godot/imported/Rain.png-2ed96e923c2a2fa75d575652706df0b3.ctex[39m[0m
[  27% ] [90m[1msavepack[22m | 保存文件：res://assets/image/particles/Rain.png.import[39m[0m
[  27% ] [90m[1msavepack[22m | 保存文件：res://.godot/imported/rain_drop.png-adb2aa04e6a2b85015cc5d3319f68949.ctex[39m[0m
[  27% ] [90m[1msavepack[22m | 保存文件：res://assets/image/particles/rain_drop.png.import[39m[0m
[  27% ] [90m[1msavepack[22m | 保存文件：res://.godot/imported/SeedPacketFlash.png-3ac0b79200379123850934769d949ba3.ctex[39m[0m
[  27% ] [90m[1msavepack[22m | 保存文件：res://assets/image/particles/SeedPacketFlash.png.import[39m[0m
[  27% ] [90m[1msavepack[22m | 保存文件：res://.godot/imported/SeedPacketGlow.png-707cbf3c34317cd3ca8435cde692cfd9.ctex[39m[0m
[  27% ] [90m[1msavepack[22m | 保存文件：res://assets/image/particles/SeedPacketGlow.png.import[39m[0m
[  27% ] [90m[1msavepack[22m | 保存文件：res://.godot/imported/Sproing.png-3da320b63cb0463d524a6e830c5feea7.ctex[39m[0m
[  27% ] [90m[1msavepack[22m | 保存文件：res://assets/image/particles/Sproing.png.import[39m[0m
[  27% ] [90m[1msavepack[22m | 保存文件：res://.godot/imported/Star40.png-ab050c7d6bea95a2e1254ca3da81d98f.ctex[39m[0m
[  27% ] [90m[1msavepack[22m | 保存文件：res://assets/image/particles/Star40.png.import[39m[0m
[  27% ] [90m[1msavepack[22m | 保存文件：res://.godot/imported/vase_chunks.png-866a7e98f7923bc721ad673235b67a0a.ctex[39m[0m
[  27% ] [90m[1msavepack[22m | 保存文件：res://assets/image/particles/vase_chunks.png.import[39m[0m
[  28% ] [90m[1msavepack[22m | 保存文件：res://.godot/imported/waterparticle.png-bbf1c078745f51605b08ad8ee50d1e07.ctex[39m[0m
[  28% ] [90m[1msavepack[22m | 保存文件：res://assets/image/particles/waterparticle.png.import[39m[0m
[  28% ] [90m[1msavepack[22m | 保存文件：res://.godot/imported/WhiteEllipse.png-d0840e71d6682778ccf35d5010651547.ctex[39m[0m
[  28% ] [90m[1msavepack[22m | 保存文件：res://assets/image/particles/WhiteEllipse.png.import[39m[0m
[  28% ] [90m[1msavepack[22m | 保存文件：res://.godot/imported/WhitePixel.png-f69cd64dbc07eb1bce1ff79ca33e4606.ctex[39m[0m
[  28% ] [90m[1msavepack[22m | 保存文件：res://assets/image/particles/WhitePixel.png.import[39m[0m
[  28% ] [90m[1msavepack[22m | 保存文件：res://.godot/imported/ZamboniSmoke.png-cf3de0bee0f4ee4992c88513ddc770e5.ctex[39m[0m
[  28% ] [90m[1msavepack[22m | 保存文件：res://assets/image/particles/ZamboniSmoke.png.import[39m[0m
[  28% ] [90m[1msavepack[22m | 保存文件：res://.godot/imported/ZombieFutureGlasses.png-ff1d43680e652e020d99a8b324f7ab20.ctex[39m[0m
[  28% ] [90m[1msavepack[22m | 保存文件：res://assets/image/particles/ZombieFutureGlasses.png.import[39m[0m
[  28% ] [90m[1msavepack[22m | 保存文件：res://.godot/imported/ZombiePogo.png-dd4ee78fe3510d1f94372feb2265ccbb.ctex[39m[0m
[  28% ] [90m[1msavepack[22m | 保存文件：res://assets/image/particles/ZombiePogo.png.import[39m[0m
[  28% ] [90m[1msavepack[22m | 保存文件：res://.godot/imported/Zombie_boss_fireball_additiveparticle.png-f1ff180eafab0d040e33cab19e544325.ctex[39m[0m
[  28% ] [90m[1msavepack[22m | 保存文件：res://assets/image/particles/Zombie_boss_fireball_additiveparticle.png.import[39m[0m
[  28% ] [90m[1msavepack[22m | 保存文件：res://.godot/imported/Zombie_boss_fireball_groundparticles.png-874fb0fabb437f991bd8c37931cc1770.ctex[39m[0m
[  28% ] [90m[1msavepack[22m | 保存文件：res://assets/image/particles/Zombie_boss_fireball_groundparticles.png.import[39m[0m
[  28% ] [90m[1msavepack[22m | 保存文件：res://.godot/imported/Zombie_boss_fireball_particles.png-8414b7bbf54c799a62cb8c6b51b108cd.ctex[39m[0m
[  28% ] [90m[1msavepack[22m | 保存文件：res://assets/image/particles/Zombie_boss_fireball_particles.png.import[39m[0m
[  28% ] [90m[1msavepack[22m | 保存文件：res://.godot/imported/Zombie_boss_iceball_groundparticles.png-2591ac1690590b53f96780feef0f4ff1.ctex[39m[0m
[  28% ] [90m[1msavepack[22m | 保存文件：res://assets/image/particles/Zombie_boss_iceball_groundparticles.png.import[39m[0m
[  28% ] [90m[1msavepack[22m | 保存文件：res://.godot/imported/Zombie_boss_iceball_particles.png-5600c107cfa87447475c303004cda9fa.ctex[39m[0m
[  28% ] [90m[1msavepack[22m | 保存文件：res://assets/image/particles/Zombie_boss_iceball_particles.png.import[39m[0m
[  28% ] [90m[1msavepack[22m | 保存文件：res://.godot/imported/Zombie_seaweed.png-6cdf5e7734be44c87f1f9a6949d3428b.ctex[39m[0m
[  28% ] [90m[1msavepack[22m | 保存文件：res://assets/image/particles/Zombie_seaweed.png.import[39m[0m
[  28% ] [90m[1msavepack[22m | 保存文件：res://.godot/imported/Zomboss_particles.png-c4e529f24fea482bb5910aa09e13c720.ctex[39m[0m
[  28% ] [90m[1msavepack[22m | 保存文件：res://assets/image/particles/Zomboss_particles.png.import[39m[0m
[  28% ] [90m[1msavepack[22m | 保存文件：res://.godot/imported/plantshadow2.png-5a34696e9f3d5a1da33565dab894502e.ctex[39m[0m
[  28% ] [90m[1msavepack[22m | 保存文件：res://assets/image/plant/plantshadow2.png.import[39m[0m
[  28% ] [90m[1msavepack[22m | 保存文件：res://.godot/imported/plantshadow.png-7ff04182a453e5bb59194d990348d26d.ctex[39m[0m
[  28% ] [90m[1msavepack[22m | 保存文件：res://assets/image/plant/plantshadow.png.import[39m[0m
[  28% ] [90m[1msavepack[22m | 保存文件：res://.godot/imported/zzz.png-be076178fd0534d7e48fab4d7bfa28be.ctex[39m[0m
[  28% ] [90m[1msavepack[22m | 保存文件：res://assets/image/plant/zzz.png.import[39m[0m
[  28% ] [90m[1msavepack[22m | 保存文件：res://.godot/imported/pea_shadows.png-a1116aa905171949c55b15c93a396404.ctex[39m[0m
[  28% ] [90m[1msavepack[22m | 保存文件：res://assets/image/projectile/pea_shadows.png.import[39m[0m
[  28% ] [90m[1msavepack[22m | 保存文件：res://.godot/imported/ProjectileCactus.png-27a74087ec1ec93b8e703ddd37ed598e.ctex[39m[0m
[  28% ] [90m[1msavepack[22m | 保存文件：res://assets/image/projectile/ProjectileCactus.png.import[39m[0m
[  28% ] [90m[1msavepack[22m | 保存文件：res://.godot/imported/ProjectilePea.png-76f59b68e05b5dff4b47b32dc72d3a3c.ctex[39m[0m
[  28% ] [90m[1msavepack[22m | 保存文件：res://assets/image/projectile/ProjectilePea.png.import[39m[0m
[  28% ] [90m[1msavepack[22m | 保存文件：res://.godot/imported/ProjectileSnowPea.png-03e26eb424d967158f49a47982a73f08.ctex[39m[0m
[  28% ] [90m[1msavepack[22m | 保存文件：res://assets/image/projectile/ProjectileSnowPea.png.import[39m[0m
[  28% ] [90m[1msavepack[22m | 保存文件：res://.godot/imported/Projectile_star.png-28e9b4103f59da793f73f6ad8504dcdc.ctex[39m[0m
[  28% ] [90m[1msavepack[22m | 保存文件：res://assets/image/projectile/Projectile_star.png.import[39m[0m
[  28% ] [90m[1msavepack[22m | 保存文件：res://.godot/imported/Store_AquariumGardenIcon.png-bd9437983dedd4383f9822189c730f81.ctex[39m[0m
[  28% ] [90m[1msavepack[22m | 保存文件：res://assets/image/store/Store_AquariumGardenIcon.png.import[39m[0m
[  28% ] [90m[1msavepack[22m | 保存文件：res://.godot/imported/Store_Background.jpg-4588a8263204206bcc16efc93f81e944.ctex[39m[0m
[  28% ] [90m[1msavepack[22m | 保存文件：res://assets/image/store/Store_Background.jpg.import[39m[0m
[  28% ] [90m[1msavepack[22m | 保存文件：res://.godot/imported/Store_BackgroundNight.jpg-39ae0b69c76d9d6fd035c8870b7f7486.ctex[39m[0m
[  28% ] [90m[1msavepack[22m | 保存文件：res://assets/image/store/Store_BackgroundNight.jpg.import[39m[0m
[  28% ] [90m[1msavepack[22m | 保存文件：res://.godot/imported/Store_Bg_New.png-4e7ef0ec29545c4d45b8d1a7ca0de3b0.ctex[39m[0m
[  28% ] [90m[1msavepack[22m | 保存文件：res://assets/image/store/Store_Bg_New.png.import[39m[0m
[  28% ] [90m[1msavepack[22m | 保存文件：res://.godot/imported/Store_Car.jpg-19b40a439a59417533588ec6dd8e536c.ctex[39m[0m
[  28% ] [90m[1msavepack[22m | 保存文件：res://assets/image/store/Store_Car.jpg.import[39m[0m
[  28% ] [90m[1msavepack[22m | 保存文件：res://.godot/imported/Store_Car.png-284552e8d280e719cf2b043e7533d294.ctex[39m[0m
[  28% ] [90m[1msavepack[22m | 保存文件：res://assets/image/store/Store_Car.png.import[39m[0m
[  28% ] [90m[1msavepack[22m | 保存文件：res://.godot/imported/Store_CarClosed.jpg-f2ea525be06766cac8ef76cf2a661e3f.ctex[39m[0m
[  28% ] [90m[1msavepack[22m | 保存文件：res://assets/image/store/Store_CarClosed.jpg.import[39m[0m
[  28% ] [90m[1msavepack[22m | 保存文件：res://.godot/imported/Store_CarClosed.png-7ffb8db1e50566d12f8991af1fa68d8d.ctex[39m[0m
[  28% ] [90m[1msavepack[22m | 保存文件：res://assets/image/store/Store_CarClosed.png.import[39m[0m
[  28% ] [90m[1msavepack[22m | 保存文件：res://.godot/imported/Store_CarClosed_.png-c82800a38aa8ad0efddb11992c7557de.ctex[39m[0m
[  28% ] [90m[1msavepack[22m | 保存文件：res://assets/image/store/Store_CarClosed_.png.import[39m[0m
[  28% ] [90m[1msavepack[22m | 保存文件：res://.godot/imported/Store_CarClosed_night.png-3dba5e159ced556a415575c7aae83c90.ctex[39m[0m
[  28% ] [90m[1msavepack[22m | 保存文件：res://assets/image/store/Store_CarClosed_night.png.import[39m[0m
[  28% ] [90m[1msavepack[22m | 保存文件：res://.godot/imported/Store_Car_.png-ae9c57ff080bc0903932168c18d14858.ctex[39m[0m
[  28% ] [90m[1msavepack[22m | 保存文件：res://assets/image/store/Store_Car_.png.import[39m[0m
[  28% ] [90m[1msavepack[22m | 保存文件：res://.godot/imported/Store_Car_night.png-9fc7614166e9b334a6054c8a1eea2657.ctex[39m[0m
[  28% ] [90m[1msavepack[22m | 保存文件：res://assets/image/store/Store_Car_night.png.import[39m[0m
[  28% ] [90m[1msavepack[22m | 保存文件：res://.godot/imported/Store_FirstAidWallnutIcon.png-6b8b0bbc24d416112d6e0ab4d0054158.ctex[39m[0m
[  28% ] [90m[1msavepack[22m | 保存文件：res://assets/image/store/Store_FirstAidWallnutIcon.png.import[39m[0m
[  28% ] [90m[1msavepack[22m | 保存文件：res://.godot/imported/Store_HatchbackOpen.png-34c701d37422453c4078b5203f07e052.ctex[39m[0m
[  28% ] [90m[1msavepack[22m | 保存文件：res://assets/image/store/Store_HatchbackOpen.png.import[39m[0m
[  28% ] [90m[1msavepack[22m | 保存文件：res://.godot/imported/Store_MainMenuButton.png-072e97284d2fdec6d57c2f413432f404.ctex[39m[0m
[  28% ] [90m[1msavepack[22m | 保存文件：res://assets/image/store/Store_MainMenuButton.png.import[39m[0m
[  28% ] [90m[1msavepack[22m | 保存文件：res://.godot/imported/Store_MainMenuButtonDown.png-873bc990f0cef347a2fcb9bb1ebb305f.ctex[39m[0m
[  28% ] [90m[1msavepack[22m | 保存文件：res://assets/image/store/Store_MainMenuButtonDown.png.import[39m[0m
[  28% ] [90m[1msavepack[22m | 保存文件：res://.godot/imported/Store_MainMenuButtonHighlight.png-e5f1119c298d0c53d2fcffd2d7bee717.ctex[39m[0m
[  28% ] [90m[1msavepack[22m | 保存文件：res://assets/image/store/Store_MainMenuButtonHighlight.png.import[39m[0m
[  29% ] [90m[1msavepack[22m | 保存文件：res://.godot/imported/Store_MushroomGardenIcon.png-0f4e4155cbe0633540ec5bc21a0793e3.ctex[39m[0m
[  29% ] [90m[1msavepack[22m | 保存文件：res://assets/image/store/Store_MushroomGardenIcon.png.import[39m[0m
[  29% ] [90m[1msavepack[22m | 保存文件：res://.godot/imported/Store_NextButton.png-0dc5f4baee8554fcdc129185f9febe5a.ctex[39m[0m
[  29% ] [90m[1msavepack[22m | 保存文件：res://assets/image/store/Store_NextButton.png.import[39m[0m
[  29% ] [90m[1msavepack[22m | 保存文件：res://.godot/imported/Store_NextButtonDisabled.png-0a822252689a2e8ae5b01b635cadc716.ctex[39m[0m
[  29% ] [90m[1msavepack[22m | 保存文件：res://assets/image/store/Store_NextButtonDisabled.png.import[39m[0m
[  29% ] [90m[1msavepack[22m | 保存文件：res://.godot/imported/Store_NextButtonHighlight.png-1345c7ccafe41370fe7be5a744dbf563.ctex[39m[0m
[  29% ] [90m[1msavepack[22m | 保存文件：res://assets/image/store/Store_NextButtonHighlight.png.import[39m[0m
[  29% ] [90m[1msavepack[22m | 保存文件：res://.godot/imported/Store_PacketUpgrade.png-7f3eddd3c831a1a1877eb4587456276a.ctex[39m[0m
[  29% ] [90m[1msavepack[22m | 保存文件：res://assets/image/store/Store_PacketUpgrade.png.import[39m[0m
[  29% ] [90m[1msavepack[22m | 保存文件：res://.godot/imported/Store_PrevButton.png-72cfd44dac9e28254767a72d41cfeda0.ctex[39m[0m
[  29% ] [90m[1msavepack[22m | 保存文件：res://assets/image/store/Store_PrevButton.png.import[39m[0m
[  29% ] [90m[1msavepack[22m | 保存文件：res://.godot/imported/Store_PrevButtonDisabled.png-113933183c5d599b6627e7a8498796f8.ctex[39m[0m
[  29% ] [90m[1msavepack[22m | 保存文件：res://assets/image/store/Store_PrevButtonDisabled.png.import[39m[0m
[  29% ] [90m[1msavepack[22m | 保存文件：res://.godot/imported/Store_PrevButtonHighlight.png-0f7cf542fb7c8962fff9b030abc3ee21.ctex[39m[0m
[  29% ] [90m[1msavepack[22m | 保存文件：res://assets/image/store/Store_PrevButtonHighlight.png.import[39m[0m
[  29% ] [90m[1msavepack[22m | 保存文件：res://.godot/imported/Store_PriceTag.png-1a6daf36f37a7bba636a338874b5c2b0.ctex[39m[0m
[  29% ] [90m[1msavepack[22m | 保存文件：res://assets/image/store/Store_PriceTag.png.import[39m[0m
[  29% ] [90m[1msavepack[22m | 保存文件：res://.godot/imported/Store_PvZIcon.png-67af2fd78e445d251f847bdadc1ea91f.ctex[39m[0m
[  29% ] [90m[1msavepack[22m | 保存文件：res://assets/image/store/Store_PvZIcon.png.import[39m[0m
[  29% ] [90m[1msavepack[22m | 保存文件：res://.godot/imported/Store_Sign.png-8b25002875f41905182cf52425ddd8f0.ctex[39m[0m
[  29% ] [90m[1msavepack[22m | 保存文件：res://assets/image/store/Store_Sign.png.import[39m[0m
[  29% ] [90m[1msavepack[22m | 保存文件：res://.godot/imported/Store_SpeechBubble2.png-bd2a21065378c9e28a1093d2a716cffe.ctex[39m[0m
[  29% ] [90m[1msavepack[22m | 保存文件：res://assets/image/store/Store_SpeechBubble2.png.import[39m[0m
[  29% ] [90m[1msavepack[22m | 保存文件：res://.godot/imported/Store_SpeechBubble.png-43e095c75c3c5d878f7f3de11dc597d9.ctex[39m[0m
[  29% ] [90m[1msavepack[22m | 保存文件：res://assets/image/store/Store_SpeechBubble.png.import[39m[0m
[  29% ] [90m[1msavepack[22m | 保存文件：res://.godot/imported/Store_TreeOfWisdomIcon.png-416dca62623ca6726b6007cbe6ab62fa.ctex[39m[0m
[  29% ] [90m[1msavepack[22m | 保存文件：res://assets/image/store/Store_TreeOfWisdomIcon.png.import[39m[0m
[  29% ] [90m[1msavepack[22m | 保存文件：res://.godot/imported/SeedChooser_Background.png-2218f094470ab97d57948b86a6abbce4.ctex[39m[0m
[  29% ] [90m[1msavepack[22m | 保存文件：res://assets/image/ui/ui_card/all_card/SeedChooser_Background.png.import[39m[0m
[  29% ] [90m[1msavepack[22m | 保存文件：res://.godot/imported/SeedChooser_Button2.png-d8be2ac6704ab8c236ba28718537a18e.ctex[39m[0m
[  29% ] [90m[1msavepack[22m | 保存文件：res://assets/image/ui/ui_card/all_card/SeedChooser_Button2.png.import[39m[0m
[  29% ] [90m[1msavepack[22m | 保存文件：res://.godot/imported/SeedChooser_Button2_Glow.png-e6372829cb05c2b9b655c8130f89b956.ctex[39m[0m
[  29% ] [90m[1msavepack[22m | 保存文件：res://assets/image/ui/ui_card/all_card/SeedChooser_Button2_Glow.png.import[39m[0m
[  29% ] [90m[1msavepack[22m | 保存文件：res://.godot/imported/SeedChooser_Button.png-a808cf1a28524cab82b54d4f66d563cb.ctex[39m[0m
[  29% ] [90m[1msavepack[22m | 保存文件：res://assets/image/ui/ui_card/all_card/SeedChooser_Button.png.import[39m[0m
[  29% ] [90m[1msavepack[22m | 保存文件：res://.godot/imported/SeedChooser_Button_Glow2.png-a7092491b692fc21a8966a1d5c094c5f.ctex[39m[0m
[  29% ] [90m[1msavepack[22m | 保存文件：res://assets/image/ui/ui_card/all_card/SeedChooser_Button_Glow2.png.import[39m[0m
[  29% ] [90m[1msavepack[22m | 保存文件：res://.godot/imported/SeedChooser_Button_Glow.png-221cb85ba3c8a226fe4ceadd3b02a4a9.ctex[39m[0m
[  29% ] [90m[1msavepack[22m | 保存文件：res://assets/image/ui/ui_card/all_card/SeedChooser_Button_Glow.png.import[39m[0m
[  29% ] [90m[1msavepack[22m | 保存文件：res://.godot/imported/SeedPacketSilhouette.png-041de7f6c9c49e13c2f68814429bfb74.ctex[39m[0m
[  29% ] [90m[1msavepack[22m | 保存文件：res://assets/image/ui/ui_card/all_card/SeedPacketSilhouette.png.import[39m[0m
[  29% ] [90m[1msavepack[22m | 保存文件：res://.godot/imported/ConveyorBelt.png-3d401934753445f1b44854c1d22e338c.ctex[39m[0m
[  29% ] [90m[1msavepack[22m | 保存文件：res://assets/image/ui/ui_card/ConveyorBelt.png.import[39m[0m
[  29% ] [90m[1msavepack[22m | 保存文件：res://.godot/imported/ConveyorBelt_backdrop.png-0f2c5782a8cbd3fb28e506857f0f47e5.ctex[39m[0m
[  29% ] [90m[1msavepack[22m | 保存文件：res://assets/image/ui/ui_card/ConveyorBelt_backdrop.png.import[39m[0m
[  29% ] [90m[1msavepack[22m | 保存文件：res://.godot/imported/SeedBank.png-8b1fc08b35747846d5bdeaa94db98ae4.ctex[39m[0m
[  29% ] [90m[1msavepack[22m | 保存文件：res://assets/image/ui/ui_card/SeedBank.png.import[39m[0m
[  29% ] [90m[1msavepack[22m | 保存文件：res://.godot/imported/SeedChooser_Background.png-27a7bac9517331d0a8476c23c640bd7a.ctex[39m[0m
[  29% ] [90m[1msavepack[22m | 保存文件：res://assets/image/ui/ui_card/SeedChooser_Background.png.import[39m[0m
[  29% ] [90m[1msavepack[22m | 保存文件：res://.godot/imported/SeedChooser_Button2.png-4fd9aa465e4883c011a25bb7a7ea2535.ctex[39m[0m
[  29% ] [90m[1msavepack[22m | 保存文件：res://assets/image/ui/ui_card/SeedChooser_Button2.png.import[39m[0m
[  29% ] [90m[1msavepack[22m | 保存文件：res://.godot/imported/SeedChooser_Button2_Glow.png-7ae8feaa5b57aedddb8b1aad8784dc12.ctex[39m[0m
[  29% ] [90m[1msavepack[22m | 保存文件：res://assets/image/ui/ui_card/SeedChooser_Button2_Glow.png.import[39m[0m
[  29% ] [90m[1msavepack[22m | 保存文件：res://.godot/imported/SeedChooser_Button2_Mask.png-5cfd359dbbdb789221bf107b61286da6.res[39m[0m
[  29% ] [90m[1msavepack[22m | 保存文件：res://assets/image/ui/ui_card/SeedChooser_Button2_Mask.png.import[39m[0m
[  29% ] [90m[1msavepack[22m | 保存文件：res://.godot/imported/SeedChooser_Button.png-c7a81613992e373a05c5361f7d0e46fa.ctex[39m[0m
[  29% ] [90m[1msavepack[22m | 保存文件：res://assets/image/ui/ui_card/SeedChooser_Button.png.import[39m[0m
[  29% ] [90m[1msavepack[22m | 保存文件：res://.godot/imported/SeedChooser_Button_Disabled.png-dab5e80065abd4a4614183378fb4cce2.ctex[39m[0m
[  29% ] [90m[1msavepack[22m | 保存文件：res://assets/image/ui/ui_card/SeedChooser_Button_Disabled.png.import[39m[0m
[  29% ] [90m[1msavepack[22m | 保存文件：res://.godot/imported/SeedChooser_Button_Glow.png-1de1021c3167a5adb546cfdcde1cedf6.ctex[39m[0m
[  29% ] [90m[1msavepack[22m | 保存文件：res://assets/image/ui/ui_card/SeedChooser_Button_Glow.png.import[39m[0m
[  29% ] [90m[1msavepack[22m | 保存文件：res://.godot/imported/SeedChooser_Button_Mask.png-b252c6a4ced6c4c92374619093f93429.res[39m[0m
[  29% ] [90m[1msavepack[22m | 保存文件：res://assets/image/ui/ui_card/SeedChooser_Button_Mask.png.import[39m[0m
[  29% ] [90m[1msavepack[22m | 保存文件：res://.godot/imported/SeedChooser_ImitaterAddOn.png-a68fdff1ed4f61a996f1a3046ae2ccca.ctex[39m[0m
[  29% ] [90m[1msavepack[22m | 保存文件：res://assets/image/ui/ui_card/SeedChooser_ImitaterAddOn.png.import[39m[0m
[  29% ] [90m[1msavepack[22m | 保存文件：res://.godot/imported/SeedPacketSilhouette.png-51497bb0ea963b6465c1c95f8b65bb9d.ctex[39m[0m
[  29% ] [90m[1msavepack[22m | 保存文件：res://assets/image/ui/ui_card/SeedPacketSilhouette.png.import[39m[0m
[  29% ] [90m[1msavepack[22m | 保存文件：res://.godot/imported/SeedPacket_Larger.png-aa82dec13fb212f502ba570db589d3c8.ctex[39m[0m
[  29% ] [90m[1msavepack[22m | 保存文件：res://assets/image/ui/ui_card/SeedPacket_Larger.png.import[39m[0m
[  29% ] [90m[1msavepack[22m | 保存文件：res://.godot/imported/seeds.png-4e834c0b53ff0f070d83183f88c31dee.ctex[39m[0m
[  29% ] [90m[1msavepack[22m | 保存文件：res://assets/image/ui/ui_card/seeds.png.import[39m[0m
[  29% ] [90m[1msavepack[22m | 保存文件：res://.godot/imported/Shovel.png-f522d02e6bb146517057b0c9d439042c.ctex[39m[0m
[  29% ] [90m[1msavepack[22m | 保存文件：res://assets/image/ui/ui_card/Shovel.png.import[39m[0m
[  30% ] [90m[1msavepack[22m | 保存文件：res://.godot/imported/ShovelBank.png-0515c9647c20ec163b94700050802c3d.ctex[39m[0m
[  30% ] [90m[1msavepack[22m | 保存文件：res://assets/image/ui/ui_card/ShovelBank.png.import[39m[0m
[  30% ] [90m[1msavepack[22m | 保存文件：res://.godot/imported/Shovel_hi_res.png-4d5f4ae532633563d86faa16dd8a7d7a.ctex[39m[0m
[  30% ] [90m[1msavepack[22m | 保存文件：res://assets/image/ui/ui_card/Shovel_hi_res.png.import[39m[0m
[  30% ] [90m[1msavepack[22m | 保存文件：res://.godot/imported/SlotMachine_Overlay.png-f1db33b2686033162634543282d8cc9d.ctex[39m[0m
[  30% ] [90m[1msavepack[22m | 保存文件：res://assets/image/ui/ui_card/SlotMachine_Overlay.png.import[39m[0m
[  30% ] [90m[1msavepack[22m | 保存文件：res://.godot/imported/SunBank.png-18a1456b899c2c6b8824c29362acb2d5.ctex[39m[0m
[  30% ] [90m[1msavepack[22m | 保存文件：res://assets/image/ui/ui_card/SunBank.png.import[39m[0m
[  30% ] [90m[1msavepack[22m | 保存文件：res://.godot/imported/Challenge_Background.jpg-22164847ddbc081b9cd7165a5f826879.ctex[39m[0m
[  30% ] [90m[1msavepack[22m | 保存文件：res://assets/image/ui/ui_challenge/Challenge_Background.jpg.import[39m[0m
[  30% ] [90m[1msavepack[22m | 保存文件：res://.godot/imported/Challenge_Blank.png-b22a61e08d8137a5a04020b830bcf5b0.ctex[39m[0m
[  30% ] [90m[1msavepack[22m | 保存文件：res://assets/image/ui/ui_challenge/Challenge_Blank.png.import[39m[0m
[  30% ] [90m[1msavepack[22m | 保存文件：res://.godot/imported/Challenge_Thumbnails.jpg-e78e0909fee3f692c519f6bf5fe2d6fc.ctex[39m[0m
[  30% ] [90m[1msavepack[22m | 保存文件：res://assets/image/ui/ui_challenge/Challenge_Thumbnails.jpg.import[39m[0m
[  30% ] [90m[1msavepack[22m | 保存文件：res://.godot/imported/Challenge_Window.png-62f6292ef1ee020c563374222bf3574a.ctex[39m[0m
[  30% ] [90m[1msavepack[22m | 保存文件：res://assets/image/ui/ui_challenge/Challenge_Window.png.import[39m[0m
[  30% ] [90m[1msavepack[22m | 保存文件：res://.godot/imported/Challenge_Window_Highlight.png-c067bbab1c85f5b0123bdb124fe92673.ctex[39m[0m
[  30% ] [90m[1msavepack[22m | 保存文件：res://assets/image/ui/ui_challenge/Challenge_Window_Highlight.png.import[39m[0m
[  30% ] [90m[1msavepack[22m | 保存文件：res://.godot/imported/MiniGame_trophy.png-7a95747c72497a5bb48a37116679e12d.ctex[39m[0m
[  30% ] [90m[1msavepack[22m | 保存文件：res://assets/image/ui/ui_challenge/MiniGame_trophy.png.import[39m[0m
[  30% ] [90m[1msavepack[22m | 保存文件：res://.godot/imported/Almanac_CloseButton.png-4ef1d90f03f999ec44484242b1c890cb.ctex[39m[0m
[  30% ] [90m[1msavepack[22m | 保存文件：res://assets/image/ui/ui_level/Almanac_CloseButton.png.import[39m[0m
[  30% ] [90m[1msavepack[22m | 保存文件：res://.godot/imported/Almanac_CloseButtonHighlight.png-500e221becae23caa0788e357bcb8976.ctex[39m[0m
[  30% ] [90m[1msavepack[22m | 保存文件：res://assets/image/ui/ui_level/Almanac_CloseButtonHighlight.png.import[39m[0m
[  30% ] [90m[1msavepack[22m | 保存文件：res://.godot/imported/Almanac_CloseButton_Mask.png-ac62c008002400fff7847703c8172446.res[39m[0m
[  30% ] [90m[1msavepack[22m | 保存文件：res://assets/image/ui/ui_level/Almanac_CloseButton_Mask.png.import[39m[0m
[  30% ] [90m[1msavepack[22m | 保存文件：res://.godot/imported/Almanac_IndexButton.png-f7d7c4ab6dbb00f9eca87bf23fe32df7.ctex[39m[0m
[  30% ] [90m[1msavepack[22m | 保存文件：res://assets/image/ui/ui_level/Almanac_IndexButton.png.import[39m[0m
[  30% ] [90m[1msavepack[22m | 保存文件：res://.godot/imported/Almanac_IndexButtonHighlight.png-86cbca39a529b1fdceb98aebf8ae5406.ctex[39m[0m
[  30% ] [90m[1msavepack[22m | 保存文件：res://assets/image/ui/ui_level/Almanac_IndexButtonHighlight.png.import[39m[0m
[  30% ] [90m[1msavepack[22m | 保存文件：res://.godot/imported/Almanac_IndexButton_Mask.png-bffa9db89afe132a825e5e99dfeef9c9.res[39m[0m
[  30% ] [90m[1msavepack[22m | 保存文件：res://assets/image/ui/ui_level/Almanac_IndexButton_Mask.png.import[39m[0m
[  30% ] [90m[1msavepack[22m | 保存文件：res://.godot/imported/Challenge_Background.jpg-436344dd586bcc390b6963f2aa04013e.ctex[39m[0m
[  30% ] [90m[1msavepack[22m | 保存文件：res://assets/image/ui/ui_level/Challenge_Background.jpg.import[39m[0m
[  30% ] [90m[1msavepack[22m | 保存文件：res://.godot/imported/SeedChooser_Button2.png-c7e58b54435fd321d07ceb46cf18fcf0.ctex[39m[0m
[  30% ] [90m[1msavepack[22m | 保存文件：res://assets/image/ui/ui_level/SeedChooser_Button2.png.import[39m[0m
[  30% ] [90m[1msavepack[22m | 保存文件：res://.godot/imported/SeedChooser_Button2_Glow.png-43c1bba3db009245fa63984f85610ae9.ctex[39m[0m
[  30% ] [90m[1msavepack[22m | 保存文件：res://assets/image/ui/ui_level/SeedChooser_Button2_Glow.png.import[39m[0m
[  30% ] [90m[1msavepack[22m | 保存文件：res://.godot/imported/button_BG.png-924cb4af41c306aa8cc34d099dd43616.ctex[39m[0m
[  30% ] [90m[1msavepack[22m | 保存文件：res://assets/image/ui/ui_main_game_menu/UI_BG/button_BG.png.import[39m[0m
[  30% ] [90m[1msavepack[22m | 保存文件：res://.godot/imported/button_BG_mask.png-a05307fc9f38491205206a9c91ddfdc5.res[39m[0m
[  30% ] [90m[1msavepack[22m | 保存文件：res://assets/image/ui/ui_main_game_menu/UI_BG/button_BG_mask.png.import[39m[0m
[  30% ] [90m[1msavepack[22m | 保存文件：res://.godot/imported/combined_result.png-1ffc3b38e0f2cb99e3ed07dfc46883fc.ctex[39m[0m
[  30% ] [90m[1msavepack[22m | 保存文件：res://assets/image/ui/ui_main_game_menu/UI_BG/combined_result.png.import[39m[0m
[  30% ] [90m[1msavepack[22m | 保存文件：res://.godot/imported/combined_result_2.png-80c4cdd378bf59337d206eed19aa6e09.ctex[39m[0m
[  30% ] [90m[1msavepack[22m | 保存文件：res://assets/image/ui/ui_main_game_menu/UI_BG/combined_result_2.png.import[39m[0m
[  30% ] [90m[1msavepack[22m | 保存文件：res://.godot/imported/dialog_BG.png-f07ff705da6feaeaa8fed94a77da1740.ctex[39m[0m
[  30% ] [90m[1msavepack[22m | 保存文件：res://assets/image/ui/ui_main_game_menu/UI_BG/dialog_BG.png.import[39m[0m
[  30% ] [90m[1msavepack[22m | 保存文件：res://.godot/imported/button_left.png-dec2c6f8d014143c349fd36c6d440b13.ctex[39m[0m
[  30% ] [90m[1msavepack[22m | 保存文件：res://assets/image/ui/ui_main_game_menu/UI_BG_original/button_left.png.import[39m[0m
[  30% ] [90m[1msavepack[22m | 保存文件：res://.godot/imported/button_middle.png-f32d30986ac8dbc923309301a97f82d7.ctex[39m[0m
[  30% ] [90m[1msavepack[22m | 保存文件：res://assets/image/ui/ui_main_game_menu/UI_BG_original/button_middle.png.import[39m[0m
[  30% ] [90m[1msavepack[22m | 保存文件：res://.godot/imported/button_right.png-daa39aed53c99840c008932964d9c8bd.ctex[39m[0m
[  30% ] [90m[1msavepack[22m | 保存文件：res://assets/image/ui/ui_main_game_menu/UI_BG_original/button_right.png.import[39m[0m
[  30% ] [90m[1msavepack[22m | 保存文件：res://.godot/imported/dialog_bottomleft.png-ad9aee5585adcfffb7e1ea28c2124300.ctex[39m[0m
[  30% ] [90m[1msavepack[22m | 保存文件：res://assets/image/ui/ui_main_game_menu/UI_BG_original/dialog_bottomleft.png.import[39m[0m
[  30% ] [90m[1msavepack[22m | 保存文件：res://.godot/imported/dialog_bottommiddle.png-bae119c7653c5d25f2d0932e3cb8b980.ctex[39m[0m
[  30% ] [90m[1msavepack[22m | 保存文件：res://assets/image/ui/ui_main_game_menu/UI_BG_original/dialog_bottommiddle.png.import[39m[0m
[  30% ] [90m[1msavepack[22m | 保存文件：res://.godot/imported/dialog_bottomright.png-d2f11ee40674d584334b427d715b1047.ctex[39m[0m
[  30% ] [90m[1msavepack[22m | 保存文件：res://assets/image/ui/ui_main_game_menu/UI_BG_original/dialog_bottomright.png.import[39m[0m
[  30% ] [90m[1msavepack[22m | 保存文件：res://.godot/imported/dialog_centerleft.png-074a2f4fd7a20fe320b47c21733fc98b.ctex[39m[0m
[  30% ] [90m[1msavepack[22m | 保存文件：res://assets/image/ui/ui_main_game_menu/UI_BG_original/dialog_centerleft.png.import[39m[0m
[  30% ] [90m[1msavepack[22m | 保存文件：res://.godot/imported/dialog_centermiddle.png-691d0dd3f2c66de64c8a497c2b4f7ae5.ctex[39m[0m
[  30% ] [90m[1msavepack[22m | 保存文件：res://assets/image/ui/ui_main_game_menu/UI_BG_original/dialog_centermiddle.png.import[39m[0m
[  30% ] [90m[1msavepack[22m | 保存文件：res://.godot/imported/dialog_centerright.png-99d164eddbfa948ac32590f9bd8bf5cf.ctex[39m[0m
[  30% ] [90m[1msavepack[22m | 保存文件：res://assets/image/ui/ui_main_game_menu/UI_BG_original/dialog_centerright.png.import[39m[0m
[  30% ] [90m[1msavepack[22m | 保存文件：res://.godot/imported/dialog_header.png-70711868897cb7a75e93265290489aad.ctex[39m[0m
[  30% ] [90m[1msavepack[22m | 保存文件：res://assets/image/ui/ui_main_game_menu/UI_BG_original/dialog_header.png.import[39m[0m
[  30% ] [90m[1msavepack[22m | 保存文件：res://.godot/imported/dialog_topleft.png-ba34700dc0d2d5af25daaaeada1eeb02.ctex[39m[0m
[  30% ] [90m[1msavepack[22m | 保存文件：res://assets/image/ui/ui_main_game_menu/UI_BG_original/dialog_topleft.png.import[39m[0m
[  30% ] [90m[1msavepack[22m | 保存文件：res://.godot/imported/dialog_topmiddle.png-e66d7e6b2110fd82540404ab08d0e108.ctex[39m[0m
[  30% ] [90m[1msavepack[22m | 保存文件：res://assets/image/ui/ui_main_game_menu/UI_BG_original/dialog_topmiddle.png.import[39m[0m
[  30% ] [90m[1msavepack[22m | 保存文件：res://.godot/imported/dialog_topright.png-9b6dbe4875ae8a99bda95eb2956e69b6.ctex[39m[0m
[  30% ] [90m[1msavepack[22m | 保存文件：res://assets/image/ui/ui_main_game_menu/UI_BG_original/dialog_topright.png.import[39m[0m
[  30% ] [90m[1msavepack[22m | 保存文件：res://.godot/imported/btn_dialog_back_2.png-c95796bfa77fc77cac8cb68e625f167b.ctex[39m[0m
[  30% ] [90m[1msavepack[22m | 保存文件：res://assets/image/ui/ui_main_game_menu/btn_dialog_back_2.png.import[39m[0m
[  31% ] [90m[1msavepack[22m | 保存文件：res://.godot/imported/btn_dialog_back_2_mask.png-571197adea32cd82d6980084f45ac3a5.res[39m[0m
[  31% ] [90m[1msavepack[22m | 保存文件：res://assets/image/ui/ui_main_game_menu/btn_dialog_back_2_mask.png.import[39m[0m
[  31% ] [90m[1msavepack[22m | 保存文件：res://.godot/imported/options_checkbox0.png-4aaad4a1c582fb74181423fd7db21839.ctex[39m[0m
[  31% ] [90m[1msavepack[22m | 保存文件：res://assets/image/ui/ui_main_game_menu/options_checkbox0.png.import[39m[0m
[  31% ] [90m[1msavepack[22m | 保存文件：res://.godot/imported/options_checkbox1.png-56a60413c9bab6a4d845b06eb8f6385f.ctex[39m[0m
[  31% ] [90m[1msavepack[22m | 保存文件：res://assets/image/ui/ui_main_game_menu/options_checkbox1.png.import[39m[0m
[  31% ] [90m[1msavepack[22m | 保存文件：res://.godot/imported/options_sliderknob2.png-4016b0a8892b386a36b5a0ad899231c6.ctex[39m[0m
[  31% ] [90m[1msavepack[22m | 保存文件：res://assets/image/ui/ui_main_game_menu/options_sliderknob2.png.import[39m[0m
[  31% ] [90m[1msavepack[22m | 保存文件：res://.godot/imported/options_sliderslot.png-ad7cca41a2674002992498b7d9498c1e.ctex[39m[0m
[  31% ] [90m[1msavepack[22m | 保存文件：res://assets/image/ui/ui_main_game_menu/options_sliderslot.png.import[39m[0m
[  31% ] [90m[1msavepack[22m | 保存文件：res://.godot/imported/option_dialog.png-b5fbbebc2b16bdad4b5af0c36d8bb3bb.ctex[39m[0m
[  31% ] [90m[1msavepack[22m | 保存文件：res://assets/image/ui/ui_main_game_menu/option_dialog.png.import[39m[0m
[  31% ] [90m[1msavepack[22m | 保存文件：res://.godot/imported/FlagMeter.png-914770d533b9b843c32e2f4940f7c213.ctex[39m[0m
[  31% ] [90m[1msavepack[22m | 保存文件：res://assets/image/ui/ui_progress_bar/FlagMeter.png.import[39m[0m
[  31% ] [90m[1msavepack[22m | 保存文件：res://.godot/imported/FlagMeterLevelProgress.png-7b68fc78f7eb9a55f82750e1d2bd9350.ctex[39m[0m
[  31% ] [90m[1msavepack[22m | 保存文件：res://assets/image/ui/ui_progress_bar/FlagMeterLevelProgress.png.import[39m[0m
[  31% ] [90m[1msavepack[22m | 保存文件：res://.godot/imported/FlagMeterParts.png-25164615c28d93977cac2f7981c6c582.ctex[39m[0m
[  31% ] [90m[1msavepack[22m | 保存文件：res://assets/image/ui/ui_progress_bar/FlagMeterParts.png.import[39m[0m
[  31% ] [90m[1msavepack[22m | 保存文件：res://.godot/imported/Approaching.png-d6cdc9a2fa94fa7dc46022f477729e6b.ctex[39m[0m
[  31% ] [90m[1msavepack[22m | 保存文件：res://assets/image/ui/ui_remind_word/Approaching.png.import[39m[0m
[  31% ] [90m[1msavepack[22m | 保存文件：res://.godot/imported/FinalWave.png-18aab72cdfd619c0dbac467272deec53.ctex[39m[0m
[  31% ] [90m[1msavepack[22m | 保存文件：res://assets/image/ui/ui_remind_word/FinalWave.png.import[39m[0m
[  31% ] [90m[1msavepack[22m | 保存文件：res://.godot/imported/StartPlant.png-d27c691ea6b816893fb8ddd4e57c6897.ctex[39m[0m
[  31% ] [90m[1msavepack[22m | 保存文件：res://assets/image/ui/ui_remind_word/StartPlant.png.import[39m[0m
[  31% ] [90m[1msavepack[22m | 保存文件：res://.godot/imported/StartReady.png-fa5c1e9d4acf51489f491f8fdb3b5113.ctex[39m[0m
[  31% ] [90m[1msavepack[22m | 保存文件：res://assets/image/ui/ui_remind_word/StartReady.png.import[39m[0m
[  31% ] [90m[1msavepack[22m | 保存文件：res://.godot/imported/StartSet.png-bc8e01a8d16075e0e213f96aff7dd22e.ctex[39m[0m
[  31% ] [90m[1msavepack[22m | 保存文件：res://assets/image/ui/ui_remind_word/StartSet.png.import[39m[0m
[  31% ] [90m[1msavepack[22m | 保存文件：res://.godot/imported/ZombiesWon.png-dc71c9e084e32414eff05b5036b1a99a.ctex[39m[0m
[  31% ] [90m[1msavepack[22m | 保存文件：res://assets/image/ui/ui_remind_word/ZombiesWon.png.import[39m[0m
[  31% ] [90m[1msavepack[22m | 保存文件：res://.godot/imported/Present.png-94f11a74358c3c1e72f07da06b36edf6.ctex[39m[0m
[  31% ] [90m[1msavepack[22m | 保存文件：res://assets/image/ui/ui_start_menu/Present.png.import[39m[0m
[  31% ] [90m[1msavepack[22m | 保存文件：res://.godot/imported/PresentOpen.png-d12dbf26e5e65ab1ed7f99e4c041d6ee.ctex[39m[0m
[  31% ] [90m[1msavepack[22m | 保存文件：res://assets/image/ui/ui_start_menu/PresentOpen.png.import[39m[0m
[  31% ] [90m[1msavepack[22m | 保存文件：res://.godot/imported/Present_mask.png-32cad5f2bc648619df131208356ce732.res[39m[0m
[  31% ] [90m[1msavepack[22m | 保存文件：res://assets/image/ui/ui_start_menu/Present_mask.png.import[39m[0m
[  31% ] [90m[1msavepack[22m | 保存文件：res://.godot/imported/SelectorScreen_Almanac.png-cf52ea11986958960477166fda500a0f.ctex[39m[0m
[  31% ] [90m[1msavepack[22m | 保存文件：res://assets/image/ui/ui_start_menu/SelectorScreen_Almanac.png.import[39m[0m
[  31% ] [90m[1msavepack[22m | 保存文件：res://.godot/imported/SelectorScreen_AlmanacHighlight.png-4326892cacaf9a61989888c946584d8d.ctex[39m[0m
[  31% ] [90m[1msavepack[22m | 保存文件：res://assets/image/ui/ui_start_menu/SelectorScreen_AlmanacHighlight.png.import[39m[0m
[  31% ] [90m[1msavepack[22m | 保存文件：res://.godot/imported/SelectorScreen_Almanac_Mask.png-a3bd2952db0b8391a94d9efe678a10a7.res[39m[0m
[  31% ] [90m[1msavepack[22m | 保存文件：res://assets/image/ui/ui_start_menu/SelectorScreen_Almanac_Mask.png.import[39m[0m
[  31% ] [90m[1msavepack[22m | 保存文件：res://.godot/imported/SelectorScreen_BG.jpg-fd238f289141cb9a3e2296ccf7d7b148.ctex[39m[0m
[  31% ] [90m[1msavepack[22m | 保存文件：res://assets/image/ui/ui_start_menu/SelectorScreen_BG.jpg.import[39m[0m
[  31% ] [90m[1msavepack[22m | 保存文件：res://.godot/imported/SelectorScreen_BG_Center.png-8a2c270102ce280b59679a1fabe3b2c0.ctex[39m[0m
[  31% ] [90m[1msavepack[22m | 保存文件：res://assets/image/ui/ui_start_menu/SelectorScreen_BG_Center.png.import[39m[0m
[  31% ] [90m[1msavepack[22m | 保存文件：res://.godot/imported/SelectorScreen_BG_Left.png-4917e2085c5bb483b6a8e59749f18ec8.ctex[39m[0m
[  31% ] [90m[1msavepack[22m | 保存文件：res://assets/image/ui/ui_start_menu/SelectorScreen_BG_Left.png.import[39m[0m
[  31% ] [90m[1msavepack[22m | 保存文件：res://.godot/imported/SelectorScreen_BG_Right.png-303ce764afa910713a75dadc13392020.ctex[39m[0m
[  31% ] [90m[1msavepack[22m | 保存文件：res://assets/image/ui/ui_start_menu/SelectorScreen_BG_Right.png.import[39m[0m
[  31% ] [90m[1msavepack[22m | 保存文件：res://.godot/imported/SelectorScreen_Challenges_button.png-4794f3252f041542efedca961fa75b2c.ctex[39m[0m
[  31% ] [90m[1msavepack[22m | 保存文件：res://assets/image/ui/ui_start_menu/SelectorScreen_Challenges_button.png.import[39m[0m
[  31% ] [90m[1msavepack[22m | 保存文件：res://.godot/imported/SelectorScreen_Challenges_button_Mask.png-a946822f8f83678d3a6bb8830f420b28.res[39m[0m
[  31% ] [90m[1msavepack[22m | 保存文件：res://assets/image/ui/ui_start_menu/SelectorScreen_Challenges_button_Mask.png.import[39m[0m
[  31% ] [90m[1msavepack[22m | 保存文件：res://.godot/imported/SelectorScreen_Challenges_highlight.png-3d2c707c53cd1e7c9b1bc9c7c327c0a8.ctex[39m[0m
[  31% ] [90m[1msavepack[22m | 保存文件：res://assets/image/ui/ui_start_menu/SelectorScreen_Challenges_highlight.png.import[39m[0m
[  31% ] [90m[1msavepack[22m | 保存文件：res://.godot/imported/SelectorScreen_Cloud1.png-0e24ef4dec7217c0648235d9a78937d4.ctex[39m[0m
[  31% ] [90m[1msavepack[22m | 保存文件：res://assets/image/ui/ui_start_menu/SelectorScreen_Cloud1.png.import[39m[0m
[  31% ] [90m[1msavepack[22m | 保存文件：res://.godot/imported/SelectorScreen_Cloud2.png-6e36de08dddcc0203f727d29a561f918.ctex[39m[0m
[  31% ] [90m[1msavepack[22m | 保存文件：res://assets/image/ui/ui_start_menu/SelectorScreen_Cloud2.png.import[39m[0m
[  31% ] [90m[1msavepack[22m | 保存文件：res://.godot/imported/SelectorScreen_Cloud4.png-7c3d3a237502ec47b070a74fed884680.ctex[39m[0m
[  31% ] [90m[1msavepack[22m | 保存文件：res://assets/image/ui/ui_start_menu/SelectorScreen_Cloud4.png.import[39m[0m
[  31% ] [90m[1msavepack[22m | 保存文件：res://.godot/imported/SelectorScreen_Cloud5.png-04462d49fa675fb076ded3e4e68bbcc5.ctex[39m[0m
[  31% ] [90m[1msavepack[22m | 保存文件：res://assets/image/ui/ui_start_menu/SelectorScreen_Cloud5.png.import[39m[0m
[  31% ] [90m[1msavepack[22m | 保存文件：res://.godot/imported/SelectorScreen_Cloud6.png-3baaa474cd012a3b2f78500cfc924bbd.ctex[39m[0m
[  31% ] [90m[1msavepack[22m | 保存文件：res://assets/image/ui/ui_start_menu/SelectorScreen_Cloud6.png.import[39m[0m
[  31% ] [90m[1msavepack[22m | 保存文件：res://.godot/imported/SelectorScreen_Cloud7.png-5bb0910a83c70a1c5798c7a354df1e89.ctex[39m[0m
[  31% ] [90m[1msavepack[22m | 保存文件：res://assets/image/ui/ui_start_menu/SelectorScreen_Cloud7.png.import[39m[0m
[  31% ] [90m[1msavepack[22m | 保存文件：res://.godot/imported/SelectorScreen_Flower1.png-8ff27ea9f5f3218eb32c27b2fb74df21.ctex[39m[0m
[  31% ] [90m[1msavepack[22m | 保存文件：res://assets/image/ui/ui_start_menu/SelectorScreen_Flower1.png.import[39m[0m
[  31% ] [90m[1msavepack[22m | 保存文件：res://.godot/imported/SelectorScreen_Flower1_Mask.png-591f3524e916ee2b4b64fa68b58973f3.res[39m[0m
[  31% ] [90m[1msavepack[22m | 保存文件：res://assets/image/ui/ui_start_menu/SelectorScreen_Flower1_Mask.png.import[39m[0m
[  31% ] [90m[1msavepack[22m | 保存文件：res://.godot/imported/SelectorScreen_Flower2.png-dfa2ab08ab35c5358d3ba7474192d74b.ctex[39m[0m
[  31% ] [90m[1msavepack[22m | 保存文件：res://assets/image/ui/ui_start_menu/SelectorScreen_Flower2.png.import[39m[0m
[  31% ] [90m[1msavepack[22m | 保存文件：res://.godot/imported/SelectorScreen_Flower2_Mask.png-990bb44851a71fa94b13e7c22fd74091.res[39m[0m
[  31% ] [90m[1msavepack[22m | 保存文件：res://assets/image/ui/ui_start_menu/SelectorScreen_Flower2_Mask.png.import[39m[0m
[  32% ] [90m[1msavepack[22m | 保存文件：res://.godot/imported/SelectorScreen_Flower3.png-a524bf1566613df2948f827a6f4364f9.ctex[39m[0m
[  32% ] [90m[1msavepack[22m | 保存文件：res://assets/image/ui/ui_start_menu/SelectorScreen_Flower3.png.import[39m[0m
[  32% ] [90m[1msavepack[22m | 保存文件：res://.godot/imported/SelectorScreen_Flower3_Mask.png-4d1208b072b6e997fff7e7becdae19b5.res[39m[0m
[  32% ] [90m[1msavepack[22m | 保存文件：res://assets/image/ui/ui_start_menu/SelectorScreen_Flower3_Mask.png.import[39m[0m
[  32% ] [90m[1msavepack[22m | 保存文件：res://.godot/imported/SelectorScreen_Help1.png-51688c4d9266ec2d20c101ba8c6520b2.ctex[39m[0m
[  32% ] [90m[1msavepack[22m | 保存文件：res://assets/image/ui/ui_start_menu/SelectorScreen_Help1.png.import[39m[0m
[  32% ] [90m[1msavepack[22m | 保存文件：res://.godot/imported/SelectorScreen_Help2.png-bf350de7f4c8860a971e2eb699434f4a.ctex[39m[0m
[  32% ] [90m[1msavepack[22m | 保存文件：res://assets/image/ui/ui_start_menu/SelectorScreen_Help2.png.import[39m[0m
[  32% ] [90m[1msavepack[22m | 保存文件：res://.godot/imported/SelectorScreen_key_shadow.png-46d650046adfa93813b51846152bb661.ctex[39m[0m
[  32% ] [90m[1msavepack[22m | 保存文件：res://assets/image/ui/ui_start_menu/SelectorScreen_key_shadow.png.import[39m[0m
[  32% ] [90m[1msavepack[22m | 保存文件：res://.godot/imported/SelectorScreen_Leaf1.png-565c5421795d61c880e0cb49940853d9.ctex[39m[0m
[  32% ] [90m[1msavepack[22m | 保存文件：res://assets/image/ui/ui_start_menu/SelectorScreen_Leaf1.png.import[39m[0m
[  32% ] [90m[1msavepack[22m | 保存文件：res://.godot/imported/SelectorScreen_Leaf2.png-52e836e6c7adfe11c0926fc1de2d8db3.ctex[39m[0m
[  32% ] [90m[1msavepack[22m | 保存文件：res://assets/image/ui/ui_start_menu/SelectorScreen_Leaf2.png.import[39m[0m
[  32% ] [90m[1msavepack[22m | 保存文件：res://.godot/imported/SelectorScreen_Leaf3.png-b5017a48f3624822d2a3c897d7fa876a.ctex[39m[0m
[  32% ] [90m[1msavepack[22m | 保存文件：res://assets/image/ui/ui_start_menu/SelectorScreen_Leaf3.png.import[39m[0m
[  32% ] [90m[1msavepack[22m | 保存文件：res://.godot/imported/SelectorScreen_Leaf4.png-1c0f8e90fabf98039f768fc3b702b168.ctex[39m[0m
[  32% ] [90m[1msavepack[22m | 保存文件：res://assets/image/ui/ui_start_menu/SelectorScreen_Leaf4.png.import[39m[0m
[  32% ] [90m[1msavepack[22m | 保存文件：res://.godot/imported/SelectorScreen_Leaf5.png-3844f5a89a925d1acb3f56ae5678331c.ctex[39m[0m
[  32% ] [90m[1msavepack[22m | 保存文件：res://assets/image/ui/ui_start_menu/SelectorScreen_Leaf5.png.import[39m[0m
[  32% ] [90m[1msavepack[22m | 保存文件：res://.godot/imported/SelectorScreen_Leaves.png-b09cbd5f7fdea1d626cecc59ec07f28f.ctex[39m[0m
[  32% ] [90m[1msavepack[22m | 保存文件：res://assets/image/ui/ui_start_menu/SelectorScreen_Leaves.png.import[39m[0m
[  32% ] [90m[1msavepack[22m | 保存文件：res://.godot/imported/SelectorScreen_Options1.png-87c18496dee09bbebda6953697a62353.ctex[39m[0m
[  32% ] [90m[1msavepack[22m | 保存文件：res://assets/image/ui/ui_start_menu/SelectorScreen_Options1.png.import[39m[0m
[  32% ] [90m[1msavepack[22m | 保存文件：res://.godot/imported/SelectorScreen_Options2.png-0bf69e47e0e03507c5b0d972b22d2aa1.ctex[39m[0m
[  32% ] [90m[1msavepack[22m | 保存文件：res://assets/image/ui/ui_start_menu/SelectorScreen_Options2.png.import[39m[0m
[  32% ] [90m[1msavepack[22m | 保存文件：res://.godot/imported/SelectorScreen_Quit1.png-48b577d1ef0d26bb9e9afc39d50a7803.ctex[39m[0m
[  32% ] [90m[1msavepack[22m | 保存文件：res://assets/image/ui/ui_start_menu/SelectorScreen_Quit1.png.import[39m[0m
[  32% ] [90m[1msavepack[22m | 保存文件：res://.godot/imported/SelectorScreen_Quit2.png-fd592d5db070cc7abccf5cdf1279d086.ctex[39m[0m
[  32% ] [90m[1msavepack[22m | 保存文件：res://assets/image/ui/ui_start_menu/SelectorScreen_Quit2.png.import[39m[0m
[  32% ] [90m[1msavepack[22m | 保存文件：res://.godot/imported/SelectorScreen_StartAdventure_Button1.png-ae99af3b382c401bdc48a45d253cc12d.ctex[39m[0m
[  32% ] [90m[1msavepack[22m | 保存文件：res://assets/image/ui/ui_start_menu/SelectorScreen_StartAdventure_Button1.png.import[39m[0m
[  32% ] [90m[1msavepack[22m | 保存文件：res://.godot/imported/SelectorScreen_StartAdventure_Button1_Mask.png-4d4a90918c4e5a72808e601b91f1b74c.res[39m[0m
[  32% ] [90m[1msavepack[22m | 保存文件：res://assets/image/ui/ui_start_menu/SelectorScreen_StartAdventure_Button1_Mask.png.import[39m[0m
[  32% ] [90m[1msavepack[22m | 保存文件：res://.godot/imported/SelectorScreen_StartAdventure_Highlight.png-414244d795906ef8c25848decd989d09.ctex[39m[0m
[  32% ] [90m[1msavepack[22m | 保存文件：res://assets/image/ui/ui_start_menu/SelectorScreen_StartAdventure_Highlight.png.import[39m[0m
[  32% ] [90m[1msavepack[22m | 保存文件：res://.godot/imported/SelectorScreen_Store.png-bd87db4ade552facc37abef18a4f571a.ctex[39m[0m
[  32% ] [90m[1msavepack[22m | 保存文件：res://assets/image/ui/ui_start_menu/SelectorScreen_Store.png.import[39m[0m
[  32% ] [90m[1msavepack[22m | 保存文件：res://.godot/imported/SelectorScreen_StoreHighlight.png-f9d10c7dedfb1a81043c364b2b468baa.ctex[39m[0m
[  32% ] [90m[1msavepack[22m | 保存文件：res://assets/image/ui/ui_start_menu/SelectorScreen_StoreHighlight.png.import[39m[0m
[  32% ] [90m[1msavepack[22m | 保存文件：res://.godot/imported/SelectorScreen_Store_Mask.png-0762347924e95db7f74b5272c1f84e63.res[39m[0m
[  32% ] [90m[1msavepack[22m | 保存文件：res://assets/image/ui/ui_start_menu/SelectorScreen_Store_Mask.png.import[39m[0m
[  32% ] [90m[1msavepack[22m | 保存文件：res://.godot/imported/SelectorScreen_Survival_button.png-9ab3e3cac7901b194b98100f0dfd8fc2.ctex[39m[0m
[  32% ] [90m[1msavepack[22m | 保存文件：res://assets/image/ui/ui_start_menu/SelectorScreen_Survival_button.png.import[39m[0m
[  32% ] [90m[1msavepack[22m | 保存文件：res://.godot/imported/SelectorScreen_Survival_button_Mask.png-08cd4a481874a1872b9e83938cef02fe.res[39m[0m
[  32% ] [90m[1msavepack[22m | 保存文件：res://assets/image/ui/ui_start_menu/SelectorScreen_Survival_button_Mask.png.import[39m[0m
[  32% ] [90m[1msavepack[22m | 保存文件：res://.godot/imported/SelectorScreen_Survival_highlight.png-57e4de8ebbfe2465d040d088ba2981f5.ctex[39m[0m
[  32% ] [90m[1msavepack[22m | 保存文件：res://assets/image/ui/ui_start_menu/SelectorScreen_Survival_highlight.png.import[39m[0m
[  32% ] [90m[1msavepack[22m | 保存文件：res://.godot/imported/SelectorScreen_Vasebreaker_button.png-cd9df62ae856a0f5113e6c50038fafbb.ctex[39m[0m
[  32% ] [90m[1msavepack[22m | 保存文件：res://assets/image/ui/ui_start_menu/SelectorScreen_Vasebreaker_button.png.import[39m[0m
[  32% ] [90m[1msavepack[22m | 保存文件：res://.godot/imported/SelectorScreen_Vasebreaker_button_Mask.png-f95ea72a6698427b3100749240d966ee.res[39m[0m
[  32% ] [90m[1msavepack[22m | 保存文件：res://assets/image/ui/ui_start_menu/SelectorScreen_Vasebreaker_button_Mask.png.import[39m[0m
[  32% ] [90m[1msavepack[22m | 保存文件：res://.godot/imported/SelectorScreen_vasebreaker_highlight.png-35f8aaf0d942be03132bb515f35cc1f3.ctex[39m[0m
[  32% ] [90m[1msavepack[22m | 保存文件：res://assets/image/ui/ui_start_menu/SelectorScreen_vasebreaker_highlight.png.import[39m[0m
[  32% ] [90m[1msavepack[22m | 保存文件：res://.godot/imported/SelectorScreen_WoodSign1.png-0d5e0c4c9b601d9d8227ad0b80dabbd2.ctex[39m[0m
[  32% ] [90m[1msavepack[22m | 保存文件：res://assets/image/ui/ui_start_menu/SelectorScreen_WoodSign1.png.import[39m[0m
[  32% ] [90m[1msavepack[22m | 保存文件：res://.godot/imported/SelectorScreen_WoodSign2.png-81bddbfbbbbde19b3dc66fde30e754ef.ctex[39m[0m
[  32% ] [90m[1msavepack[22m | 保存文件：res://assets/image/ui/ui_start_menu/SelectorScreen_WoodSign2.png.import[39m[0m
[  32% ] [90m[1msavepack[22m | 保存文件：res://.godot/imported/SelectorScreen_WoodSign2_Mask.png-62763cdf3e7e489ae7135290abd98722.res[39m[0m
[  32% ] [90m[1msavepack[22m | 保存文件：res://assets/image/ui/ui_start_menu/SelectorScreen_WoodSign2_Mask.png.import[39m[0m
[  32% ] [90m[1msavepack[22m | 保存文件：res://.godot/imported/SelectorScreen_WoodSign2_press.png-9a65fdec62bc34aa6b8aec225c2a4cf1.ctex[39m[0m
[  32% ] [90m[1msavepack[22m | 保存文件：res://assets/image/ui/ui_start_menu/SelectorScreen_WoodSign2_press.png.import[39m[0m
[  32% ] [90m[1msavepack[22m | 保存文件：res://.godot/imported/SelectorScreen_WoodSign3.png-3e4a72029f256bc768fb769e2a677311.ctex[39m[0m
[  32% ] [90m[1msavepack[22m | 保存文件：res://assets/image/ui/ui_start_menu/SelectorScreen_WoodSign3.png.import[39m[0m
[  32% ] [90m[1msavepack[22m | 保存文件：res://.godot/imported/SelectorScreen_ZenGarden.png-4a3ed1dd244b1ad3cebafd09fa4cc16a.ctex[39m[0m
[  32% ] [90m[1msavepack[22m | 保存文件：res://assets/image/ui/ui_start_menu/SelectorScreen_ZenGarden.png.import[39m[0m
[  32% ] [90m[1msavepack[22m | 保存文件：res://.godot/imported/SelectorScreen_ZenGardenHighlight.png-4fa6630416cea143a568859b48e09f48.ctex[39m[0m
[  32% ] [90m[1msavepack[22m | 保存文件：res://assets/image/ui/ui_start_menu/SelectorScreen_ZenGardenHighlight.png.import[39m[0m
[  32% ] [90m[1msavepack[22m | 保存文件：res://.godot/imported/SelectorScreen_ZenGarden_Mask.png-97eac7a4dd5600675f40b5d55d733694.res[39m[0m
[  32% ] [90m[1msavepack[22m | 保存文件：res://assets/image/ui/ui_start_menu/SelectorScreen_ZenGarden_Mask.png.import[39m[0m
[  32% ] [90m[1msavepack[22m | 保存文件：res://.godot/imported/Sunflower_trophy.png-5c9f8c2994bd0b3dfcacef3963434869.ctex[39m[0m
[  32% ] [90m[1msavepack[22m | 保存文件：res://assets/image/ui/ui_start_menu/Sunflower_trophy.png.import[39m[0m
[  32% ] [90m[1msavepack[22m | 保存文件：res://.godot/imported/AwardGlow.png-42491c6db2bc01b660dbc5b57a0a4c27.ctex[39m[0m
[  32% ] [90m[1msavepack[22m | 保存文件：res://assets/image/ui/ui_trophy/AwardGlow.png.import[39m[0m
[  32% ] [90m[1msavepack[22m | 保存文件：res://.godot/imported/AwardPickupGlow.png-9a63377d7069636d24c605800f8ff039.ctex[39m[0m
[  32% ] [90m[1msavepack[22m | 保存文件：res://assets/image/ui/ui_trophy/AwardPickupGlow.png.import[39m[0m
[  33% ] [90m[1msavepack[22m | 保存文件：res://.godot/imported/AwardRays1.png-de697dbacb6660ab5fc6db9354d1ff31.ctex[39m[0m
[  33% ] [90m[1msavepack[22m | 保存文件：res://assets/image/ui/ui_trophy/AwardRays1.png.import[39m[0m
[  33% ] [90m[1msavepack[22m | 保存文件：res://.godot/imported/AwardRays2.png-8e7f3e20a0800f5cd4b501dc1f80aa35.ctex[39m[0m
[  33% ] [90m[1msavepack[22m | 保存文件：res://assets/image/ui/ui_trophy/AwardRays2.png.import[39m[0m
[  33% ] [90m[1msavepack[22m | 保存文件：res://.godot/imported/AwardRays.png-6a2ed8e336635bc0f5528a0065f042a5.ctex[39m[0m
[  33% ] [90m[1msavepack[22m | 保存文件：res://assets/image/ui/ui_trophy/AwardRays.png.import[39m[0m
[  33% ] [90m[1msavepack[22m | 保存文件：res://.godot/imported/AwardRays_star.png-d360b14d369539b673d1061520421a05.ctex[39m[0m
[  33% ] [90m[1msavepack[22m | 保存文件：res://assets/image/ui/ui_trophy/AwardRays_star.png.import[39m[0m
[  33% ] [90m[1msavepack[22m | 保存文件：res://.godot/imported/moneybag.png-85f475e1ffd404f64f188ff0eb9d8798.ctex[39m[0m
[  33% ] [90m[1msavepack[22m | 保存文件：res://assets/image/ui/ui_trophy/moneybag.png.import[39m[0m
[  33% ] [90m[1msavepack[22m | 保存文件：res://.godot/imported/moneybag_hi_res.png-d87396a157e55a93d88a69967303223a.ctex[39m[0m
[  33% ] [90m[1msavepack[22m | 保存文件：res://assets/image/ui/ui_trophy/moneybag_hi_res.png.import[39m[0m
[  33% ] [90m[1msavepack[22m | 保存文件：res://.godot/imported/trophy_hi_res.png-af64ebb670dc1ae47f995ee035e034de.ctex[39m[0m
[  33% ] [90m[1msavepack[22m | 保存文件：res://assets/image/ui/ui_trophy/trophy_hi_res.png.import[39m[0m
[  33% ] [90m[1msavepack[22m | 保存文件：res://.godot/imported/trophy_hi_res_mask.png-e76280fd9a928ed544a7954d3b1169cc.res[39m[0m
[  33% ] [90m[1msavepack[22m | 保存文件：res://assets/image/ui/ui_trophy/trophy_hi_res_mask.png.import[39m[0m
[  33% ] [90m[1msavepack[22m | 保存文件：res://.godot/imported/coinbank.png-5ef4540b075534ab5ba715011e4dbdd4.ctex[39m[0m
[  33% ] [90m[1msavepack[22m | 保存文件：res://assets/image/ui/coinbank.png.import[39m[0m
[  33% ] [90m[1msavepack[22m | 保存文件：res://.godot/imported/梧萱梦汐X.jpg-0a532e85e96b7a381940a49878f2f831.ctex[39m[0m
[  33% ] [90m[1msavepack[22m | 保存文件：res://assets/image/ui/梧萱梦汐X.jpg.import[39m[0m
[  33% ] [90m[1msavepack[22m | 保存文件：res://.godot/imported/梧萱梦汐X.png-749f84761b4cb6ff5274e0376891d61e.ctex[39m[0m
[  33% ] [90m[1msavepack[22m | 保存文件：res://assets/image/ui/梧萱梦汐X.png.import[39m[0m
[  33% ] [90m[1msavepack[22m | 保存文件：res://.godot/imported/ZombieFinalNoteBlack.png-8435b90359ff539e2ce584d24cff0d3f.ctex[39m[0m
[  33% ] [90m[1msavepack[22m | 保存文件：res://assets/image/zombie_note/ZombieFinalNoteBlack.png.import[39m[0m
[  33% ] [90m[1msavepack[22m | 保存文件：res://.godot/imported/ZombieNote.jpg-d1a01c5ee768b5a1b4137d4593b20e15.ctex[39m[0m
[  33% ] [90m[1msavepack[22m | 保存文件：res://assets/image/zombie_note/ZombieNote.jpg.import[39m[0m
[  33% ] [90m[1msavepack[22m | 保存文件：res://.godot/imported/ZombieNoteBlack1.png-be46553f023e8c5ccea5f0b63d4a0cb0.ctex[39m[0m
[  33% ] [90m[1msavepack[22m | 保存文件：res://assets/image/zombie_note/ZombieNoteBlack1.png.import[39m[0m
[  33% ] [90m[1msavepack[22m | 保存文件：res://.godot/imported/ZombieNoteBlack2.png-cb96e3acef484210a8d0ceb30a3eb0cc.ctex[39m[0m
[  33% ] [90m[1msavepack[22m | 保存文件：res://assets/image/zombie_note/ZombieNoteBlack2.png.import[39m[0m
[  33% ] [90m[1msavepack[22m | 保存文件：res://.godot/imported/ZombieNoteBlack3.png-ed2d84ed4405cdcfee8d471c205c5adf.ctex[39m[0m
[  33% ] [90m[1msavepack[22m | 保存文件：res://assets/image/zombie_note/ZombieNoteBlack3.png.import[39m[0m
[  33% ] [90m[1msavepack[22m | 保存文件：res://.godot/imported/ZombieNoteBlack4.png-375cddaaf6451657a2df2e28b0348af3.ctex[39m[0m
[  33% ] [90m[1msavepack[22m | 保存文件：res://assets/image/zombie_note/ZombieNoteBlack4.png.import[39m[0m
[  33% ] [90m[1msavepack[22m | 保存文件：res://.godot/imported/ZombieNoteHelpBlack.png-0c23a1735d50bfdc8c6ebdfdb97602ab.ctex[39m[0m
[  33% ] [90m[1msavepack[22m | 保存文件：res://assets/image/zombie_note/ZombieNoteHelpBlack.png.import[39m[0m
[  33% ] [90m[1msavepack[22m | 保存文件：res://.godot/imported/ZombieNoteSmall.png-931db3da206019076bf6ccce7d9a60dc.ctex[39m[0m
[  33% ] [90m[1msavepack[22m | 保存文件：res://assets/image/zombie_note/ZombieNoteSmall.png.import[39m[0m
[  33% ] [90m[1msavepack[22m | 保存文件：res://.godot/imported/ZombieNote_.png-b2d112ad6c8614a4869a0e1515589765.ctex[39m[0m
[  33% ] [90m[1msavepack[22m | 保存文件：res://assets/image/zombie_note/ZombieNote_.png.import[39m[0m
[  33% ] [90m[1msavepack[22m | 保存文件：res://.godot/imported/accessories_00.png-cb616a8eb3f0ba1a7708dafab72d4b91.ctex[39m[0m
[  33% ] [90m[1msavepack[22m | 保存文件：res://assets/reanim/accessories_00.png.import[39m[0m
[  33% ] [90m[1msavepack[22m | 保存文件：res://.godot/imported/accessories_01.png-0d339ba639bd2586ff48088b490ea7a8.ctex[39m[0m
[  33% ] [90m[1msavepack[22m | 保存文件：res://assets/reanim/accessories_01.png.import[39m[0m
[  33% ] [90m[1msavepack[22m | 保存文件：res://.godot/imported/accessories_02.png-f7fff95cf12bd42679df27ac677eee57.ctex[39m[0m
[  33% ] [90m[1msavepack[22m | 保存文件：res://assets/reanim/accessories_02.png.import[39m[0m
[  33% ] [90m[1msavepack[22m | 保存文件：res://.godot/imported/accessories_03.png-3ec4a35bbfa10d70b7d2b8a5f88ade3a.ctex[39m[0m
[  33% ] [90m[1msavepack[22m | 保存文件：res://assets/reanim/accessories_03.png.import[39m[0m
[  33% ] [90m[1msavepack[22m | 保存文件：res://.godot/imported/accessories_04.png-5aabc05537921a941c36bab1a4f1d847.ctex[39m[0m
[  33% ] [90m[1msavepack[22m | 保存文件：res://assets/reanim/accessories_04.png.import[39m[0m
[  33% ] [90m[1msavepack[22m | 保存文件：res://.godot/imported/accessories_05.png-6449bcd83395e9f1e6a1fcbf81350b9f.ctex[39m[0m
[  33% ] [90m[1msavepack[22m | 保存文件：res://assets/reanim/accessories_05.png.import[39m[0m
[  33% ] [90m[1msavepack[22m | 保存文件：res://.godot/imported/accessories_06.png-dfd6e8fde180759e84ef99b0dc44b371.ctex[39m[0m
[  33% ] [90m[1msavepack[22m | 保存文件：res://assets/reanim/accessories_06.png.import[39m[0m
[  33% ] [90m[1msavepack[22m | 保存文件：res://.godot/imported/accessories_07.png-7c582c4ee233f2359287e20006a804a8.ctex[39m[0m
[  33% ] [90m[1msavepack[22m | 保存文件：res://assets/reanim/accessories_07.png.import[39m[0m
[  33% ] [90m[1msavepack[22m | 保存文件：res://.godot/imported/accessories_08.png-2a87029495131e67a5952213630b1f4b.ctex[39m[0m
[  33% ] [90m[1msavepack[22m | 保存文件：res://assets/reanim/accessories_08.png.import[39m[0m
[  33% ] [90m[1msavepack[22m | 保存文件：res://.godot/imported/accessories_09.png-871ba08e699e943025c3a930b0d6fa84.ctex[39m[0m
[  33% ] [90m[1msavepack[22m | 保存文件：res://assets/reanim/accessories_09.png.import[39m[0m
[  33% ] [90m[1msavepack[22m | 保存文件：res://.godot/imported/accessories_10.png-5983a515571b7696a425e4dc1a0f736f.ctex[39m[0m
[  33% ] [90m[1msavepack[22m | 保存文件：res://assets/reanim/accessories_10.png.import[39m[0m
[  33% ] [90m[1msavepack[22m | 保存文件：res://.godot/imported/accessories_11.png-86d7bea53c56ac783fbc08fef64cf12f.ctex[39m[0m
[  33% ] [90m[1msavepack[22m | 保存文件：res://assets/reanim/accessories_11.png.import[39m[0m
[  33% ] [90m[1msavepack[22m | 保存文件：res://.godot/imported/accessories_12.png-233258b05a4f95ec5f56dbe204bb4b2b.ctex[39m[0m
[  33% ] [90m[1msavepack[22m | 保存文件：res://assets/reanim/accessories_12.png.import[39m[0m
[  33% ] [90m[1msavepack[22m | 保存文件：res://.godot/imported/accessories_13.png-6022b2b5c9a4b796119f0d170508c63f.ctex[39m[0m
[  33% ] [90m[1msavepack[22m | 保存文件：res://assets/reanim/accessories_13.png.import[39m[0m
[  33% ] [90m[1msavepack[22m | 保存文件：res://.godot/imported/accessories_14.png-ba840f0ab688951e7d2309a099917093.ctex[39m[0m
[  33% ] [90m[1msavepack[22m | 保存文件：res://assets/reanim/accessories_14.png.import[39m[0m
[  33% ] [90m[1msavepack[22m | 保存文件：res://.godot/imported/anim_sprout.png-6873605e3fee58c81d383bb3a67be183.ctex[39m[0m
[  33% ] [90m[1msavepack[22m | 保存文件：res://assets/reanim/anim_sprout.png.import[39m[0m
[  33% ] [90m[1msavepack[22m | 保存文件：res://.godot/imported/APPROACHING.png-9bdeab0034cd836efd78d9159d24e1e0.ctex[39m[0m
[  33% ] [90m[1msavepack[22m | 保存文件：res://assets/reanim/APPROACHING.png.import[39m[0m
[  33% ] [90m[1msavepack[22m | 保存文件：res://.godot/imported/Blover_blink.png-06a69b7f5532f0a7115d8fc079dc2e60.ctex[39m[0m
[  33% ] [90m[1msavepack[22m | 保存文件：res://assets/reanim/Blover_blink.png.import[39m[0m
[  33% ] [90m[1msavepack[22m | 保存文件：res://.godot/imported/Blover_dirt_back.png-2bb86fd64f25eb09b509993d14372a0b.ctex[39m[0m
[  33% ] [90m[1msavepack[22m | 保存文件：res://assets/reanim/Blover_dirt_back.png.import[39m[0m
[  33% ] [90m[1msavepack[22m | 保存文件：res://.godot/imported/Blover_dirt_front.png-e64ba748be28bd681e5eb3bf11d12bb8.ctex[39m[0m
[  33% ] [90m[1msavepack[22m | 保存文件：res://assets/reanim/Blover_dirt_front.png.import[39m[0m
[  33% ] [90m[1msavepack[22m | 保存文件：res://.godot/imported/Blover_head2.png-99ca47d58de6e0b32add7e914e7bccb9.ctex[39m[0m
[  33% ] [90m[1msavepack[22m | 保存文件：res://assets/reanim/Blover_head2.png.import[39m[0m
[  33% ] [90m[1msavepack[22m | 保存文件：res://.godot/imported/Blover_head.png-c1b32dd40886ee86d1158ccd2c7127fb.ctex[39m[0m
[  33% ] [90m[1msavepack[22m | 保存文件：res://assets/reanim/Blover_head.png.import[39m[0m
[  33% ] [90m[1msavepack[22m | 保存文件：res://.godot/imported/Blover_petal.png-911a2af7ddf949cc567d2a6a3bde694e.ctex[39m[0m
[  33% ] [90m[1msavepack[22m | 保存文件：res://assets/reanim/Blover_petal.png.import[39m[0m
[  33% ] [90m[1msavepack[22m | 保存文件：res://.godot/imported/Blover_stem1.png-2a2cf616ed007fb193f01dbce0a1cedc.ctex[39m[0m
[  33% ] [90m[1msavepack[22m | 保存文件：res://assets/reanim/Blover_stem1.png.import[39m[0m
[  33% ] [90m[1msavepack[22m | 保存文件：res://.godot/imported/Blover_stem2.png-3599fdb4fc9299aaca055f40f3ab5cfc.ctex[39m[0m
[  33% ] [90m[1msavepack[22m | 保存文件：res://assets/reanim/Blover_stem2.png.import[39m[0m
[  33% ] [90m[1msavepack[22m | 保存文件：res://.godot/imported/Cabbagepult_basket.png-4d96842c615d0f23df6edbddfaf24225.ctex[39m[0m
[  33% ] [90m[1msavepack[22m | 保存文件：res://assets/reanim/Cabbagepult_basket.png.import[39m[0m
[  33% ] [90m[1msavepack[22m | 保存文件：res://.godot/imported/Cabbagepult_basketvine1.png-fe81faff26fc8c0cfed94fa9571c720c.ctex[39m[0m
[  33% ] [90m[1msavepack[22m | 保存文件：res://assets/reanim/Cabbagepult_basketvine1.png.import[39m[0m
[  33% ] [90m[1msavepack[22m | 保存文件：res://.godot/imported/Cabbagepult_basketvine2.png-a022df3f3dc5cbd554ba71335059f249.ctex[39m[0m
[  33% ] [90m[1msavepack[22m | 保存文件：res://assets/reanim/Cabbagepult_basketvine2.png.import[39m[0m
[  33% ] [90m[1msavepack[22m | 保存文件：res://.godot/imported/Cabbagepult_basketvine3.png-08d4cc4d678e8d82a09cde642723ae5f.ctex[39m[0m
[  33% ] [90m[1msavepack[22m | 保存文件：res://assets/reanim/Cabbagepult_basketvine3.png.import[39m[0m
[  33% ] [90m[1msavepack[22m | 保存文件：res://.godot/imported/Cabbagepult_basketvine4.png-bfb9a43260ecd093baea537a6ade7cb7.ctex[39m[0m
[  33% ] [90m[1msavepack[22m | 保存文件：res://assets/reanim/Cabbagepult_basketvine4.png.import[39m[0m
[  33% ] [90m[1msavepack[22m | 保存文件：res://.godot/imported/Cabbagepult_basket_overlay.png-98cad62f10b2857ac7d15e0d75241cf3.ctex[39m[0m
[  33% ] [90m[1msavepack[22m | 保存文件：res://assets/reanim/Cabbagepult_basket_overlay.png.import[39m[0m
[  33% ] [90m[1msavepack[22m | 保存文件：res://.godot/imported/Cabbagepult_blink1.png-afc7e150e921eb40f2f36a591e710cc8.ctex[39m[0m
[  33% ] [90m[1msavepack[22m | 保存文件：res://assets/reanim/Cabbagepult_blink1.png.import[39m[0m
[  33% ] [90m[1msavepack[22m | 保存文件：res://.godot/imported/Cabbagepult_blink2.png-2fd7418789f8a471b2d1f07ed28288fc.ctex[39m[0m
[  33% ] [90m[1msavepack[22m | 保存文件：res://assets/reanim/Cabbagepult_blink2.png.import[39m[0m
[  33% ] [90m[1msavepack[22m | 保存文件：res://.godot/imported/Cabbagepult_cabbage.png-6f25644f599de09d1e6758839f3243ce.ctex[39m[0m
[  33% ] [90m[1msavepack[22m | 保存文件：res://assets/reanim/Cabbagepult_cabbage.png.import[39m[0m
[  33% ] [90m[1msavepack[22m | 保存文件：res://.godot/imported/Cabbagepult_eyebrow1.png-fc33742d98038c2b38e9ae48bb1cd3e0.ctex[39m[0m
[  33% ] [90m[1msavepack[22m | 保存文件：res://assets/reanim/Cabbagepult_eyebrow1.png.import[39m[0m
[  33% ] [90m[1msavepack[22m | 保存文件：res://.godot/imported/Cabbagepult_eyebrow2.png-9115017fd82e326d50b0db5be5385180.ctex[39m[0m
[  33% ] [90m[1msavepack[22m | 保存文件：res://assets/reanim/Cabbagepult_eyebrow2.png.import[39m[0m
[  33% ] [90m[1msavepack[22m | 保存文件：res://.godot/imported/Cabbagepult_eyebrow.png-93f869f3e4be823bb632c6cb1fc5dc1f.ctex[39m[0m
[  33% ] [90m[1msavepack[22m | 保存文件：res://assets/reanim/Cabbagepult_eyebrow.png.import[39m[0m
[  33% ] [90m[1msavepack[22m | 保存文件：res://.godot/imported/Cabbagepult_head.png-b8670c45bf0a7e5e5ee3196578069bd2.ctex[39m[0m
[  33% ] [90m[1msavepack[22m | 保存文件：res://assets/reanim/Cabbagepult_head.png.import[39m[0m
[  33% ] [90m[1msavepack[22m | 保存文件：res://.godot/imported/Cabbagepult_leaf.png-dd21f94b17fb927d2595f785dcd7037f.ctex[39m[0m
[  33% ] [90m[1msavepack[22m | 保存文件：res://assets/reanim/Cabbagepult_leaf.png.import[39m[0m
[  33% ] [90m[1msavepack[22m | 保存文件：res://.godot/imported/Cabbagepult_stalk1.png-2c2dcee6ce4ec14e9ab4c800c2bf313d.ctex[39m[0m
[  33% ] [90m[1msavepack[22m | 保存文件：res://assets/reanim/Cabbagepult_stalk1.png.import[39m[0m
[  33% ] [90m[1msavepack[22m | 保存文件：res://.godot/imported/Cabbagepult_stalk2.png-39b680fb946945a8e654df82af564bf8.ctex[39m[0m
[  33% ] [90m[1msavepack[22m | 保存文件：res://assets/reanim/Cabbagepult_stalk2.png.import[39m[0m
[  33% ] [90m[1msavepack[22m | 保存文件：res://.godot/imported/Cabbagepult_stalk3.png-9916216714bc7741705001777e141d64.ctex[39m[0m
[  33% ] [90m[1msavepack[22m | 保存文件：res://assets/reanim/Cabbagepult_stalk3.png.import[39m[0m
[  33% ] [90m[1msavepack[22m | 保存文件：res://.godot/imported/Cabbagepult_stalk4.png-5eb1ab5adc5893011987dc3c00a50287.ctex[39m[0m
[  33% ] [90m[1msavepack[22m | 保存文件：res://assets/reanim/Cabbagepult_stalk4.png.import[39m[0m
[  33% ] [90m[1msavepack[22m | 保存文件：res://.godot/imported/Cabbagepult_stalk5.png-7635ecb4fc37cb53cf43e6100e6c52ca.ctex[39m[0m
[  33% ] [90m[1msavepack[22m | 保存文件：res://assets/reanim/Cabbagepult_stalk5.png.import[39m[0m
[  33% ] [90m[1msavepack[22m | 保存文件：res://.godot/imported/Cactus_arm1_1.png-69d216ee18fff1c49536534bb98ca4d5.ctex[39m[0m
[  33% ] [90m[1msavepack[22m | 保存文件：res://assets/reanim/Cactus_arm1_1.png.import[39m[0m
[  33% ] [90m[1msavepack[22m | 保存文件：res://.godot/imported/Cactus_arm1_2.png-e132363259ae905a18941bb6cec157d9.ctex[39m[0m
[  33% ] [90m[1msavepack[22m | 保存文件：res://assets/reanim/Cactus_arm1_2.png.import[39m[0m
[  33% ] [90m[1msavepack[22m | 保存文件：res://.godot/imported/Cactus_arm2_1.png-8eaccf14bdd90d9702391f8296213ab4.ctex[39m[0m
[  33% ] [90m[1msavepack[22m | 保存文件：res://assets/reanim/Cactus_arm2_1.png.import[39m[0m
[  33% ] [90m[1msavepack[22m | 保存文件：res://.godot/imported/Cactus_arm2_2.png-cf859fb0e9f1ed19786f944502962ab1.ctex[39m[0m
[  33% ] [90m[1msavepack[22m | 保存文件：res://assets/reanim/Cactus_arm2_2.png.import[39m[0m
[  33% ] [90m[1msavepack[22m | 保存文件：res://.godot/imported/Cactus_blink1.png-1adef4fa4085ee89d9a4a0cde95086f1.ctex[39m[0m
[  33% ] [90m[1msavepack[22m | 保存文件：res://assets/reanim/Cactus_blink1.png.import[39m[0m
[  33% ] [90m[1msavepack[22m | 保存文件：res://.godot/imported/Cactus_blink2.png-b4c02eadb27a96f5158c4ef2224d0d70.ctex[39m[0m
[  33% ] [90m[1msavepack[22m | 保存文件：res://assets/reanim/Cactus_blink2.png.import[39m[0m
[  33% ] [90m[1msavepack[22m | 保存文件：res://.godot/imported/Cactus_body1.png-7254224fd1f85b01f57c1bf3de9aabfd.ctex[39m[0m
[  33% ] [90m[1msavepack[22m | 保存文件：res://assets/reanim/Cactus_body1.png.import[39m[0m
[  33% ] [90m[1msavepack[22m | 保存文件：res://.godot/imported/Cactus_body2.png-b3d8902da2fcfae5d6a564aecac269d4.ctex[39m[0m
[  33% ] [90m[1msavepack[22m | 保存文件：res://assets/reanim/Cactus_body2.png.import[39m[0m
[  33% ] [90m[1msavepack[22m | 保存文件：res://.godot/imported/Cactus_body3.png-920da79bb04e6d4df56c7cf17a03fe3e.ctex[39m[0m
[  33% ] [90m[1msavepack[22m | 保存文件：res://assets/reanim/Cactus_body3.png.import[39m[0m
[  33% ] [90m[1msavepack[22m | 保存文件：res://.godot/imported/Cactus_body_overlay2.png-69cb327c4d63d8d9cf9be9d1910a3702.ctex[39m[0m
[  33% ] [90m[1msavepack[22m | 保存文件：res://assets/reanim/Cactus_body_overlay2.png.import[39m[0m
[  33% ] [90m[1msavepack[22m | 保存文件：res://.godot/imported/Cactus_body_overlay.png-ed86e1d91d4edd1bf05f428a5ae5d63a.ctex[39m[0m
[  33% ] [90m[1msavepack[22m | 保存文件：res://assets/reanim/Cactus_body_overlay.png.import[39m[0m
[  34% ] [90m[1msavepack[22m | 保存文件：res://.godot/imported/Cactus_flower.png-1a0bd762bd47581e4842add4b8c1563a.ctex[39m[0m
[  34% ] [90m[1msavepack[22m | 保存文件：res://assets/reanim/Cactus_flower.png.import[39m[0m
[  34% ] [90m[1msavepack[22m | 保存文件：res://.godot/imported/Cactus_flower_top.png-3689aa1b7954f11a7b781bb7c5fb4b0e.ctex[39m[0m
[  34% ] [90m[1msavepack[22m | 保存文件：res://assets/reanim/Cactus_flower_top.png.import[39m[0m
[  34% ] [90m[1msavepack[22m | 保存文件：res://.godot/imported/Cactus_lips.png-15606c0f0237e4f3b27549dbd42db971.ctex[39m[0m
[  34% ] [90m[1msavepack[22m | 保存文件：res://assets/reanim/Cactus_lips.png.import[39m[0m
[  34% ] [90m[1msavepack[22m | 保存文件：res://.godot/imported/Cactus_mouth.png-426ded6ede417c3ce1b65dc107bf4682.ctex[39m[0m
[  34% ] [90m[1msavepack[22m | 保存文件：res://assets/reanim/Cactus_mouth.png.import[39m[0m
[  34% ] [90m[1msavepack[22m | 保存文件：res://.godot/imported/Caltrop_blink1.png-72a39a53cce3cff5c60b0bdecfd91d43.ctex[39m[0m
[  34% ] [90m[1msavepack[22m | 保存文件：res://assets/reanim/Caltrop_blink1.png.import[39m[0m
[  34% ] [90m[1msavepack[22m | 保存文件：res://.godot/imported/Caltrop_blink2.png-661988b895d36ea26e1a56a79a41c421.ctex[39m[0m
[  34% ] [90m[1msavepack[22m | 保存文件：res://assets/reanim/Caltrop_blink2.png.import[39m[0m
[  34% ] [90m[1msavepack[22m | 保存文件：res://.godot/imported/Caltrop_body2.png-13b9c6ede63716ce20f793005e26b3d4.ctex[39m[0m
[  34% ] [90m[1msavepack[22m | 保存文件：res://assets/reanim/Caltrop_body2.png.import[39m[0m
[  34% ] [90m[1msavepack[22m | 保存文件：res://.godot/imported/Caltrop_body.png-de373fbf220e19b526f01e75bbd935bd.ctex[39m[0m
[  34% ] [90m[1msavepack[22m | 保存文件：res://assets/reanim/Caltrop_body.png.import[39m[0m
[  34% ] [90m[1msavepack[22m | 保存文件：res://.godot/imported/Caltrop_horn1.png-1699873b12dc25198abf0ff5d809068a.ctex[39m[0m
[  34% ] [90m[1msavepack[22m | 保存文件：res://assets/reanim/Caltrop_horn1.png.import[39m[0m
[  34% ] [90m[1msavepack[22m | 保存文件：res://.godot/imported/Caltrop_horn2.png-5abd203d8d33c928bec58447388e6b71.ctex[39m[0m
[  34% ] [90m[1msavepack[22m | 保存文件：res://assets/reanim/Caltrop_horn2.png.import[39m[0m
[  34% ] [90m[1msavepack[22m | 保存文件：res://.godot/imported/Caltrop_horn3.png-c86d1b30f86a3598c4ea4e2ab8e135ca.ctex[39m[0m
[  34% ] [90m[1msavepack[22m | 保存文件：res://assets/reanim/Caltrop_horn3.png.import[39m[0m
[  34% ] [90m[1msavepack[22m | 保存文件：res://.godot/imported/Caltrop_horn4.png-04475856045feecb894aabecb5cd462b.ctex[39m[0m
[  34% ] [90m[1msavepack[22m | 保存文件：res://assets/reanim/Caltrop_horn4.png.import[39m[0m
[  34% ] [90m[1msavepack[22m | 保存文件：res://.godot/imported/Cattail_blink1.png-61c0b54d6165f60698e7d0fd9d6aafb3.ctex[39m[0m
[  34% ] [90m[1msavepack[22m | 保存文件：res://assets/reanim/Cattail_blink1.png.import[39m[0m
[  34% ] [90m[1msavepack[22m | 保存文件：res://.godot/imported/Cattail_blink2.png-46251abbe28a868104b6e23fc29a2036.ctex[39m[0m
[  34% ] [90m[1msavepack[22m | 保存文件：res://assets/reanim/Cattail_blink2.png.import[39m[0m
[  34% ] [90m[1msavepack[22m | 保存文件：res://.godot/imported/Cattail_eyebrow1.png-9f5cd88ec4074c26ee3523432dece236.ctex[39m[0m
[  34% ] [90m[1msavepack[22m | 保存文件：res://assets/reanim/Cattail_eyebrow1.png.import[39m[0m
[  34% ] [90m[1msavepack[22m | 保存文件：res://.godot/imported/Cattail_eyebrow2.png-0266970399723c6af761a08a44624868.ctex[39m[0m
[  34% ] [90m[1msavepack[22m | 保存文件：res://assets/reanim/Cattail_eyebrow2.png.import[39m[0m
[  34% ] [90m[1msavepack[22m | 保存文件：res://.godot/imported/Cattail_hat.png-548fd74aa13f06b08c1459e2874721b3.ctex[39m[0m
[  34% ] [90m[1msavepack[22m | 保存文件：res://assets/reanim/Cattail_hat.png.import[39m[0m
[  34% ] [90m[1msavepack[22m | 保存文件：res://.godot/imported/Cattail_head.png-dbed035b7a82bf6cd26c4db49182b60c.ctex[39m[0m
[  34% ] [90m[1msavepack[22m | 保存文件：res://assets/reanim/Cattail_head.png.import[39m[0m
[  34% ] [90m[1msavepack[22m | 保存文件：res://.godot/imported/Cattail_paw1.png-6103154778ed1e92e77011ba74dfe40a.ctex[39m[0m
[  34% ] [90m[1msavepack[22m | 保存文件：res://assets/reanim/Cattail_paw1.png.import[39m[0m
[  34% ] [90m[1msavepack[22m | 保存文件：res://.godot/imported/Cattail_paw2.png-7b008b828122bbcf84ba3883b2fa35e7.ctex[39m[0m
[  34% ] [90m[1msavepack[22m | 保存文件：res://assets/reanim/Cattail_paw2.png.import[39m[0m
[  34% ] [90m[1msavepack[22m | 保存文件：res://.godot/imported/Cattail_paw3.png-6a3e97317ebd182729a0a98673812815.ctex[39m[0m
[  34% ] [90m[1msavepack[22m | 保存文件：res://assets/reanim/Cattail_paw3.png.import[39m[0m
[  34% ] [90m[1msavepack[22m | 保存文件：res://.godot/imported/Cattail_spike.png-1f1296cbe39ec4357e5078fe63ebbb61.ctex[39m[0m
[  34% ] [90m[1msavepack[22m | 保存文件：res://assets/reanim/Cattail_spike.png.import[39m[0m
[  34% ] [90m[1msavepack[22m | 保存文件：res://.godot/imported/Cattail_tail2.png-2e023e7bd2699f7e09d747e753202969.ctex[39m[0m
[  34% ] [90m[1msavepack[22m | 保存文件：res://assets/reanim/Cattail_tail2.png.import[39m[0m
[  34% ] [90m[1msavepack[22m | 保存文件：res://.godot/imported/Cattail_tail2_overlay.png-2b2926bb15cf7d31b71aab204df4590a.ctex[39m[0m
[  34% ] [90m[1msavepack[22m | 保存文件：res://assets/reanim/Cattail_tail2_overlay.png.import[39m[0m
[  34% ] [90m[1msavepack[22m | 保存文件：res://.godot/imported/Cattail_tail.png-5bbcf0dd4f11cd2ef26d777f75b4840f.ctex[39m[0m
[  34% ] [90m[1msavepack[22m | 保存文件：res://assets/reanim/Cattail_tail.png.import[39m[0m
[  34% ] [90m[1msavepack[22m | 保存文件：res://.godot/imported/CherryBomb_leaf1.png-546ffdc87cc87bbb3417bd8638156a81.ctex[39m[0m
[  34% ] [90m[1msavepack[22m | 保存文件：res://assets/reanim/CherryBomb_leaf1.png.import[39m[0m
[  34% ] [90m[1msavepack[22m | 保存文件：res://.godot/imported/CherryBomb_leaf1tip.png-8773422d120be7b2a6cae45d497d982d.ctex[39m[0m
[  34% ] [90m[1msavepack[22m | 保存文件：res://assets/reanim/CherryBomb_leaf1tip.png.import[39m[0m
[  34% ] [90m[1msavepack[22m | 保存文件：res://.godot/imported/CherryBomb_leaf2.png-d6ae96dc2f8dc110f2245e2eca8f4d08.ctex[39m[0m
[  34% ] [90m[1msavepack[22m | 保存文件：res://assets/reanim/CherryBomb_leaf2.png.import[39m[0m
[  34% ] [90m[1msavepack[22m | 保存文件：res://.godot/imported/CherryBomb_leaf2tip.png-67954cb7b206ceab4c0e65ab7fce1930.ctex[39m[0m
[  34% ] [90m[1msavepack[22m | 保存文件：res://assets/reanim/CherryBomb_leaf2tip.png.import[39m[0m
[  34% ] [90m[1msavepack[22m | 保存文件：res://.godot/imported/CherryBomb_leaf3.png-b2575c7719157d77a47be95519302650.ctex[39m[0m
[  34% ] [90m[1msavepack[22m | 保存文件：res://assets/reanim/CherryBomb_leaf3.png.import[39m[0m
[  34% ] [90m[1msavepack[22m | 保存文件：res://.godot/imported/CherryBomb_left1.png-3d62ba53d55bc6fa0bbde1d0c568b5e4.ctex[39m[0m
[  34% ] [90m[1msavepack[22m | 保存文件：res://assets/reanim/CherryBomb_left1.png.import[39m[0m
[  34% ] [90m[1msavepack[22m | 保存文件：res://.godot/imported/CherryBomb_left3.png-80f99b297b9d8df66c0a3e1a03f0072c.ctex[39m[0m
[  34% ] [90m[1msavepack[22m | 保存文件：res://assets/reanim/CherryBomb_left3.png.import[39m[0m
[  34% ] [90m[1msavepack[22m | 保存文件：res://.godot/imported/CherryBomb_lefteye11.png-1372020961f234309e8e16fa3efa0c9e.ctex[39m[0m
[  34% ] [90m[1msavepack[22m | 保存文件：res://assets/reanim/CherryBomb_lefteye11.png.import[39m[0m
[  34% ] [90m[1msavepack[22m | 保存文件：res://.godot/imported/CherryBomb_lefteye12.png-192558efaa9839347df53b3f7a4b18c5.ctex[39m[0m
[  34% ] [90m[1msavepack[22m | 保存文件：res://assets/reanim/CherryBomb_lefteye12.png.import[39m[0m
[  34% ] [90m[1msavepack[22m | 保存文件：res://.godot/imported/CherryBomb_lefteye13.png-992caff569d5261faa20ea43902127f2.ctex[39m[0m
[  34% ] [90m[1msavepack[22m | 保存文件：res://assets/reanim/CherryBomb_lefteye13.png.import[39m[0m
[  34% ] [90m[1msavepack[22m | 保存文件：res://.godot/imported/CherryBomb_lefteye14.png-08314bf4113584b6b0bbcaa9a13f44a9.ctex[39m[0m
[  34% ] [90m[1msavepack[22m | 保存文件：res://assets/reanim/CherryBomb_lefteye14.png.import[39m[0m
[  34% ] [90m[1msavepack[22m | 保存文件：res://.godot/imported/CherryBomb_lefteye15.png-0540d7c9f23d2c1ff1fcf2f452860ae8.ctex[39m[0m
[  34% ] [90m[1msavepack[22m | 保存文件：res://assets/reanim/CherryBomb_lefteye15.png.import[39m[0m
[  34% ] [90m[1msavepack[22m | 保存文件：res://.godot/imported/CherryBomb_lefteye21.png-ab156c21e37b841b0cc0320f9839151a.ctex[39m[0m
[  34% ] [90m[1msavepack[22m | 保存文件：res://assets/reanim/CherryBomb_lefteye21.png.import[39m[0m
[  35% ] [90m[1msavepack[22m | 保存文件：res://.godot/imported/CherryBomb_lefteye22.png-7cddcb23ca4c3fc13b7b18baa51e7a7e.ctex[39m[0m
[  35% ] [90m[1msavepack[22m | 保存文件：res://assets/reanim/CherryBomb_lefteye22.png.import[39m[0m
[  35% ] [90m[1msavepack[22m | 保存文件：res://.godot/imported/CherryBomb_lefteye23.png-1e1c2161989fbf79cffbd8fad226ef4d.ctex[39m[0m
[  35% ] [90m[1msavepack[22m | 保存文件：res://assets/reanim/CherryBomb_lefteye23.png.import[39m[0m
[  35% ] [90m[1msavepack[22m | 保存文件：res://.godot/imported/CherryBomb_lefteye24.png-3b1c086267c541852105cf82eba3b2fe.ctex[39m[0m
[  35% ] [90m[1msavepack[22m | 保存文件：res://assets/reanim/CherryBomb_lefteye24.png.import[39m[0m
[  35% ] [90m[1msavepack[22m | 保存文件：res://.godot/imported/CherryBomb_lefteye25.png-419cff184d353186d96217b7f8ec2b53.ctex[39m[0m
[  35% ] [90m[1msavepack[22m | 保存文件：res://assets/reanim/CherryBomb_lefteye25.png.import[39m[0m
[  35% ] [90m[1msavepack[22m | 保存文件：res://.godot/imported/CherryBomb_leftmouth1.png-6809b9cfb4bd02a59740aefc3eb67b46.ctex[39m[0m
[  35% ] [90m[1msavepack[22m | 保存文件：res://assets/reanim/CherryBomb_leftmouth1.png.import[39m[0m
[  35% ] [90m[1msavepack[22m | 保存文件：res://.godot/imported/CherryBomb_leftmouth2.png-4109b1d4e367b393d0d2f15444414994.ctex[39m[0m
[  35% ] [90m[1msavepack[22m | 保存文件：res://assets/reanim/CherryBomb_leftmouth2.png.import[39m[0m
[  35% ] [90m[1msavepack[22m | 保存文件：res://.godot/imported/CherryBomb_leftmouth3.png-266fc45c72cb0c466cf1b054e3176da7.ctex[39m[0m
[  35% ] [90m[1msavepack[22m | 保存文件：res://assets/reanim/CherryBomb_leftmouth3.png.import[39m[0m
[  35% ] [90m[1msavepack[22m | 保存文件：res://.godot/imported/CherryBomb_leftmouth4.png-08120ac4f0fc344b0b9b23e6c50f799c.ctex[39m[0m
[  35% ] [90m[1msavepack[22m | 保存文件：res://assets/reanim/CherryBomb_leftmouth4.png.import[39m[0m
[  35% ] [90m[1msavepack[22m | 保存文件：res://.godot/imported/CherryBomb_leftmouth5.png-69bea4b370ad0c0f891a7c961c4b7029.ctex[39m[0m
[  35% ] [90m[1msavepack[22m | 保存文件：res://assets/reanim/CherryBomb_leftmouth5.png.import[39m[0m
[  35% ] [90m[1msavepack[22m | 保存文件：res://.godot/imported/CherryBomb_leftstem.png-5742cfa9658adc9d75ae7d602e1700c0.ctex[39m[0m
[  35% ] [90m[1msavepack[22m | 保存文件：res://assets/reanim/CherryBomb_leftstem.png.import[39m[0m
[  35% ] [90m[1msavepack[22m | 保存文件：res://.godot/imported/CherryBomb_right1.png-fca510fa990d6272db85fd25094704ba.ctex[39m[0m
[  35% ] [90m[1msavepack[22m | 保存文件：res://assets/reanim/CherryBomb_right1.png.import[39m[0m
[  35% ] [90m[1msavepack[22m | 保存文件：res://.godot/imported/CherryBomb_right3.png-08fc161893f7ca3c27cbe18e4390cef4.ctex[39m[0m
[  35% ] [90m[1msavepack[22m | 保存文件：res://assets/reanim/CherryBomb_right3.png.import[39m[0m
[  35% ] [90m[1msavepack[22m | 保存文件：res://.godot/imported/CherryBomb_righteye11.png-87289cb5fe6871bc4b20240102aba072.ctex[39m[0m
[  35% ] [90m[1msavepack[22m | 保存文件：res://assets/reanim/CherryBomb_righteye11.png.import[39m[0m
[  35% ] [90m[1msavepack[22m | 保存文件：res://.godot/imported/CherryBomb_righteye12.png-73172cf94527272e77418db5b97e24f4.ctex[39m[0m
[  35% ] [90m[1msavepack[22m | 保存文件：res://assets/reanim/CherryBomb_righteye12.png.import[39m[0m
[  35% ] [90m[1msavepack[22m | 保存文件：res://.godot/imported/CherryBomb_righteye13.png-6b3f326c417faf351fbb80ed602c6710.ctex[39m[0m
[  35% ] [90m[1msavepack[22m | 保存文件：res://assets/reanim/CherryBomb_righteye13.png.import[39m[0m
[  35% ] [90m[1msavepack[22m | 保存文件：res://.godot/imported/CherryBomb_righteye14.png-03bb024c41d561b2c32d28b5513797c8.ctex[39m[0m
[  35% ] [90m[1msavepack[22m | 保存文件：res://assets/reanim/CherryBomb_righteye14.png.import[39m[0m
[  35% ] [90m[1msavepack[22m | 保存文件：res://.godot/imported/CherryBomb_righteye15.png-071dc0fb34929a8c43097b146bb3e8e0.ctex[39m[0m
[  35% ] [90m[1msavepack[22m | 保存文件：res://assets/reanim/CherryBomb_righteye15.png.import[39m[0m
[  35% ] [90m[1msavepack[22m | 保存文件：res://.godot/imported/CherryBomb_righteye21.png-cd85863fa4d1560bfa5ef2339a61be6c.ctex[39m[0m
[  35% ] [90m[1msavepack[22m | 保存文件：res://assets/reanim/CherryBomb_righteye21.png.import[39m[0m
[  35% ] [90m[1msavepack[22m | 保存文件：res://.godot/imported/CherryBomb_righteye22.png-ebdca61617ff2104a17482d7c9791e8b.ctex[39m[0m
[  35% ] [90m[1msavepack[22m | 保存文件：res://assets/reanim/CherryBomb_righteye22.png.import[39m[0m
[  35% ] [90m[1msavepack[22m | 保存文件：res://.godot/imported/CherryBomb_righteye23.png-32dc7ad8f088f58bdf4700e754f1b07a.ctex[39m[0m
[  35% ] [90m[1msavepack[22m | 保存文件：res://assets/reanim/CherryBomb_righteye23.png.import[39m[0m
[  35% ] [90m[1msavepack[22m | 保存文件：res://.godot/imported/CherryBomb_righteye24.png-e947b2d5bdbbcbe1d3bc50a00cbf01b1.ctex[39m[0m
[  35% ] [90m[1msavepack[22m | 保存文件：res://assets/reanim/CherryBomb_righteye24.png.import[39m[0m
[  35% ] [90m[1msavepack[22m | 保存文件：res://.godot/imported/CherryBomb_righteye25.png-d93cb26d80a7e44e50d8130ce79115f5.ctex[39m[0m
[  35% ] [90m[1msavepack[22m | 保存文件：res://assets/reanim/CherryBomb_righteye25.png.import[39m[0m
[  35% ] [90m[1msavepack[22m | 保存文件：res://.godot/imported/CherryBomb_rightmouth1.png-378d71013c7f8db05c1ea9998cc2067b.ctex[39m[0m
[  35% ] [90m[1msavepack[22m | 保存文件：res://assets/reanim/CherryBomb_rightmouth1.png.import[39m[0m
[  35% ] [90m[1msavepack[22m | 保存文件：res://.godot/imported/CherryBomb_rightmouth2.png-1d051e4d1980ace77ad3e056f08bcd4a.ctex[39m[0m
[  35% ] [90m[1msavepack[22m | 保存文件：res://assets/reanim/CherryBomb_rightmouth2.png.import[39m[0m
[  35% ] [90m[1msavepack[22m | 保存文件：res://.godot/imported/CherryBomb_rightmouth3.png-825f0e2436f01899e6b9a041102f5403.ctex[39m[0m
[  35% ] [90m[1msavepack[22m | 保存文件：res://assets/reanim/CherryBomb_rightmouth3.png.import[39m[0m
[  35% ] [90m[1msavepack[22m | 保存文件：res://.godot/imported/CherryBomb_rightmouth4.png-1122a5671c2e546844d03abbc8765d69.ctex[39m[0m
[  35% ] [90m[1msavepack[22m | 保存文件：res://assets/reanim/CherryBomb_rightmouth4.png.import[39m[0m
[  35% ] [90m[1msavepack[22m | 保存文件：res://.godot/imported/CherryBomb_rightmouth5.png-468fae56a5aa79d8afe63e7390ba7396.ctex[39m[0m
[  35% ] [90m[1msavepack[22m | 保存文件：res://assets/reanim/CherryBomb_rightmouth5.png.import[39m[0m
[  35% ] [90m[1msavepack[22m | 保存文件：res://.godot/imported/CherryBomb_rightstem.png-8cf094c4387a17b1e360b733e52fd03a.ctex[39m[0m
[  35% ] [90m[1msavepack[22m | 保存文件：res://assets/reanim/CherryBomb_rightstem.png.import[39m[0m
[  35% ] [90m[1msavepack[22m | 保存文件：res://.godot/imported/Chomper_bottomlip.png-9e8d7b377e47fe6db7accd50083c1e51.ctex[39m[0m
[  35% ] [90m[1msavepack[22m | 保存文件：res://assets/reanim/Chomper_bottomlip.png.import[39m[0m
[  35% ] [90m[1msavepack[22m | 保存文件：res://.godot/imported/Chomper_groundleaf1.png-cb43adfbeb1549e6177bfd3337eeeffd.ctex[39m[0m
[  35% ] [90m[1msavepack[22m | 保存文件：res://assets/reanim/Chomper_groundleaf1.png.import[39m[0m
[  35% ] [90m[1msavepack[22m | 保存文件：res://.godot/imported/Chomper_groundleaf1tip.png-22041b49cf6527210bd1fc21259d5ef6.ctex[39m[0m
[  35% ] [90m[1msavepack[22m | 保存文件：res://assets/reanim/Chomper_groundleaf1tip.png.import[39m[0m
[  35% ] [90m[1msavepack[22m | 保存文件：res://.godot/imported/Chomper_groundleaf2.png-30817a29314391a6f915b3072601137a.ctex[39m[0m
[  35% ] [90m[1msavepack[22m | 保存文件：res://assets/reanim/Chomper_groundleaf2.png.import[39m[0m
[  35% ] [90m[1msavepack[22m | 保存文件：res://.godot/imported/Chomper_groundleaf2tip.png-b0644a5597ee05eb6328c9837601f130.ctex[39m[0m
[  35% ] [90m[1msavepack[22m | 保存文件：res://assets/reanim/Chomper_groundleaf2tip.png.import[39m[0m
[  35% ] [90m[1msavepack[22m | 保存文件：res://.godot/imported/Chomper_groundleaf3.png-89096e993fc8d58bb668d9b7b543068d.ctex[39m[0m
[  35% ] [90m[1msavepack[22m | 保存文件：res://assets/reanim/Chomper_groundleaf3.png.import[39m[0m
[  35% ] [90m[1msavepack[22m | 保存文件：res://.godot/imported/Chomper_groundleaf4.png-8c425fd3a00b44d7ad3a115436169e4b.ctex[39m[0m
[  35% ] [90m[1msavepack[22m | 保存文件：res://assets/reanim/Chomper_groundleaf4.png.import[39m[0m
[  35% ] [90m[1msavepack[22m | 保存文件：res://.godot/imported/Chomper_Headleaf1.png-28aabcb6daa9bc2dd6d99977a38edc64.ctex[39m[0m
[  35% ] [90m[1msavepack[22m | 保存文件：res://assets/reanim/Chomper_Headleaf1.png.import[39m[0m
[  35% ] [90m[1msavepack[22m | 保存文件：res://.godot/imported/Chomper_Headleaf2.png-3f5a344fe798623c1a495107af7d36e2.ctex[39m[0m
[  35% ] [90m[1msavepack[22m | 保存文件：res://assets/reanim/Chomper_Headleaf2.png.import[39m[0m
[  36% ] [90m[1msavepack[22m | 保存文件：res://.godot/imported/Chomper_Headleaf3.png-ef792aea0e37686ccf73a65898794162.ctex[39m[0m
[  36% ] [90m[1msavepack[22m | 保存文件：res://assets/reanim/Chomper_Headleaf3.png.import[39m[0m
[  36% ] [90m[1msavepack[22m | 保存文件：res://.godot/imported/Chomper_Headleaf4.png-ca4e42bcac8073bb12dd57ed3f44e50c.ctex[39m[0m
[  36% ] [90m[1msavepack[22m | 保存文件：res://assets/reanim/Chomper_Headleaf4.png.import[39m[0m
[  36% ] [90m[1msavepack[22m | 保存文件：res://.godot/imported/Chomper_insidemouth.png-7145f3a48f624e90db4a49ce0b65b699.ctex[39m[0m
[  36% ] [90m[1msavepack[22m | 保存文件：res://assets/reanim/Chomper_insidemouth.png.import[39m[0m
[  36% ] [90m[1msavepack[22m | 保存文件：res://.godot/imported/Chomper_spike.png-de5267c2c8badf99e71e63710f2c9c2c.ctex[39m[0m
[  36% ] [90m[1msavepack[22m | 保存文件：res://assets/reanim/Chomper_spike.png.import[39m[0m
[  36% ] [90m[1msavepack[22m | 保存文件：res://.godot/imported/Chomper_stem1.png-9f4f71a5d4c26e77ce0633e63d9e51de.ctex[39m[0m
[  36% ] [90m[1msavepack[22m | 保存文件：res://assets/reanim/Chomper_stem1.png.import[39m[0m
[  36% ] [90m[1msavepack[22m | 保存文件：res://.godot/imported/Chomper_stem2.png-f88e8fa3e489dc57d98fc0f140bd880c.ctex[39m[0m
[  36% ] [90m[1msavepack[22m | 保存文件：res://assets/reanim/Chomper_stem2.png.import[39m[0m
[  36% ] [90m[1msavepack[22m | 保存文件：res://.godot/imported/Chomper_stem3.png-0569f20f47036bcc74c4b7179a1953c3.ctex[39m[0m
[  36% ] [90m[1msavepack[22m | 保存文件：res://assets/reanim/Chomper_stem3.png.import[39m[0m
[  36% ] [90m[1msavepack[22m | 保存文件：res://.godot/imported/Chomper_stomach.png-54493a46f648a4f505c30d6fbf9d094f.ctex[39m[0m
[  36% ] [90m[1msavepack[22m | 保存文件：res://assets/reanim/Chomper_stomach.png.import[39m[0m
[  36% ] [90m[1msavepack[22m | 保存文件：res://.godot/imported/Chomper_tongue.png-65498a1e5626e4d8c2775ee5a47b111d.ctex[39m[0m
[  36% ] [90m[1msavepack[22m | 保存文件：res://assets/reanim/Chomper_tongue.png.import[39m[0m
[  36% ] [90m[1msavepack[22m | 保存文件：res://.godot/imported/Chomper_topjaw.png-219d003b1e05543a783ca1835c372449.ctex[39m[0m
[  36% ] [90m[1msavepack[22m | 保存文件：res://assets/reanim/Chomper_topjaw.png.import[39m[0m
[  36% ] [90m[1msavepack[22m | 保存文件：res://.godot/imported/Chomper_underjaw.png-f5fcaae4ba60f9a36c2bfe93a041129b.ctex[39m[0m
[  36% ] [90m[1msavepack[22m | 保存文件：res://assets/reanim/Chomper_underjaw.png.import[39m[0m
[  36% ] [90m[1msavepack[22m | 保存文件：res://.godot/imported/CobCannon_blink1.png-bf83912a3444e2e4a683975ea84fa746.ctex[39m[0m
[  36% ] [90m[1msavepack[22m | 保存文件：res://assets/reanim/CobCannon_blink1.png.import[39m[0m
[  36% ] [90m[1msavepack[22m | 保存文件：res://.godot/imported/CobCannon_blink2.png-0d56a6015784bbfa09994c197feae693.ctex[39m[0m
[  36% ] [90m[1msavepack[22m | 保存文件：res://assets/reanim/CobCannon_blink2.png.import[39m[0m
[  36% ] [90m[1msavepack[22m | 保存文件：res://.godot/imported/CobCannon_cob.png-1bb03dfc8031c2ccec395caef47ef976.ctex[39m[0m
[  36% ] [90m[1msavepack[22m | 保存文件：res://assets/reanim/CobCannon_cob.png.import[39m[0m
[  36% ] [90m[1msavepack[22m | 保存文件：res://.godot/imported/CobCannon_exhaust.png-f94ad4ab954ab1d102a518f9228bcc39.ctex[39m[0m
[  36% ] [90m[1msavepack[22m | 保存文件：res://assets/reanim/CobCannon_exhaust.png.import[39m[0m
[  36% ] [90m[1msavepack[22m | 保存文件：res://.godot/imported/CobCannon_fuse.png-6e450bdf0ab59aa34014321a3f297063.ctex[39m[0m
[  36% ] [90m[1msavepack[22m | 保存文件：res://assets/reanim/CobCannon_fuse.png.import[39m[0m
[  36% ] [90m[1msavepack[22m | 保存文件：res://.godot/imported/CobCannon_husk1.png-87bce1e3e2eeabae5bb2a5cd1fe3650b.ctex[39m[0m
[  36% ] [90m[1msavepack[22m | 保存文件：res://assets/reanim/CobCannon_husk1.png.import[39m[0m
[  36% ] [90m[1msavepack[22m | 保存文件：res://.godot/imported/CobCannon_husk2.png-fe739e6172a4f7755c09e40b844e7ccd.ctex[39m[0m
[  36% ] [90m[1msavepack[22m | 保存文件：res://assets/reanim/CobCannon_husk2.png.import[39m[0m
[  36% ] [90m[1msavepack[22m | 保存文件：res://.godot/imported/CobCannon_husk3.2.png-ef01150926159e673690c7ab5bbe7f04.ctex[39m[0m
[  36% ] [90m[1msavepack[22m | 保存文件：res://assets/reanim/CobCannon_husk3.2.png.import[39m[0m
[  36% ] [90m[1msavepack[22m | 保存文件：res://.godot/imported/CobCannon_husk3.png-a3dbcef65990343fabb5089eccbd64d4.ctex[39m[0m
[  36% ] [90m[1msavepack[22m | 保存文件：res://assets/reanim/CobCannon_husk3.png.import[39m[0m
[  36% ] [90m[1msavepack[22m | 保存文件：res://.godot/imported/CobCannon_husk4.2.png-2145c79c6a9c4a06e515f6a3860d010b.ctex[39m[0m
[  36% ] [90m[1msavepack[22m | 保存文件：res://assets/reanim/CobCannon_husk4.2.png.import[39m[0m
[  36% ] [90m[1msavepack[22m | 保存文件：res://.godot/imported/CobCannon_husk4.png-671c3e1dcb64e03879dc94a11a4a1536.ctex[39m[0m
[  36% ] [90m[1msavepack[22m | 保存文件：res://assets/reanim/CobCannon_husk4.png.import[39m[0m
[  36% ] [90m[1msavepack[22m | 保存文件：res://.godot/imported/CobCannon_log.png-975106026668ca44a9ef07c8aabd2681.ctex[39m[0m
[  36% ] [90m[1msavepack[22m | 保存文件：res://assets/reanim/CobCannon_log.png.import[39m[0m
[  36% ] [90m[1msavepack[22m | 保存文件：res://.godot/imported/CobCannon_wheel.png-3af2168cccd7f1c71e90487b4b106adb.ctex[39m[0m
[  36% ] [90m[1msavepack[22m | 保存文件：res://assets/reanim/CobCannon_wheel.png.import[39m[0m
[  36% ] [90m[1msavepack[22m | 保存文件：res://.godot/imported/Coffeebean_eyelid2.png-2bd578408df119ad3292025be482a321.ctex[39m[0m
[  36% ] [90m[1msavepack[22m | 保存文件：res://assets/reanim/Coffeebean_eyelid2.png.import[39m[0m
[  36% ] [90m[1msavepack[22m | 保存文件：res://.godot/imported/Coffeebean_eyelid3.png-275df66c93a3c82fabf1e9776b086903.ctex[39m[0m
[  36% ] [90m[1msavepack[22m | 保存文件：res://assets/reanim/Coffeebean_eyelid3.png.import[39m[0m
[  36% ] [90m[1msavepack[22m | 保存文件：res://.godot/imported/Coffeebean_eyelid.png-5d8e2aae6985da4bbbfbff6e99fdbf6d.ctex[39m[0m
[  36% ] [90m[1msavepack[22m | 保存文件：res://assets/reanim/Coffeebean_eyelid.png.import[39m[0m
[  36% ] [90m[1msavepack[22m | 保存文件：res://.godot/imported/Coffeebean_head1.png-ac77b5de28e0e4375d354e46955a6755.ctex[39m[0m
[  36% ] [90m[1msavepack[22m | 保存文件：res://assets/reanim/Coffeebean_head1.png.import[39m[0m
[  36% ] [90m[1msavepack[22m | 保存文件：res://.godot/imported/Coffeebean_head2.png-3451ce0830a86df6db52e58149b41836.ctex[39m[0m
[  36% ] [90m[1msavepack[22m | 保存文件：res://assets/reanim/Coffeebean_head2.png.import[39m[0m
[  36% ] [90m[1msavepack[22m | 保存文件：res://.godot/imported/Coffeebean_head3.png-176f4d99f935ee90d957105f3d69c0ea.ctex[39m[0m
[  36% ] [90m[1msavepack[22m | 保存文件：res://assets/reanim/Coffeebean_head3.png.import[39m[0m
[  36% ] [90m[1msavepack[22m | 保存文件：res://.godot/imported/Coffeebean_head4.png-ade4030771dd3bb1b7e31802f4aeb5af.ctex[39m[0m
[  36% ] [90m[1msavepack[22m | 保存文件：res://assets/reanim/Coffeebean_head4.png.import[39m[0m
[  36% ] [90m[1msavepack[22m | 保存文件：res://.godot/imported/Coffeebean_head5.png-da6ebba02e0a1a1ea4b424bfe8b45f0d.ctex[39m[0m
[  36% ] [90m[1msavepack[22m | 保存文件：res://assets/reanim/Coffeebean_head5.png.import[39m[0m
[  36% ] [90m[1msavepack[22m | 保存文件：res://.godot/imported/Coffeebean_head6.png-afa13b304fcf687a86b169b6af72aeb2.ctex[39m[0m
[  36% ] [90m[1msavepack[22m | 保存文件：res://assets/reanim/Coffeebean_head6.png.import[39m[0m
[  36% ] [90m[1msavepack[22m | 保存文件：res://.godot/imported/Coffeebean_head7.png-1e18722f72009fa7700911f70d2dffd7.ctex[39m[0m
[  36% ] [90m[1msavepack[22m | 保存文件：res://assets/reanim/Coffeebean_head7.png.import[39m[0m
[  36% ] [90m[1msavepack[22m | 保存文件：res://.godot/imported/Coffeebean_head8.png-7d720a8b8ba423ecd8363e7047610ee1.ctex[39m[0m
[  36% ] [90m[1msavepack[22m | 保存文件：res://assets/reanim/Coffeebean_head8.png.import[39m[0m
[  36% ] [90m[1msavepack[22m | 保存文件：res://.godot/imported/Coffeebean_head9.png-e767bae90d4bfd6d2dc76c4bc5022e5a.ctex[39m[0m
[  36% ] [90m[1msavepack[22m | 保存文件：res://assets/reanim/Coffeebean_head9.png.import[39m[0m
[  36% ] [90m[1msavepack[22m | 保存文件：res://.godot/imported/Coffeebean_head10.png-85f03935bd817e2b3ac74bd66c6c40e4.ctex[39m[0m
[  36% ] [90m[1msavepack[22m | 保存文件：res://assets/reanim/Coffeebean_head10.png.import[39m[0m
[  36% ] [90m[1msavepack[22m | 保存文件：res://.godot/imported/Coffeebean_head11.png-6d8d8168837fbf53f239b4adf1d57cd2.ctex[39m[0m
[  36% ] [90m[1msavepack[22m | 保存文件：res://assets/reanim/Coffeebean_head11.png.import[39m[0m
[  37% ] [90m[1msavepack[22m | 保存文件：res://.godot/imported/Coffeebean_head12.png-358af5ddb01dd49bc4a632f728c8970a.ctex[39m[0m
[  37% ] [90m[1msavepack[22m | 保存文件：res://assets/reanim/Coffeebean_head12.png.import[39m[0m
[  37% ] [90m[1msavepack[22m | 保存文件：res://.godot/imported/Coffeebean_leaf.png-68d737183b35d92beabd0cdcbc1ab32d.ctex[39m[0m
[  37% ] [90m[1msavepack[22m | 保存文件：res://assets/reanim/Coffeebean_leaf.png.import[39m[0m
[  37% ] [90m[1msavepack[22m | 保存文件：res://.godot/imported/CoinGlow.png-b63a0ef7bb1e80bbb8c2c0f3c65f28ed.ctex[39m[0m
[  37% ] [90m[1msavepack[22m | 保存文件：res://assets/reanim/CoinGlow.png.import[39m[0m
[  37% ] [90m[1msavepack[22m | 保存文件：res://.godot/imported/coin_black.png-26ed34f83f8c5cb7864928e1f777372f.ctex[39m[0m
[  37% ] [90m[1msavepack[22m | 保存文件：res://assets/reanim/coin_black.png.import[39m[0m
[  37% ] [90m[1msavepack[22m | 保存文件：res://.godot/imported/coin_black_gold.png-c8d803aa902db4d77f2382d99418dd0e.ctex[39m[0m
[  37% ] [90m[1msavepack[22m | 保存文件：res://assets/reanim/coin_black_gold.png.import[39m[0m
[  37% ] [90m[1msavepack[22m | 保存文件：res://.godot/imported/coin_gold2.png-77c47f3cd8bce0b50df8fd1ecb82af66.ctex[39m[0m
[  37% ] [90m[1msavepack[22m | 保存文件：res://assets/reanim/coin_gold2.png.import[39m[0m
[  37% ] [90m[1msavepack[22m | 保存文件：res://.godot/imported/coin_gold_dollar.png-b2b0f17861343b1e468377b4302dfd79.ctex[39m[0m
[  37% ] [90m[1msavepack[22m | 保存文件：res://assets/reanim/coin_gold_dollar.png.import[39m[0m
[  37% ] [90m[1msavepack[22m | 保存文件：res://.godot/imported/coin_gold_dollar_mask.png-cde55d3dc1cd22673ff42468294d1976.res[39m[0m
[  37% ] [90m[1msavepack[22m | 保存文件：res://assets/reanim/coin_gold_dollar_mask.png.import[39m[0m
[  37% ] [90m[1msavepack[22m | 保存文件：res://.godot/imported/coin_shading.png-aa29de38676e68d60dc4277313431ffd.ctex[39m[0m
[  37% ] [90m[1msavepack[22m | 保存文件：res://assets/reanim/coin_shading.png.import[39m[0m
[  37% ] [90m[1msavepack[22m | 保存文件：res://.godot/imported/coin_silver2.png-ce7cd7854831273f4346ee72b8ab5d09.ctex[39m[0m
[  37% ] [90m[1msavepack[22m | 保存文件：res://assets/reanim/coin_silver2.png.import[39m[0m
[  37% ] [90m[1msavepack[22m | 保存文件：res://.godot/imported/coin_silver_dollar.png-bbb0ce94f69af142c1fa2205af0b1ea6.ctex[39m[0m
[  37% ] [90m[1msavepack[22m | 保存文件：res://assets/reanim/coin_silver_dollar.png.import[39m[0m
[  37% ] [90m[1msavepack[22m | 保存文件：res://.godot/imported/coin_silver_dollar_mask.png-478a4006a17be7692bd0ad650c749bdc.res[39m[0m
[  37% ] [90m[1msavepack[22m | 保存文件：res://assets/reanim/coin_silver_dollar_mask.png.import[39m[0m
[  37% ] [90m[1msavepack[22m | 保存文件：res://.godot/imported/Cornpult_blink1.png-5b1e7aa3869cb8dd7fe03c9666373d7a.ctex[39m[0m
[  37% ] [90m[1msavepack[22m | 保存文件：res://assets/reanim/Cornpult_blink1.png.import[39m[0m
[  37% ] [90m[1msavepack[22m | 保存文件：res://.godot/imported/Cornpult_blink2.png-987bb4c44ac04f96d51f27d5978e0387.ctex[39m[0m
[  37% ] [90m[1msavepack[22m | 保存文件：res://assets/reanim/Cornpult_blink2.png.import[39m[0m
[  37% ] [90m[1msavepack[22m | 保存文件：res://.godot/imported/Cornpult_body.png-9026b44a6e373d21897add3a0b1760b8.ctex[39m[0m
[  37% ] [90m[1msavepack[22m | 保存文件：res://assets/reanim/Cornpult_body.png.import[39m[0m
[  37% ] [90m[1msavepack[22m | 保存文件：res://.godot/imported/Cornpult_butter.png-b1e35de9548e68c45e9c55890c5e3aaa.ctex[39m[0m
[  37% ] [90m[1msavepack[22m | 保存文件：res://assets/reanim/Cornpult_butter.png.import[39m[0m
[  37% ] [90m[1msavepack[22m | 保存文件：res://.godot/imported/Cornpult_butter_splat.png-f6fdf089586911ef4532908f2d53c56e.ctex[39m[0m
[  37% ] [90m[1msavepack[22m | 保存文件：res://assets/reanim/Cornpult_butter_splat.png.import[39m[0m
[  37% ] [90m[1msavepack[22m | 保存文件：res://.godot/imported/Cornpult_eyebrow.png-519d97dd7af3482be1bbdc1c51a1894a.ctex[39m[0m
[  37% ] [90m[1msavepack[22m | 保存文件：res://assets/reanim/Cornpult_eyebrow.png.import[39m[0m
[  37% ] [90m[1msavepack[22m | 保存文件：res://.godot/imported/Cornpult_husk1.png-ad7745e4192a6f5d530e87791f480363.ctex[39m[0m
[  37% ] [90m[1msavepack[22m | 保存文件：res://assets/reanim/Cornpult_husk1.png.import[39m[0m
[  37% ] [90m[1msavepack[22m | 保存文件：res://.godot/imported/Cornpult_husk2.png-a614d89473b279ee83542ef123183d90.ctex[39m[0m
[  37% ] [90m[1msavepack[22m | 保存文件：res://assets/reanim/Cornpult_husk2.png.import[39m[0m
[  37% ] [90m[1msavepack[22m | 保存文件：res://.godot/imported/Cornpult_husk3.png-17c6e072c1e911af8b61f8a793b01fc4.ctex[39m[0m
[  37% ] [90m[1msavepack[22m | 保存文件：res://assets/reanim/Cornpult_husk3.png.import[39m[0m
[  37% ] [90m[1msavepack[22m | 保存文件：res://.godot/imported/Cornpult_husk4.png-2fa99c4d49eb1d700a56cec0e2b66344.ctex[39m[0m
[  37% ] [90m[1msavepack[22m | 保存文件：res://assets/reanim/Cornpult_husk4.png.import[39m[0m
[  37% ] [90m[1msavepack[22m | 保存文件：res://.godot/imported/Cornpult_husk5.png-165458f1841077e702b4a26d28387db8.ctex[39m[0m
[  37% ] [90m[1msavepack[22m | 保存文件：res://assets/reanim/Cornpult_husk5.png.import[39m[0m
[  37% ] [90m[1msavepack[22m | 保存文件：res://.godot/imported/Cornpult_husk6.png-e5aa0b11fb8e2aad2b4f8ece19895a96.ctex[39m[0m
[  37% ] [90m[1msavepack[22m | 保存文件：res://assets/reanim/Cornpult_husk6.png.import[39m[0m
[  37% ] [90m[1msavepack[22m | 保存文件：res://.godot/imported/Cornpult_husktip1.png-c28efab29193da669fe175e1812549b3.ctex[39m[0m
[  37% ] [90m[1msavepack[22m | 保存文件：res://assets/reanim/Cornpult_husktip1.png.import[39m[0m
[  37% ] [90m[1msavepack[22m | 保存文件：res://.godot/imported/Cornpult_husktip2.png-fac0fb456f715fd7669e40275ca0da77.ctex[39m[0m
[  37% ] [90m[1msavepack[22m | 保存文件：res://assets/reanim/Cornpult_husktip2.png.import[39m[0m
[  37% ] [90m[1msavepack[22m | 保存文件：res://.godot/imported/Cornpult_husktip3.png-6082cc3895e773e42dce91c3a25304ec.ctex[39m[0m
[  37% ] [90m[1msavepack[22m | 保存文件：res://assets/reanim/Cornpult_husktip3.png.import[39m[0m
[  37% ] [90m[1msavepack[22m | 保存文件：res://.godot/imported/Cornpult_kernal.png-cbd950d74dd85a3d0f82608f94ed845f.ctex[39m[0m
[  37% ] [90m[1msavepack[22m | 保存文件：res://assets/reanim/Cornpult_kernal.png.import[39m[0m
[  37% ] [90m[1msavepack[22m | 保存文件：res://.godot/imported/Cornpult_stalk1.png-ba037d0a45c102820f5544f29abedccb.ctex[39m[0m
[  37% ] [90m[1msavepack[22m | 保存文件：res://assets/reanim/Cornpult_stalk1.png.import[39m[0m
[  37% ] [90m[1msavepack[22m | 保存文件：res://.godot/imported/Cornpult_stalk2.png-adb6bef03a8d79715ae9c70263d9809f.ctex[39m[0m
[  37% ] [90m[1msavepack[22m | 保存文件：res://assets/reanim/Cornpult_stalk2.png.import[39m[0m
[  37% ] [90m[1msavepack[22m | 保存文件：res://.godot/imported/Cornpult_stalk3.png-e71cb24dbe9118c9461bc26cfd00c2e8.ctex[39m[0m
[  37% ] [90m[1msavepack[22m | 保存文件：res://assets/reanim/Cornpult_stalk3.png.import[39m[0m
[  37% ] [90m[1msavepack[22m | 保存文件：res://.godot/imported/Cornpult_stalk4.png-51ace85ff10217d0396cf130e359acaf.ctex[39m[0m
[  37% ] [90m[1msavepack[22m | 保存文件：res://assets/reanim/Cornpult_stalk4.png.import[39m[0m
[  37% ] [90m[1msavepack[22m | 保存文件：res://.godot/imported/CrazyDave_beard.png-25d2ed33d49e97b99da2f25aad9fec8a.ctex[39m[0m
[  37% ] [90m[1msavepack[22m | 保存文件：res://assets/reanim/CrazyDave_beard.png.import[39m[0m
[  37% ] [90m[1msavepack[22m | 保存文件：res://.godot/imported/CrazyDave_blink1.png-43428cbc1f5e418e080e643a0ed57b42.ctex[39m[0m
[  37% ] [90m[1msavepack[22m | 保存文件：res://assets/reanim/CrazyDave_blink1.png.import[39m[0m
[  37% ] [90m[1msavepack[22m | 保存文件：res://.godot/imported/CrazyDave_blink2.png-70a795d182661f49a6fc14b992d34213.ctex[39m[0m
[  37% ] [90m[1msavepack[22m | 保存文件：res://assets/reanim/CrazyDave_blink2.png.import[39m[0m
[  37% ] [90m[1msavepack[22m | 保存文件：res://.godot/imported/CrazyDave_body1.jpg-eca2a38cc26b3be1de20580866c8a46c.ctex[39m[0m
[  37% ] [90m[1msavepack[22m | 保存文件：res://assets/reanim/CrazyDave_body1.jpg.import[39m[0m
[  37% ] [90m[1msavepack[22m | 保存文件：res://.godot/imported/CrazyDave_body1.png-f9e54b373e3cc74b7b46657df67d1d0a.ctex[39m[0m
[  37% ] [90m[1msavepack[22m | 保存文件：res://assets/reanim/CrazyDave_body1.png.import[39m[0m
[  37% ] [90m[1msavepack[22m | 保存文件：res://.godot/imported/CrazyDave_body1_.png-8b9d8fb8e26968a6ac87cfe4fe805360.ctex[39m[0m
[  37% ] [90m[1msavepack[22m | 保存文件：res://assets/reanim/CrazyDave_body1_.png.import[39m[0m
[  38% ] [90m[1msavepack[22m | 保存文件：res://.godot/imported/CrazyDave_body2.png-7901885e2202d34acebbbcdf30e8946c.ctex[39m[0m
[  38% ] [90m[1msavepack[22m | 保存文件：res://assets/reanim/CrazyDave_body2.png.import[39m[0m
[  38% ] [90m[1msavepack[22m | 保存文件：res://.godot/imported/CrazyDave_eye.png-e9f6a45d631d42e22859ce9005375e26.ctex[39m[0m
[  38% ] [90m[1msavepack[22m | 保存文件：res://assets/reanim/CrazyDave_eye.png.import[39m[0m
[  38% ] [90m[1msavepack[22m | 保存文件：res://.godot/imported/CrazyDave_eyebrow.png-4868b7954c2daf826a823c49b3b65270.ctex[39m[0m
[  38% ] [90m[1msavepack[22m | 保存文件：res://assets/reanim/CrazyDave_eyebrow.png.import[39m[0m
[  38% ] [90m[1msavepack[22m | 保存文件：res://.godot/imported/CrazyDave_foot1.png-07749547818c5d736ebccb99af574184.ctex[39m[0m
[  38% ] [90m[1msavepack[22m | 保存文件：res://assets/reanim/CrazyDave_foot1.png.import[39m[0m
[  38% ] [90m[1msavepack[22m | 保存文件：res://.godot/imported/CrazyDave_foot2.png-0c99747777250b52ae219d0733f5c2d1.ctex[39m[0m
[  38% ] [90m[1msavepack[22m | 保存文件：res://assets/reanim/CrazyDave_foot2.png.import[39m[0m
[  38% ] [90m[1msavepack[22m | 保存文件：res://.godot/imported/CrazyDave_handinghand2.png-ed003123dff911d6b1a5fd90bedfb93a.ctex[39m[0m
[  38% ] [90m[1msavepack[22m | 保存文件：res://assets/reanim/CrazyDave_handinghand2.png.import[39m[0m
[  38% ] [90m[1msavepack[22m | 保存文件：res://.godot/imported/CrazyDave_handinghand3.png-ab0fdab5c97ed4dacc4be046eec78227.ctex[39m[0m
[  38% ] [90m[1msavepack[22m | 保存文件：res://assets/reanim/CrazyDave_handinghand3.png.import[39m[0m
[  38% ] [90m[1msavepack[22m | 保存文件：res://.godot/imported/CrazyDave_handinghand.png-c3096416fc4bdc716298e5d703453d0d.ctex[39m[0m
[  38% ] [90m[1msavepack[22m | 保存文件：res://assets/reanim/CrazyDave_handinghand.png.import[39m[0m
[  38% ] [90m[1msavepack[22m | 保存文件：res://.godot/imported/CrazyDave_head.png-d2be350e4563fed83979bd82e9efc948.ctex[39m[0m
[  38% ] [90m[1msavepack[22m | 保存文件：res://assets/reanim/CrazyDave_head.png.import[39m[0m
[  38% ] [90m[1msavepack[22m | 保存文件：res://.godot/imported/CrazyDave_innerarm.png-84ebadf892ddd6f4444b127153252d59.ctex[39m[0m
[  38% ] [90m[1msavepack[22m | 保存文件：res://assets/reanim/CrazyDave_innerarm.png.import[39m[0m
[  38% ] [90m[1msavepack[22m | 保存文件：res://.godot/imported/CrazyDave_innerfinger1.png-3ca70ff5ee1c7cad89eb4891efc902f6.ctex[39m[0m
[  38% ] [90m[1msavepack[22m | 保存文件：res://assets/reanim/CrazyDave_innerfinger1.png.import[39m[0m
[  38% ] [90m[1msavepack[22m | 保存文件：res://.godot/imported/CrazyDave_innerfinger2.png-cd9cda774b8779fd865319f97dab8e00.ctex[39m[0m
[  38% ] [90m[1msavepack[22m | 保存文件：res://assets/reanim/CrazyDave_innerfinger2.png.import[39m[0m
[  38% ] [90m[1msavepack[22m | 保存文件：res://.godot/imported/CrazyDave_innerfinger3.png-bd1e3130544913d72e453cc26a779f7a.ctex[39m[0m
[  38% ] [90m[1msavepack[22m | 保存文件：res://assets/reanim/CrazyDave_innerfinger3.png.import[39m[0m
[  38% ] [90m[1msavepack[22m | 保存文件：res://.godot/imported/CrazyDave_innerfinger4.png-b528dcb87eae0ac9dd1ea7ff64f560c8.ctex[39m[0m
[  38% ] [90m[1msavepack[22m | 保存文件：res://assets/reanim/CrazyDave_innerfinger4.png.import[39m[0m
[  38% ] [90m[1msavepack[22m | 保存文件：res://.godot/imported/CrazyDave_innerhand.png-9b997431c6fdfbf2043fd98da5809dbd.ctex[39m[0m
[  38% ] [90m[1msavepack[22m | 保存文件：res://assets/reanim/CrazyDave_innerhand.png.import[39m[0m
[  38% ] [90m[1msavepack[22m | 保存文件：res://.godot/imported/CrazyDave_innerpants.png-2c1ca20d25109559d817f2bc2cc214d0.ctex[39m[0m
[  38% ] [90m[1msavepack[22m | 保存文件：res://assets/reanim/CrazyDave_innerpants.png.import[39m[0m
[  38% ] [90m[1msavepack[22m | 保存文件：res://.godot/imported/CrazyDave_mouth1.png-0d390e237f5e58dcf07c533f46d50907.ctex[39m[0m
[  38% ] [90m[1msavepack[22m | 保存文件：res://assets/reanim/CrazyDave_mouth1.png.import[39m[0m
[  38% ] [90m[1msavepack[22m | 保存文件：res://.godot/imported/CrazyDave_mouth2.png-8800a60969c1c33b29feb2cec0fb43b6.ctex[39m[0m
[  38% ] [90m[1msavepack[22m | 保存文件：res://assets/reanim/CrazyDave_mouth2.png.import[39m[0m
[  38% ] [90m[1msavepack[22m | 保存文件：res://.godot/imported/CrazyDave_mouth3.png-1ce1996c1012779d426808176c515e13.ctex[39m[0m
[  38% ] [90m[1msavepack[22m | 保存文件：res://assets/reanim/CrazyDave_mouth3.png.import[39m[0m
[  38% ] [90m[1msavepack[22m | 保存文件：res://.godot/imported/CrazyDave_mouth4.png-ebfde888ce101834598b6a6b0bbdedb2.ctex[39m[0m
[  38% ] [90m[1msavepack[22m | 保存文件：res://assets/reanim/CrazyDave_mouth4.png.import[39m[0m
[  38% ] [90m[1msavepack[22m | 保存文件：res://.godot/imported/CrazyDave_mouth5.png-c9e173b86e0fc041442ee08a3ecd47e3.ctex[39m[0m
[  38% ] [90m[1msavepack[22m | 保存文件：res://assets/reanim/CrazyDave_mouth5.png.import[39m[0m
[  38% ] [90m[1msavepack[22m | 保存文件：res://.godot/imported/CrazyDave_mouth6.png-22655ea837afa73784534f95acc743e3.ctex[39m[0m
[  38% ] [90m[1msavepack[22m | 保存文件：res://assets/reanim/CrazyDave_mouth6.png.import[39m[0m
[  38% ] [90m[1msavepack[22m | 保存文件：res://.godot/imported/CrazyDave_outerarm.png-fe605b628fda353a5399d1ae4ef4d810.ctex[39m[0m
[  38% ] [90m[1msavepack[22m | 保存文件：res://assets/reanim/CrazyDave_outerarm.png.import[39m[0m
[  38% ] [90m[1msavepack[22m | 保存文件：res://.godot/imported/CrazyDave_outerfinger1.png-1494e870f09a05b5750eb9e3f3ac8e93.ctex[39m[0m
[  38% ] [90m[1msavepack[22m | 保存文件：res://assets/reanim/CrazyDave_outerfinger1.png.import[39m[0m
[  38% ] [90m[1msavepack[22m | 保存文件：res://.godot/imported/CrazyDave_outerfinger2.png-15c127237c9dcf5d6d74c49d48f5d729.ctex[39m[0m
[  38% ] [90m[1msavepack[22m | 保存文件：res://assets/reanim/CrazyDave_outerfinger2.png.import[39m[0m
[  38% ] [90m[1msavepack[22m | 保存文件：res://.godot/imported/CrazyDave_outerfinger3.png-3a658fb719d58da10c8f009866df39a6.ctex[39m[0m
[  38% ] [90m[1msavepack[22m | 保存文件：res://assets/reanim/CrazyDave_outerfinger3.png.import[39m[0m
[  38% ] [90m[1msavepack[22m | 保存文件：res://.godot/imported/CrazyDave_outerfinger4.png-eb5086208b5c4f8d8fef2b758a8310dc.ctex[39m[0m
[  38% ] [90m[1msavepack[22m | 保存文件：res://assets/reanim/CrazyDave_outerfinger4.png.import[39m[0m
[  38% ] [90m[1msavepack[22m | 保存文件：res://.godot/imported/CrazyDave_outerhand.png-6cae185eebcafb6fd07577e26bafbba3.ctex[39m[0m
[  38% ] [90m[1msavepack[22m | 保存文件：res://assets/reanim/CrazyDave_outerhand.png.import[39m[0m
[  38% ] [90m[1msavepack[22m | 保存文件：res://.godot/imported/CrazyDave_pot.png-d83f6554afeea64ed150b19f63c1c334.ctex[39m[0m
[  38% ] [90m[1msavepack[22m | 保存文件：res://assets/reanim/CrazyDave_pot.png.import[39m[0m
[  38% ] [90m[1msavepack[22m | 保存文件：res://.godot/imported/CrazyDave_pot_inside.png-c2e64fbee049f6e4670a7d0d4a94064b.ctex[39m[0m
[  38% ] [90m[1msavepack[22m | 保存文件：res://assets/reanim/CrazyDave_pot_inside.png.import[39m[0m
[  38% ] [90m[1msavepack[22m | 保存文件：res://.godot/imported/CrazyDave_Zombie_arm1.png-ab23f2820d5443ee9b4f21b60ab611b4.ctex[39m[0m
[  38% ] [90m[1msavepack[22m | 保存文件：res://assets/reanim/CrazyDave_Zombie_arm1.png.import[39m[0m
[  38% ] [90m[1msavepack[22m | 保存文件：res://.godot/imported/CrazyDave_zombie_arm2.png-e9249fc96f96b3c783b508a289ca283d.ctex[39m[0m
[  38% ] [90m[1msavepack[22m | 保存文件：res://assets/reanim/CrazyDave_zombie_arm2.png.import[39m[0m
[  38% ] [90m[1msavepack[22m | 保存文件：res://.godot/imported/CrazyDave_zombie_body.png-59d0864b185742ed584c371d0e3bd218.ctex[39m[0m
[  38% ] [90m[1msavepack[22m | 保存文件：res://assets/reanim/CrazyDave_zombie_body.png.import[39m[0m
[  38% ] [90m[1msavepack[22m | 保存文件：res://.godot/imported/CrazyDave_zombie_foot1.png-8ab45e3eac79e1ec89fac5283988dd8f.ctex[39m[0m
[  38% ] [90m[1msavepack[22m | 保存文件：res://assets/reanim/CrazyDave_zombie_foot1.png.import[39m[0m
[  38% ] [90m[1msavepack[22m | 保存文件：res://.godot/imported/CrazyDave_zombie_foot2.png-4c0a6520517ac91651633a51b44ad5ff.ctex[39m[0m
[  38% ] [90m[1msavepack[22m | 保存文件：res://assets/reanim/CrazyDave_zombie_foot2.png.import[39m[0m
[  38% ] [90m[1msavepack[22m | 保存文件：res://.godot/imported/CrazyDave_zombie_grabhand.png-3f40ac8d6eefcb33ac38b940c07b486a.ctex[39m[0m
[  38% ] [90m[1msavepack[22m | 保存文件：res://assets/reanim/CrazyDave_zombie_grabhand.png.import[39m[0m
[  38% ] [90m[1msavepack[22m | 保存文件：res://.godot/imported/CrazyDave_zombie_hand1.png-50a2ca49cabec540e88c1c8e1c7bc7b4.ctex[39m[0m
[  38% ] [90m[1msavepack[22m | 保存文件：res://assets/reanim/CrazyDave_zombie_hand1.png.import[39m[0m
[  38% ] [90m[1msavepack[22m | 保存文件：res://.godot/imported/CrazyDave_zombie_hand2.png-2611c230d8d235fa55c56485a071c4cc.ctex[39m[0m
[  38% ] [90m[1msavepack[22m | 保存文件：res://assets/reanim/CrazyDave_zombie_hand2.png.import[39m[0m
[  39% ] [90m[1msavepack[22m | 保存文件：res://.godot/imported/CrazyDave_zombie_head1.png-a6632c1a7e58ca6802d5990848c23cb6.ctex[39m[0m
[  39% ] [90m[1msavepack[22m | 保存文件：res://assets/reanim/CrazyDave_zombie_head1.png.import[39m[0m
[  39% ] [90m[1msavepack[22m | 保存文件：res://.godot/imported/CrazyDave_zombie_head2.png-12d94c327ad2a20033f7e95a576893a9.ctex[39m[0m
[  39% ] [90m[1msavepack[22m | 保存文件：res://assets/reanim/CrazyDave_zombie_head2.png.import[39m[0m
[  39% ] [90m[1msavepack[22m | 保存文件：res://.godot/imported/CrazyDave_zombie_lowerleg1.png-bc526587f81c406848dabf3e6742b414.ctex[39m[0m
[  39% ] [90m[1msavepack[22m | 保存文件：res://assets/reanim/CrazyDave_zombie_lowerleg1.png.import[39m[0m
[  39% ] [90m[1msavepack[22m | 保存文件：res://.godot/imported/CrazyDave_zombie_lowerleg2.png-9a697ab11025f389e3a85af2dea49f25.ctex[39m[0m
[  39% ] [90m[1msavepack[22m | 保存文件：res://assets/reanim/CrazyDave_zombie_lowerleg2.png.import[39m[0m
[  39% ] [90m[1msavepack[22m | 保存文件：res://.godot/imported/CrazyDave_zombie_rope.png-069aba0ed643e43c7b60adf70d45cdbd.ctex[39m[0m
[  39% ] [90m[1msavepack[22m | 保存文件：res://assets/reanim/CrazyDave_zombie_rope.png.import[39m[0m
[  39% ] [90m[1msavepack[22m | 保存文件：res://.godot/imported/CrazyDave_zombie_upperleg1.png-04836c5415be9f670676f7d4b04ade36.ctex[39m[0m
[  39% ] [90m[1msavepack[22m | 保存文件：res://assets/reanim/CrazyDave_zombie_upperleg1.png.import[39m[0m
[  39% ] [90m[1msavepack[22m | 保存文件：res://.godot/imported/CrazyDave_zombie_upperleg2.png-ef2886d7d1d6ad2516312da183b70c4d.ctex[39m[0m
[  39% ] [90m[1msavepack[22m | 保存文件：res://assets/reanim/CrazyDave_zombie_upperleg2.png.import[39m[0m
[  39% ] [90m[1msavepack[22m | 保存文件：res://.godot/imported/Credits_box.png-751e2428452167829396276291def290.ctex[39m[0m
[  39% ] [90m[1msavepack[22m | 保存文件：res://assets/reanim/Credits_box.png.import[39m[0m
[  39% ] [90m[1msavepack[22m | 保存文件：res://.godot/imported/Credits_CircleFade.png-016f1f9c0347e0cb1bae337f1a944630.ctex[39m[0m
[  39% ] [90m[1msavepack[22m | 保存文件：res://assets/reanim/Credits_CircleFade.png.import[39m[0m
[  39% ] [90m[1msavepack[22m | 保存文件：res://.godot/imported/Credits_CrazyDave_rope.png-4cbf5d0d61920d533026138f0aac0282.ctex[39m[0m
[  39% ] [90m[1msavepack[22m | 保存文件：res://assets/reanim/Credits_CrazyDave_rope.png.import[39m[0m
[  39% ] [90m[1msavepack[22m | 保存文件：res://.godot/imported/Credits_DiscoLights.png-e10c1ef533e574347da161748eb66c51.ctex[39m[0m
[  39% ] [90m[1msavepack[22m | 保存文件：res://assets/reanim/Credits_DiscoLights.png.import[39m[0m
[  39% ] [90m[1msavepack[22m | 保存文件：res://.godot/imported/Credits_Flower_petal1.png-f12f9b6208ceabb9c4fe2c9a78ea00f6.ctex[39m[0m
[  39% ] [90m[1msavepack[22m | 保存文件：res://assets/reanim/Credits_Flower_petal1.png.import[39m[0m
[  39% ] [90m[1msavepack[22m | 保存文件：res://.godot/imported/Credits_Flower_petal2.png-37c0a8bbe4d9a49b7c0017fa2f03d905.ctex[39m[0m
[  39% ] [90m[1msavepack[22m | 保存文件：res://assets/reanim/Credits_Flower_petal2.png.import[39m[0m
[  39% ] [90m[1msavepack[22m | 保存文件：res://.godot/imported/Credits_Flower_petal3.png-11813375940e166a2e393fcd212b5b71.ctex[39m[0m
[  39% ] [90m[1msavepack[22m | 保存文件：res://assets/reanim/Credits_Flower_petal3.png.import[39m[0m
[  39% ] [90m[1msavepack[22m | 保存文件：res://.godot/imported/Credits_Flower_petal4.png-827a72962aa898f7e20487e2541ad3b5.ctex[39m[0m
[  39% ] [90m[1msavepack[22m | 保存文件：res://assets/reanim/Credits_Flower_petal4.png.import[39m[0m
[  39% ] [90m[1msavepack[22m | 保存文件：res://.godot/imported/Credits_Flower_petal5.png-dcf2c1b9fc29a60eafbb47a5c953c7bf.ctex[39m[0m
[  39% ] [90m[1msavepack[22m | 保存文件：res://assets/reanim/Credits_Flower_petal5.png.import[39m[0m
[  39% ] [90m[1msavepack[22m | 保存文件：res://.godot/imported/Credits_Flower_petal6.png-7704737369e468246f522639b17c4f87.ctex[39m[0m
[  39% ] [90m[1msavepack[22m | 保存文件：res://assets/reanim/Credits_Flower_petal6.png.import[39m[0m
[  39% ] [90m[1msavepack[22m | 保存文件：res://.godot/imported/Credits_Flower_petal7.png-d7799ef4e453eb8daed66e8ca7e163ce.ctex[39m[0m
[  39% ] [90m[1msavepack[22m | 保存文件：res://assets/reanim/Credits_Flower_petal7.png.import[39m[0m
[  39% ] [90m[1msavepack[22m | 保存文件：res://.godot/imported/Credits_Flower_petal8.png-1d7bed05e1880af237b9c671b53836f4.ctex[39m[0m
[  39% ] [90m[1msavepack[22m | 保存文件：res://assets/reanim/Credits_Flower_petal8.png.import[39m[0m
[  39% ] [90m[1msavepack[22m | 保存文件：res://.godot/imported/Credits_fogmachine.png-6ded02c09b86b4d8bd0bbdc59fd7a2d5.ctex[39m[0m
[  39% ] [90m[1msavepack[22m | 保存文件：res://assets/reanim/Credits_fogmachine.png.import[39m[0m
[  39% ] [90m[1msavepack[22m | 保存文件：res://.godot/imported/Credits_jaw.png-73c6c491a674dec9d97a3dae3ddc7e4d.ctex[39m[0m
[  39% ] [90m[1msavepack[22m | 保存文件：res://assets/reanim/Credits_jaw.png.import[39m[0m
[  39% ] [90m[1msavepack[22m | 保存文件：res://.godot/imported/Credits_lights.png-1bb0090fba760f46a0f1cd353d7af930.ctex[39m[0m
[  39% ] [90m[1msavepack[22m | 保存文件：res://assets/reanim/Credits_lights.png.import[39m[0m
[  39% ] [90m[1msavepack[22m | 保存文件：res://.godot/imported/Credits_light_blue.png-7b2d89f0114227f37f5ed311a7a1c724.ctex[39m[0m
[  39% ] [90m[1msavepack[22m | 保存文件：res://assets/reanim/Credits_light_blue.png.import[39m[0m
[  39% ] [90m[1msavepack[22m | 保存文件：res://.godot/imported/Credits_light_red.png-621c242baea8970530a6cad89f0b5a8b.ctex[39m[0m
[  39% ] [90m[1msavepack[22m | 保存文件：res://assets/reanim/Credits_light_red.png.import[39m[0m
[  39% ] [90m[1msavepack[22m | 保存文件：res://.godot/imported/Credits_light_yellow.png-514b87b9137ce9a698a4c8fe7564cab4.ctex[39m[0m
[  39% ] [90m[1msavepack[22m | 保存文件：res://assets/reanim/Credits_light_yellow.png.import[39m[0m
[  39% ] [90m[1msavepack[22m | 保存文件：res://.godot/imported/Credits_mic.png-b5a7c16b8c421f4748ce0559299ad973.ctex[39m[0m
[  39% ] [90m[1msavepack[22m | 保存文件：res://assets/reanim/Credits_mic.png.import[39m[0m
[  39% ] [90m[1msavepack[22m | 保存文件：res://.godot/imported/Credits_MTV.png-9b4d5aa7ae6e464c4cf553064bf4775b.ctex[39m[0m
[  39% ] [90m[1msavepack[22m | 保存文件：res://assets/reanim/Credits_MTV.png.import[39m[0m
[  39% ] [90m[1msavepack[22m | 保存文件：res://.godot/imported/Credits_nozombies.jpg-413666370c94e5862438eaa4b26b960c.ctex[39m[0m
[  39% ] [90m[1msavepack[22m | 保存文件：res://assets/reanim/Credits_nozombies.jpg.import[39m[0m
[  39% ] [90m[1msavepack[22m | 保存文件：res://.godot/imported/Credits_plate.png-7615f58a3d95b873662fe30f3b02a766.ctex[39m[0m
[  39% ] [90m[1msavepack[22m | 保存文件：res://assets/reanim/Credits_plate.png.import[39m[0m
[  39% ] [90m[1msavepack[22m | 保存文件：res://.godot/imported/Credits_plateshadow.png-06d2bb14314ae58c6271bedeb630ef3b.ctex[39m[0m
[  39% ] [90m[1msavepack[22m | 保存文件：res://assets/reanim/Credits_plateshadow.png.import[39m[0m
[  39% ] [90m[1msavepack[22m | 保存文件：res://.godot/imported/Credits_sadheart.png-4c127aee0fdbda43e9eafa51947318de.ctex[39m[0m
[  39% ] [90m[1msavepack[22m | 保存文件：res://assets/reanim/Credits_sadheart.png.import[39m[0m
[  39% ] [90m[1msavepack[22m | 保存文件：res://.godot/imported/Credits_sadheart_happy.png-de403974fe9e19330402380ecae442dd.ctex[39m[0m
[  39% ] [90m[1msavepack[22m | 保存文件：res://assets/reanim/Credits_sadheart_happy.png.import[39m[0m
[  39% ] [90m[1msavepack[22m | 保存文件：res://.godot/imported/Credits_speaker.png-200af3e3b1c8b0e8b85a994d050e6dd6.ctex[39m[0m
[  39% ] [90m[1msavepack[22m | 保存文件：res://assets/reanim/Credits_speaker.png.import[39m[0m
[  39% ] [90m[1msavepack[22m | 保存文件：res://.godot/imported/Credits_speaker_overlay.png-240940ee371ffddb16d33980496d47e2.ctex[39m[0m
[  39% ] [90m[1msavepack[22m | 保存文件：res://assets/reanim/Credits_speaker_overlay.png.import[39m[0m
[  39% ] [90m[1msavepack[22m | 保存文件：res://.godot/imported/Credits_stage.png-ae9d67b584ab2a18ec8c80b3aa55425c.ctex[39m[0m
[  39% ] [90m[1msavepack[22m | 保存文件：res://assets/reanim/Credits_stage.png.import[39m[0m
[  39% ] [90m[1msavepack[22m | 保存文件：res://.godot/imported/Credits_throat.jpg-de40f0f5305836f2ed0e697de7727bc5.ctex[39m[0m
[  39% ] [90m[1msavepack[22m | 保存文件：res://assets/reanim/Credits_throat.jpg.import[39m[0m
[  39% ] [90m[1msavepack[22m | 保存文件：res://.godot/imported/Credits_wearetheundead.jpg-20435264dda72a8857137c5e210c8bc3.ctex[39m[0m
[  39% ] [90m[1msavepack[22m | 保存文件：res://assets/reanim/Credits_wearetheundead.jpg.import[39m[0m
[  40% ] [90m[1msavepack[22m | 保存文件：res://.godot/imported/Credits_wearetheundead_.png-528f1a680121887327f1c8b77b375fad.ctex[39m[0m
[  40% ] [90m[1msavepack[22m | 保存文件：res://assets/reanim/Credits_wearetheundead_.png.import[39m[0m
[  40% ] [90m[1msavepack[22m | 保存文件：res://.godot/imported/Credits_WhiteLine.png-5e10ccbd5c6063e8b6c3197bd0a07b59.ctex[39m[0m
[  40% ] [90m[1msavepack[22m | 保存文件：res://assets/reanim/Credits_WhiteLine.png.import[39m[0m
[  40% ] [90m[1msavepack[22m | 保存文件：res://.godot/imported/Diamond.png-55cab55a0d7fae532dcf4fee864dd2dd.ctex[39m[0m
[  40% ] [90m[1msavepack[22m | 保存文件：res://assets/reanim/Diamond.png.import[39m[0m
[  40% ] [90m[1msavepack[22m | 保存文件：res://.godot/imported/Diamond_mask.png-6540bbc26c70bc9acbe2e2ab6e819f96.res[39m[0m
[  40% ] [90m[1msavepack[22m | 保存文件：res://assets/reanim/Diamond_mask.png.import[39m[0m
[  40% ] [90m[1msavepack[22m | 保存文件：res://.godot/imported/Diamond_shine1.png-3df2fdeece62daf0f5be68dda2170faa.ctex[39m[0m
[  40% ] [90m[1msavepack[22m | 保存文件：res://assets/reanim/Diamond_shine1.png.import[39m[0m
[  40% ] [90m[1msavepack[22m | 保存文件：res://.godot/imported/Diamond_shine2.png-d5cab6222a27de89600c7a20aa18f710.ctex[39m[0m
[  40% ] [90m[1msavepack[22m | 保存文件：res://assets/reanim/Diamond_shine2.png.import[39m[0m
[  40% ] [90m[1msavepack[22m | 保存文件：res://.godot/imported/Diamond_shine3.png-5d06a14fbc05349e63a7e97090f498dc.ctex[39m[0m
[  40% ] [90m[1msavepack[22m | 保存文件：res://assets/reanim/Diamond_shine3.png.import[39m[0m
[  40% ] [90m[1msavepack[22m | 保存文件：res://.godot/imported/Diamond_shine4.png-ab90dabdb893bd41f75b5999b0966215.ctex[39m[0m
[  40% ] [90m[1msavepack[22m | 保存文件：res://assets/reanim/Diamond_shine4.png.import[39m[0m
[  40% ] [90m[1msavepack[22m | 保存文件：res://.godot/imported/Diamond_shine5.png-beb4f4797bd5bb2830e174c056a2a35d.ctex[39m[0m
[  40% ] [90m[1msavepack[22m | 保存文件：res://assets/reanim/Diamond_shine5.png.import[39m[0m
[  40% ] [90m[1msavepack[22m | 保存文件：res://.godot/imported/Digger_rising_dirt2.png-27e644c929f57cd94719f614aa01fb34.ctex[39m[0m
[  40% ] [90m[1msavepack[22m | 保存文件：res://assets/reanim/Digger_rising_dirt2.png.import[39m[0m
[  40% ] [90m[1msavepack[22m | 保存文件：res://.godot/imported/Digger_rising_dirt3.png-4b421d1b2e76331a5eeb263da966f0cd.ctex[39m[0m
[  40% ] [90m[1msavepack[22m | 保存文件：res://assets/reanim/Digger_rising_dirt3.png.import[39m[0m
[  40% ] [90m[1msavepack[22m | 保存文件：res://.godot/imported/Digger_rising_dirt4.png-97f886396ce86d4934a8baae74b3c989.ctex[39m[0m
[  40% ] [90m[1msavepack[22m | 保存文件：res://assets/reanim/Digger_rising_dirt4.png.import[39m[0m
[  40% ] [90m[1msavepack[22m | 保存文件：res://.godot/imported/Digger_rising_dirt5.png-1fca95719ea1bff1794b40635a95c3f5.ctex[39m[0m
[  40% ] [90m[1msavepack[22m | 保存文件：res://assets/reanim/Digger_rising_dirt5.png.import[39m[0m
[  40% ] [90m[1msavepack[22m | 保存文件：res://.godot/imported/Digger_rising_dirt6.png-c1dab5d8eec6f991a7cacd591e4f16f9.ctex[39m[0m
[  40% ] [90m[1msavepack[22m | 保存文件：res://assets/reanim/Digger_rising_dirt6.png.import[39m[0m
[  40% ] [90m[1msavepack[22m | 保存文件：res://.godot/imported/Digger_rising_dirt7.png-af95bbf53fe8fd7cedf5a32ab14c93ea.ctex[39m[0m
[  40% ] [90m[1msavepack[22m | 保存文件：res://assets/reanim/Digger_rising_dirt7.png.import[39m[0m
[  40% ] [90m[1msavepack[22m | 保存文件：res://.godot/imported/Digger_rising_dirt8.png-efb8aea7bd23bcb2bfb9769a99b44bab.ctex[39m[0m
[  40% ] [90m[1msavepack[22m | 保存文件：res://assets/reanim/Digger_rising_dirt8.png.import[39m[0m
[  40% ] [90m[1msavepack[22m | 保存文件：res://.godot/imported/Digger_rising_dirt.png-b655d749ec0632a613df409c22b970e2.ctex[39m[0m
[  40% ] [90m[1msavepack[22m | 保存文件：res://assets/reanim/Digger_rising_dirt.png.import[39m[0m
[  40% ] [90m[1msavepack[22m | 保存文件：res://.godot/imported/DoomShroom_body.png-8eab9f102fe74290e5872af383593c10.ctex[39m[0m
[  40% ] [90m[1msavepack[22m | 保存文件：res://assets/reanim/DoomShroom_body.png.import[39m[0m
[  40% ] [90m[1msavepack[22m | 保存文件：res://.godot/imported/DoomShroom_head1.png-12419f6ebb416ff4b6836136f8b1a4a9.ctex[39m[0m
[  40% ] [90m[1msavepack[22m | 保存文件：res://assets/reanim/DoomShroom_head1.png.import[39m[0m
[  40% ] [90m[1msavepack[22m | 保存文件：res://.godot/imported/DoomShroom_head2.png-b11e80b1fb5525c8ad199198dae83788.ctex[39m[0m
[  40% ] [90m[1msavepack[22m | 保存文件：res://assets/reanim/DoomShroom_head2.png.import[39m[0m
[  40% ] [90m[1msavepack[22m | 保存文件：res://.godot/imported/DoomShroom_head3.png-c0372c9b9752e7b9c5b17d15affefacc.ctex[39m[0m
[  40% ] [90m[1msavepack[22m | 保存文件：res://assets/reanim/DoomShroom_head3.png.import[39m[0m
[  40% ] [90m[1msavepack[22m | 保存文件：res://.godot/imported/DoomShroom_sleepinghead.png-6b9a15c2a71476b2b0a4861ec58fe84e.ctex[39m[0m
[  40% ] [90m[1msavepack[22m | 保存文件：res://assets/reanim/DoomShroom_sleepinghead.png.import[39m[0m
[  40% ] [90m[1msavepack[22m | 保存文件：res://.godot/imported/eyeWear_00.png-85e3c40e0940470e9bd279c0170deb53.ctex[39m[0m
[  40% ] [90m[1msavepack[22m | 保存文件：res://assets/reanim/eyeWear_00.png.import[39m[0m
[  40% ] [90m[1msavepack[22m | 保存文件：res://.godot/imported/eyeWear_00_line.png-4b2fb7c4323d6d628ee008edf87d55d3.ctex[39m[0m
[  40% ] [90m[1msavepack[22m | 保存文件：res://assets/reanim/eyeWear_00_line.png.import[39m[0m
[  40% ] [90m[1msavepack[22m | 保存文件：res://.godot/imported/eyeWear_01.png-21219842cdf918822f454c878b842564.ctex[39m[0m
[  40% ] [90m[1msavepack[22m | 保存文件：res://assets/reanim/eyeWear_01.png.import[39m[0m
[  40% ] [90m[1msavepack[22m | 保存文件：res://.godot/imported/eyeWear_01_line.png-b78d3fc27402f83d83c48e6a2cb52bc5.ctex[39m[0m
[  40% ] [90m[1msavepack[22m | 保存文件：res://assets/reanim/eyeWear_01_line.png.import[39m[0m
[  40% ] [90m[1msavepack[22m | 保存文件：res://.godot/imported/eyeWear_02.png-50562e01825285fbc97d2a70b032175b.ctex[39m[0m
[  40% ] [90m[1msavepack[22m | 保存文件：res://assets/reanim/eyeWear_02.png.import[39m[0m
[  40% ] [90m[1msavepack[22m | 保存文件：res://.godot/imported/eyeWear_02_line.png-24c12d99726e5a6d6fc303bd1e1a5842.ctex[39m[0m
[  40% ] [90m[1msavepack[22m | 保存文件：res://assets/reanim/eyeWear_02_line.png.import[39m[0m
[  40% ] [90m[1msavepack[22m | 保存文件：res://.godot/imported/eyeWear_03.png-9bf1235226f9c0407b18a9bd387f5101.ctex[39m[0m
[  40% ] [90m[1msavepack[22m | 保存文件：res://assets/reanim/eyeWear_03.png.import[39m[0m
[  40% ] [90m[1msavepack[22m | 保存文件：res://.godot/imported/eyeWear_03_line.png-6fbdac32a85d9aad3beafdd09ae66387.ctex[39m[0m
[  40% ] [90m[1msavepack[22m | 保存文件：res://assets/reanim/eyeWear_03_line.png.import[39m[0m
[  40% ] [90m[1msavepack[22m | 保存文件：res://.godot/imported/eyeWear_04.png-ca32f73a0c7af2fda458e9152825e858.ctex[39m[0m
[  40% ] [90m[1msavepack[22m | 保存文件：res://assets/reanim/eyeWear_04.png.import[39m[0m
[  40% ] [90m[1msavepack[22m | 保存文件：res://.godot/imported/eyeWear_04_line.png-261e083bc2f072bd672ec6f1f487a635.ctex[39m[0m
[  40% ] [90m[1msavepack[22m | 保存文件：res://assets/reanim/eyeWear_04_line.png.import[39m[0m
[  40% ] [90m[1msavepack[22m | 保存文件：res://.godot/imported/eyeWear_05.png-c599ca050400e386f7fcdae7d0507556.ctex[39m[0m
[  40% ] [90m[1msavepack[22m | 保存文件：res://assets/reanim/eyeWear_05.png.import[39m[0m
[  40% ] [90m[1msavepack[22m | 保存文件：res://.godot/imported/eyeWear_05_line.png-64a9264c8e39ff3cfad92392b28330ec.ctex[39m[0m
[  40% ] [90m[1msavepack[22m | 保存文件：res://assets/reanim/eyeWear_05_line.png.import[39m[0m
[  40% ] [90m[1msavepack[22m | 保存文件：res://.godot/imported/eyeWear_06.png-5dc90e7a1f483ab914dcd08dc228169f.ctex[39m[0m
[  40% ] [90m[1msavepack[22m | 保存文件：res://assets/reanim/eyeWear_06.png.import[39m[0m
[  40% ] [90m[1msavepack[22m | 保存文件：res://.godot/imported/eyeWear_06_line.png-3fd3f2f7b5a4b484dbbd54f2a4d158d3.ctex[39m[0m
[  40% ] [90m[1msavepack[22m | 保存文件：res://assets/reanim/eyeWear_06_line.png.import[39m[0m
[  40% ] [90m[1msavepack[22m | 保存文件：res://.godot/imported/eyeWear_07.png-e0c089d59eb53d8f70ff4eeeac0d36fd.ctex[39m[0m
[  40% ] [90m[1msavepack[22m | 保存文件：res://assets/reanim/eyeWear_07.png.import[39m[0m
[  40% ] [90m[1msavepack[22m | 保存文件：res://.godot/imported/eyeWear_07_line.png-693098c92032f99a3447d8225ad82eac.ctex[39m[0m
[  40% ] [90m[1msavepack[22m | 保存文件：res://assets/reanim/eyeWear_07_line.png.import[39m[0m
[  41% ] [90m[1msavepack[22m | 保存文件：res://.godot/imported/eyeWear_08.png-3a3a7001dd8ceda2f92b8e33c91986ce.ctex[39m[0m
[  41% ] [90m[1msavepack[22m | 保存文件：res://assets/reanim/eyeWear_08.png.import[39m[0m
[  41% ] [90m[1msavepack[22m | 保存文件：res://.godot/imported/eyeWear_08_line.png-117d91275bef6af4d6f85cdbf3d97430.ctex[39m[0m
[  41% ] [90m[1msavepack[22m | 保存文件：res://assets/reanim/eyeWear_08_line.png.import[39m[0m
[  41% ] [90m[1msavepack[22m | 保存文件：res://.godot/imported/eyeWear_09.png-9a129662fc445d8b89ecf1de093d9043.ctex[39m[0m
[  41% ] [90m[1msavepack[22m | 保存文件：res://assets/reanim/eyeWear_09.png.import[39m[0m
[  41% ] [90m[1msavepack[22m | 保存文件：res://.godot/imported/eyeWear_09_line.png-101f6e65068f37ee49516cc53d9fe17b.ctex[39m[0m
[  41% ] [90m[1msavepack[22m | 保存文件：res://assets/reanim/eyeWear_09_line.png.import[39m[0m
[  41% ] [90m[1msavepack[22m | 保存文件：res://.godot/imported/eyeWear_10.png-ed6fb768fcdeebc8d76ada18276757b6.ctex[39m[0m
[  41% ] [90m[1msavepack[22m | 保存文件：res://assets/reanim/eyeWear_10.png.import[39m[0m
[  41% ] [90m[1msavepack[22m | 保存文件：res://.godot/imported/eyeWear_10_line.png-1f2543364aa5c9635e52c08979293dcd.ctex[39m[0m
[  41% ] [90m[1msavepack[22m | 保存文件：res://assets/reanim/eyeWear_10_line.png.import[39m[0m
[  41% ] [90m[1msavepack[22m | 保存文件：res://.godot/imported/eyeWear_11.png-2dbcd9cfa7102a55286b0e659be83613.ctex[39m[0m
[  41% ] [90m[1msavepack[22m | 保存文件：res://assets/reanim/eyeWear_11.png.import[39m[0m
[  41% ] [90m[1msavepack[22m | 保存文件：res://.godot/imported/eyeWear_11_line.png-8d6ef70546b82c9f64b10c013d374d7b.ctex[39m[0m
[  41% ] [90m[1msavepack[22m | 保存文件：res://assets/reanim/eyeWear_11_line.png.import[39m[0m
[  41% ] [90m[1msavepack[22m | 保存文件：res://.godot/imported/eyeWear_12.png-b1582be794ae37c1b96270761e2ad910.ctex[39m[0m
[  41% ] [90m[1msavepack[22m | 保存文件：res://assets/reanim/eyeWear_12.png.import[39m[0m
[  41% ] [90m[1msavepack[22m | 保存文件：res://.godot/imported/eyeWear_13.png-dc588e89877b557ff0d9e2a5cc80ea10.ctex[39m[0m
[  41% ] [90m[1msavepack[22m | 保存文件：res://assets/reanim/eyeWear_13.png.import[39m[0m
[  41% ] [90m[1msavepack[22m | 保存文件：res://.godot/imported/eyeWear_14.png-95bd78282ec163981a51f0f451252a00.ctex[39m[0m
[  41% ] [90m[1msavepack[22m | 保存文件：res://assets/reanim/eyeWear_14.png.import[39m[0m
[  41% ] [90m[1msavepack[22m | 保存文件：res://.godot/imported/eyeWear_15.png-ba68ee017c1c8fc8549166b3f89b98f3.ctex[39m[0m
[  41% ] [90m[1msavepack[22m | 保存文件：res://assets/reanim/eyeWear_15.png.import[39m[0m
[  41% ] [90m[1msavepack[22m | 保存文件：res://.godot/imported/facialHair_00.png-bf06e2717d250c826dcb06b4fb2d883d.ctex[39m[0m
[  41% ] [90m[1msavepack[22m | 保存文件：res://assets/reanim/facialHair_00.png.import[39m[0m
[  41% ] [90m[1msavepack[22m | 保存文件：res://.godot/imported/facialHair_00_line.png-f90fe2c49535e9f2336abd822322b064.ctex[39m[0m
[  41% ] [90m[1msavepack[22m | 保存文件：res://assets/reanim/facialHair_00_line.png.import[39m[0m
[  41% ] [90m[1msavepack[22m | 保存文件：res://.godot/imported/facialHair_01.png-2b1356682c37ff925069b49b705e19e2.ctex[39m[0m
[  41% ] [90m[1msavepack[22m | 保存文件：res://assets/reanim/facialHair_01.png.import[39m[0m
[  41% ] [90m[1msavepack[22m | 保存文件：res://.godot/imported/facialHair_01_line.png-4d0e814271216e7541e40adbaff027f1.ctex[39m[0m
[  41% ] [90m[1msavepack[22m | 保存文件：res://assets/reanim/facialHair_01_line.png.import[39m[0m
[  41% ] [90m[1msavepack[22m | 保存文件：res://.godot/imported/facialHair_02.png-6af7639415da017e63b58d6111142c9f.ctex[39m[0m
[  41% ] [90m[1msavepack[22m | 保存文件：res://assets/reanim/facialHair_02.png.import[39m[0m
[  41% ] [90m[1msavepack[22m | 保存文件：res://.godot/imported/facialHair_02_line.png-0e3c9ae3df1196bbcae2aa11dcec007b.ctex[39m[0m
[  41% ] [90m[1msavepack[22m | 保存文件：res://assets/reanim/facialHair_02_line.png.import[39m[0m
[  41% ] [90m[1msavepack[22m | 保存文件：res://.godot/imported/facialHair_03.png-192350fb6ea8df14e527eced55f49a7c.ctex[39m[0m
[  41% ] [90m[1msavepack[22m | 保存文件：res://assets/reanim/facialHair_03.png.import[39m[0m
[  41% ] [90m[1msavepack[22m | 保存文件：res://.godot/imported/facialHair_03_line.png-9999f34f5bb7a2858fa0f2106d3e25c2.ctex[39m[0m
[  41% ] [90m[1msavepack[22m | 保存文件：res://assets/reanim/facialHair_03_line.png.import[39m[0m
[  41% ] [90m[1msavepack[22m | 保存文件：res://.godot/imported/facialHair_04.png-d53b6c6472c9dcfdfb20fb9cf872f6ca.ctex[39m[0m
[  41% ] [90m[1msavepack[22m | 保存文件：res://assets/reanim/facialHair_04.png.import[39m[0m
[  41% ] [90m[1msavepack[22m | 保存文件：res://.godot/imported/facialHair_04_line.png-f96dc36bf1f747c7f15adeb96572a7ec.ctex[39m[0m
[  41% ] [90m[1msavepack[22m | 保存文件：res://assets/reanim/facialHair_04_line.png.import[39m[0m
[  41% ] [90m[1msavepack[22m | 保存文件：res://.godot/imported/facialHair_05.png-9df86f1f4d182ea5a3231ea106d0fdba.ctex[39m[0m
[  41% ] [90m[1msavepack[22m | 保存文件：res://assets/reanim/facialHair_05.png.import[39m[0m
[  41% ] [90m[1msavepack[22m | 保存文件：res://.godot/imported/facialHair_05_line.png-c5327f9519f67963bcdab13f5f3c841b.ctex[39m[0m
[  41% ] [90m[1msavepack[22m | 保存文件：res://assets/reanim/facialHair_05_line.png.import[39m[0m
[  41% ] [90m[1msavepack[22m | 保存文件：res://.godot/imported/facialHair_06.png-56272591d98ccd14be8870fd1a4ef3bc.ctex[39m[0m
[  41% ] [90m[1msavepack[22m | 保存文件：res://assets/reanim/facialHair_06.png.import[39m[0m
[  41% ] [90m[1msavepack[22m | 保存文件：res://.godot/imported/facialHair_06_line.png-02bf4599372b2a7fb1651c7c55839ac8.ctex[39m[0m
[  41% ] [90m[1msavepack[22m | 保存文件：res://assets/reanim/facialHair_06_line.png.import[39m[0m
[  41% ] [90m[1msavepack[22m | 保存文件：res://.godot/imported/facialHair_07.png-c079d6bd726948808605767bc6a2fa4d.ctex[39m[0m
[  41% ] [90m[1msavepack[22m | 保存文件：res://assets/reanim/facialHair_07.png.import[39m[0m
[  41% ] [90m[1msavepack[22m | 保存文件：res://.godot/imported/facialHair_07_line.png-b35c9dbb2d58f3d3c3f7423b74c31b50.ctex[39m[0m
[  41% ] [90m[1msavepack[22m | 保存文件：res://assets/reanim/facialHair_07_line.png.import[39m[0m
[  41% ] [90m[1msavepack[22m | 保存文件：res://.godot/imported/facialHair_08.png-3b943413a0cb9976d20ed14814c6f725.ctex[39m[0m
[  41% ] [90m[1msavepack[22m | 保存文件：res://assets/reanim/facialHair_08.png.import[39m[0m
[  41% ] [90m[1msavepack[22m | 保存文件：res://.godot/imported/facialHair_08_line.png-0e34a0cb954bd331603c6adfa1ce7779.ctex[39m[0m
[  41% ] [90m[1msavepack[22m | 保存文件：res://assets/reanim/facialHair_08_line.png.import[39m[0m
[  41% ] [90m[1msavepack[22m | 保存文件：res://.godot/imported/facialHair_09.png-ed505861d98ee8ce0aa9c68e89275f72.ctex[39m[0m
[  41% ] [90m[1msavepack[22m | 保存文件：res://assets/reanim/facialHair_09.png.import[39m[0m
[  41% ] [90m[1msavepack[22m | 保存文件：res://.godot/imported/facialHair_09_line.png-8f2e5532b9cafb5cf042066b90f172a8.ctex[39m[0m
[  41% ] [90m[1msavepack[22m | 保存文件：res://assets/reanim/facialHair_09_line.png.import[39m[0m
[  41% ] [90m[1msavepack[22m | 保存文件：res://.godot/imported/facialHair_10.png-1dce9f404165a4edad94fe8296b33e08.ctex[39m[0m
[  41% ] [90m[1msavepack[22m | 保存文件：res://assets/reanim/facialHair_10.png.import[39m[0m
[  41% ] [90m[1msavepack[22m | 保存文件：res://.godot/imported/facialHair_10_line.png-32083b3a630f05d12909ad8b9d334559.ctex[39m[0m
[  41% ] [90m[1msavepack[22m | 保存文件：res://assets/reanim/facialHair_10_line.png.import[39m[0m
[  41% ] [90m[1msavepack[22m | 保存文件：res://.godot/imported/facialHair_11.png-4ffbad8e2885eb592fd674a963741219.ctex[39m[0m
[  41% ] [90m[1msavepack[22m | 保存文件：res://assets/reanim/facialHair_11.png.import[39m[0m
[  41% ] [90m[1msavepack[22m | 保存文件：res://.godot/imported/facialHair_11_line.png-a5a5487b6271ef190a6e48cefaf668ba.ctex[39m[0m
[  41% ] [90m[1msavepack[22m | 保存文件：res://assets/reanim/facialHair_11_line.png.import[39m[0m
[  41% ] [90m[1msavepack[22m | 保存文件：res://.godot/imported/facialHair_12.png-6e759b2a6e0c712d3d4ec1adf64cd7fc.ctex[39m[0m
[  41% ] [90m[1msavepack[22m | 保存文件：res://assets/reanim/facialHair_12.png.import[39m[0m
[  41% ] [90m[1msavepack[22m | 保存文件：res://.godot/imported/facialHair_12_line.png-7723bc94428043aaa08eaabdfa371b87.ctex[39m[0m
[  41% ] [90m[1msavepack[22m | 保存文件：res://assets/reanim/facialHair_12_line.png.import[39m[0m
[  42% ] [90m[1msavepack[22m | 保存文件：res://.godot/imported/facialHair_13.png-eac34c6ddfbc6e62e818c1f10bb4853c.ctex[39m[0m
[  42% ] [90m[1msavepack[22m | 保存文件：res://assets/reanim/facialHair_13.png.import[39m[0m
[  42% ] [90m[1msavepack[22m | 保存文件：res://.godot/imported/facialHair_13_line.png-c18e371164a25f9e3a1784b13b7bba4f.ctex[39m[0m
[  42% ] [90m[1msavepack[22m | 保存文件：res://assets/reanim/facialHair_13_line.png.import[39m[0m
[  42% ] [90m[1msavepack[22m | 保存文件：res://.godot/imported/facialHair_14.png-536c02cb99c4993751f43bf9d6e58dee.ctex[39m[0m
[  42% ] [90m[1msavepack[22m | 保存文件：res://assets/reanim/facialHair_14.png.import[39m[0m
[  42% ] [90m[1msavepack[22m | 保存文件：res://.godot/imported/facialHair_14_line.png-bd45daa5c0456c570897a54b47395c9d.ctex[39m[0m
[  42% ] [90m[1msavepack[22m | 保存文件：res://assets/reanim/facialHair_14_line.png.import[39m[0m
[  42% ] [90m[1msavepack[22m | 保存文件：res://.godot/imported/facialHair_15.png-b74e083aa9db95a6df0f9bc5a2d02398.ctex[39m[0m
[  42% ] [90m[1msavepack[22m | 保存文件：res://assets/reanim/facialHair_15.png.import[39m[0m
[  42% ] [90m[1msavepack[22m | 保存文件：res://.godot/imported/facialHair_15_line.png-ec503c6919d0639ac8adccc562ed3127.ctex[39m[0m
[  42% ] [90m[1msavepack[22m | 保存文件：res://assets/reanim/facialHair_15_line.png.import[39m[0m
[  42% ] [90m[1msavepack[22m | 保存文件：res://.godot/imported/facialHair_16.png-5dee8a0a1cf06434df51d413d04746ee.ctex[39m[0m
[  42% ] [90m[1msavepack[22m | 保存文件：res://assets/reanim/facialHair_16.png.import[39m[0m
[  42% ] [90m[1msavepack[22m | 保存文件：res://.godot/imported/facialHair_16_line.png-9310e5f8636a3404e54f83f89b8f7516.ctex[39m[0m
[  42% ] [90m[1msavepack[22m | 保存文件：res://assets/reanim/facialHair_16_line.png.import[39m[0m
[  42% ] [90m[1msavepack[22m | 保存文件：res://.godot/imported/facialHair_17.png-e09923e77d36fffe4b4343fe0c813dd1.ctex[39m[0m
[  42% ] [90m[1msavepack[22m | 保存文件：res://assets/reanim/facialHair_17.png.import[39m[0m
[  42% ] [90m[1msavepack[22m | 保存文件：res://.godot/imported/facialHair_17_line.png-d0e3e42238ef230210fbe12abf3c11c3.ctex[39m[0m
[  42% ] [90m[1msavepack[22m | 保存文件：res://assets/reanim/facialHair_17_line.png.import[39m[0m
[  42% ] [90m[1msavepack[22m | 保存文件：res://.godot/imported/facialHair_18.png-880031fa18f580cf6d50cc894c8715c6.ctex[39m[0m
[  42% ] [90m[1msavepack[22m | 保存文件：res://assets/reanim/facialHair_18.png.import[39m[0m
[  42% ] [90m[1msavepack[22m | 保存文件：res://.godot/imported/facialHair_18_line.png-d64eeb9f8793ceb4fff0ca4dda253fde.ctex[39m[0m
[  42% ] [90m[1msavepack[22m | 保存文件：res://assets/reanim/facialHair_18_line.png.import[39m[0m
[  42% ] [90m[1msavepack[22m | 保存文件：res://.godot/imported/facialHair_19.png-35a6359b0c36bd89a06aff9b029e6041.ctex[39m[0m
[  42% ] [90m[1msavepack[22m | 保存文件：res://assets/reanim/facialHair_19.png.import[39m[0m
[  42% ] [90m[1msavepack[22m | 保存文件：res://.godot/imported/facialHair_19_line.png-9c4c803f0dabd10c870ba9c8e098fa86.ctex[39m[0m
[  42% ] [90m[1msavepack[22m | 保存文件：res://assets/reanim/facialHair_19_line.png.import[39m[0m
[  42% ] [90m[1msavepack[22m | 保存文件：res://.godot/imported/facialHair_20.png-5c03dc91ce815e59cfe0b07147307c54.ctex[39m[0m
[  42% ] [90m[1msavepack[22m | 保存文件：res://assets/reanim/facialHair_20.png.import[39m[0m
[  42% ] [90m[1msavepack[22m | 保存文件：res://.godot/imported/facialHair_20_line.png-9aa5e8cf451537c1312d0bb2662e45ec.ctex[39m[0m
[  42% ] [90m[1msavepack[22m | 保存文件：res://assets/reanim/facialHair_20_line.png.import[39m[0m
[  42% ] [90m[1msavepack[22m | 保存文件：res://.godot/imported/facialHair_21.png-d938e7ab38b92f8f5fc4cc4d84e85875.ctex[39m[0m
[  42% ] [90m[1msavepack[22m | 保存文件：res://assets/reanim/facialHair_21.png.import[39m[0m
[  42% ] [90m[1msavepack[22m | 保存文件：res://.godot/imported/facialHair_21_line.png-b432a8fb0355d01473056f20d91891cf.ctex[39m[0m
[  42% ] [90m[1msavepack[22m | 保存文件：res://assets/reanim/facialHair_21_line.png.import[39m[0m
[  42% ] [90m[1msavepack[22m | 保存文件：res://.godot/imported/facialHair_22.png-97a0306488d0f8f4125c4c87a6a1ecfd.ctex[39m[0m
[  42% ] [90m[1msavepack[22m | 保存文件：res://assets/reanim/facialHair_22.png.import[39m[0m
[  42% ] [90m[1msavepack[22m | 保存文件：res://.godot/imported/facialHair_22_line.png-8df833155e1a510360f85c370487a31a.ctex[39m[0m
[  42% ] [90m[1msavepack[22m | 保存文件：res://assets/reanim/facialHair_22_line.png.import[39m[0m
[  42% ] [90m[1msavepack[22m | 保存文件：res://.godot/imported/facialHair_23.png-1893745fff5a2cffe8f63a8908b7515d.ctex[39m[0m
[  42% ] [90m[1msavepack[22m | 保存文件：res://assets/reanim/facialHair_23.png.import[39m[0m
[  42% ] [90m[1msavepack[22m | 保存文件：res://.godot/imported/facialHair_23_line.png-c4fb445da4010c97eb323f418cd70488.ctex[39m[0m
[  42% ] [90m[1msavepack[22m | 保存文件：res://assets/reanim/facialHair_23_line.png.import[39m[0m
[  42% ] [90m[1msavepack[22m | 保存文件：res://.godot/imported/FinalWave.png-ef26c731ec4873bc97c76478b0ac9529.ctex[39m[0m
[  42% ] [90m[1msavepack[22m | 保存文件：res://assets/reanim/FinalWave.png.import[39m[0m
[  42% ] [90m[1msavepack[22m | 保存文件：res://.godot/imported/fire1.png-24d6f69ea0b3cfea2ce208647273a852.ctex[39m[0m
[  42% ] [90m[1msavepack[22m | 保存文件：res://assets/reanim/fire1.png.import[39m[0m
[  42% ] [90m[1msavepack[22m | 保存文件：res://.godot/imported/fire1_1.png-8625708243c6eab4240e0c2832fcaec9.ctex[39m[0m
[  42% ] [90m[1msavepack[22m | 保存文件：res://assets/reanim/fire1_1.png.import[39m[0m
[  42% ] [90m[1msavepack[22m | 保存文件：res://.godot/imported/fire1_2.png-0a0a25d797869a342e2112cf3d88c3af.ctex[39m[0m
[  42% ] [90m[1msavepack[22m | 保存文件：res://assets/reanim/fire1_2.png.import[39m[0m
[  42% ] [90m[1msavepack[22m | 保存文件：res://.godot/imported/fire1_3.png-707eff151cafd725955f4e6137b9e8ee.ctex[39m[0m
[  42% ] [90m[1msavepack[22m | 保存文件：res://assets/reanim/fire1_3.png.import[39m[0m
[  42% ] [90m[1msavepack[22m | 保存文件：res://.godot/imported/fire2.png-52b5be9269d1a8fa85eb176ca17e8800.ctex[39m[0m
[  42% ] [90m[1msavepack[22m | 保存文件：res://assets/reanim/fire2.png.import[39m[0m
[  42% ] [90m[1msavepack[22m | 保存文件：res://.godot/imported/fire3.png-7503257c25bd889c406c66d4555ae3f1.ctex[39m[0m
[  42% ] [90m[1msavepack[22m | 保存文件：res://assets/reanim/fire3.png.import[39m[0m
[  42% ] [90m[1msavepack[22m | 保存文件：res://.godot/imported/fire4.png-810e77ed364ed58368d806eb3cb2c2a2.ctex[39m[0m
[  42% ] [90m[1msavepack[22m | 保存文件：res://assets/reanim/fire4.png.import[39m[0m
[  42% ] [90m[1msavepack[22m | 保存文件：res://.godot/imported/fire4b.png-c66843a168629e5239afd8c5756e8edd.ctex[39m[0m
[  42% ] [90m[1msavepack[22m | 保存文件：res://assets/reanim/fire4b.png.import[39m[0m
[  42% ] [90m[1msavepack[22m | 保存文件：res://.godot/imported/fire5.png-ad956ef7e7e548d28a6c4df9cb60a6ed.ctex[39m[0m
[  42% ] [90m[1msavepack[22m | 保存文件：res://assets/reanim/fire5.png.import[39m[0m
[  42% ] [90m[1msavepack[22m | 保存文件：res://.godot/imported/fire5b.png-6a4e914b1753892a0e9574efe880ae6b.ctex[39m[0m
[  42% ] [90m[1msavepack[22m | 保存文件：res://assets/reanim/fire5b.png.import[39m[0m
[  42% ] [90m[1msavepack[22m | 保存文件：res://.godot/imported/fire6.png-6c7ca1f9a76e3b309ca90f07c619a59f.ctex[39m[0m
[  42% ] [90m[1msavepack[22m | 保存文件：res://assets/reanim/fire6.png.import[39m[0m
[  42% ] [90m[1msavepack[22m | 保存文件：res://.godot/imported/fire6b.png-7e4986ed9d9bef9b20988f27d1a61ae3.ctex[39m[0m
[  42% ] [90m[1msavepack[22m | 保存文件：res://assets/reanim/fire6b.png.import[39m[0m
[  42% ] [90m[1msavepack[22m | 保存文件：res://.godot/imported/fire7.png-c5e16d741b89e992a35b86f25e36ac92.ctex[39m[0m
[  42% ] [90m[1msavepack[22m | 保存文件：res://assets/reanim/fire7.png.import[39m[0m
[  42% ] [90m[1msavepack[22m | 保存文件：res://.godot/imported/fire7b.png-1819c3b9462d6057a20be47961a3e0f0.ctex[39m[0m
[  42% ] [90m[1msavepack[22m | 保存文件：res://assets/reanim/fire7b.png.import[39m[0m
[  43% ] [90m[1msavepack[22m | 保存文件：res://.godot/imported/fire8.png-abc0082c24a31d877eb9603ae302002f.ctex[39m[0m
[  43% ] [90m[1msavepack[22m | 保存文件：res://assets/reanim/fire8.png.import[39m[0m
[  43% ] [90m[1msavepack[22m | 保存文件：res://.godot/imported/FirePea.png-db049898b9757eeae868e08c1d186b05.ctex[39m[0m
[  43% ] [90m[1msavepack[22m | 保存文件：res://assets/reanim/FirePea.png.import[39m[0m
[  43% ] [90m[1msavepack[22m | 保存文件：res://.godot/imported/FirePea_flame1.png-158fc6a94a21c2b08df93393fb6cfd38.ctex[39m[0m
[  43% ] [90m[1msavepack[22m | 保存文件：res://assets/reanim/FirePea_flame1.png.import[39m[0m
[  43% ] [90m[1msavepack[22m | 保存文件：res://.godot/imported/FirePea_flame2.png-fd311e9d8309854be2bbe5b5704f1cc2.ctex[39m[0m
[  43% ] [90m[1msavepack[22m | 保存文件：res://assets/reanim/FirePea_flame2.png.import[39m[0m
[  43% ] [90m[1msavepack[22m | 保存文件：res://.godot/imported/FirePea_flame3.png-f2299318c68219a24b7b457b81459f15.ctex[39m[0m
[  43% ] [90m[1msavepack[22m | 保存文件：res://assets/reanim/FirePea_flame3.png.import[39m[0m
[  43% ] [90m[1msavepack[22m | 保存文件：res://.godot/imported/FirePea_spark.png-294ab06456f85d23a71f7327843e2cd6.ctex[39m[0m
[  43% ] [90m[1msavepack[22m | 保存文件：res://assets/reanim/FirePea_spark.png.import[39m[0m
[  43% ] [90m[1msavepack[22m | 保存文件：res://.godot/imported/fullscreen.png-7ce2504e16a887a5aa808a073c7f6a36.ctex[39m[0m
[  43% ] [90m[1msavepack[22m | 保存文件：res://assets/reanim/fullscreen.png.import[39m[0m
[  43% ] [90m[1msavepack[22m | 保存文件：res://.godot/imported/FumeShroom_blink1.png-2792e0422456c93d48b7d48ebcda9366.ctex[39m[0m
[  43% ] [90m[1msavepack[22m | 保存文件：res://assets/reanim/FumeShroom_blink1.png.import[39m[0m
[  43% ] [90m[1msavepack[22m | 保存文件：res://.godot/imported/FumeShroom_blink2.png-321ad607f7dfbbed66a6ce77cba2fcef.ctex[39m[0m
[  43% ] [90m[1msavepack[22m | 保存文件：res://assets/reanim/FumeShroom_blink2.png.import[39m[0m
[  43% ] [90m[1msavepack[22m | 保存文件：res://.godot/imported/FumeShroom_body.png-5a4a209ba25a506f92d220efc9f2ada6.ctex[39m[0m
[  43% ] [90m[1msavepack[22m | 保存文件：res://assets/reanim/FumeShroom_body.png.import[39m[0m
[  43% ] [90m[1msavepack[22m | 保存文件：res://.godot/imported/FumeShroom_head.png-54d8f48fd339ffbc1305ad10786fc2a9.ctex[39m[0m
[  43% ] [90m[1msavepack[22m | 保存文件：res://assets/reanim/FumeShroom_head.png.import[39m[0m
[  43% ] [90m[1msavepack[22m | 保存文件：res://.godot/imported/FumeShroom_spout.png-1807b24cde7a247b6ff97c32464b01da.ctex[39m[0m
[  43% ] [90m[1msavepack[22m | 保存文件：res://assets/reanim/FumeShroom_spout.png.import[39m[0m
[  43% ] [90m[1msavepack[22m | 保存文件：res://.godot/imported/FumeShroom_tip.png-970401ffbc182b04e6285f9619263952.ctex[39m[0m
[  43% ] [90m[1msavepack[22m | 保存文件：res://assets/reanim/FumeShroom_tip.png.import[39m[0m
[  43% ] [90m[1msavepack[22m | 保存文件：res://.godot/imported/Garlic_blink1.png-949f7bea396fa77a162bf642e5e20ea5.ctex[39m[0m
[  43% ] [90m[1msavepack[22m | 保存文件：res://assets/reanim/Garlic_blink1.png.import[39m[0m
[  43% ] [90m[1msavepack[22m | 保存文件：res://.godot/imported/Garlic_blink2.png-9df84ae2cbbfd29e9df65f6a5c9d5d35.ctex[39m[0m
[  43% ] [90m[1msavepack[22m | 保存文件：res://assets/reanim/Garlic_blink2.png.import[39m[0m
[  43% ] [90m[1msavepack[22m | 保存文件：res://.godot/imported/Garlic_body1.png-27a2c14015f49697b51122f7a97a6c34.ctex[39m[0m
[  43% ] [90m[1msavepack[22m | 保存文件：res://assets/reanim/Garlic_body1.png.import[39m[0m
[  43% ] [90m[1msavepack[22m | 保存文件：res://.godot/imported/Garlic_body2.png-4794c83e7d248d4e3122b8bde177c806.ctex[39m[0m
[  43% ] [90m[1msavepack[22m | 保存文件：res://assets/reanim/Garlic_body2.png.import[39m[0m
[  43% ] [90m[1msavepack[22m | 保存文件：res://.godot/imported/Garlic_body3.png-524244dd64fee1cbf56aba44e0e7d4f4.ctex[39m[0m
[  43% ] [90m[1msavepack[22m | 保存文件：res://assets/reanim/Garlic_body3.png.import[39m[0m
[  43% ] [90m[1msavepack[22m | 保存文件：res://.godot/imported/Garlic_stem1.png-13eafe867f442f741a08b614c7b29bf9.ctex[39m[0m
[  43% ] [90m[1msavepack[22m | 保存文件：res://assets/reanim/Garlic_stem1.png.import[39m[0m
[  43% ] [90m[1msavepack[22m | 保存文件：res://.godot/imported/Garlic_stem2.png-6e1d80ff30874ab33c720b090b551898.ctex[39m[0m
[  43% ] [90m[1msavepack[22m | 保存文件：res://assets/reanim/Garlic_stem2.png.import[39m[0m
[  43% ] [90m[1msavepack[22m | 保存文件：res://.godot/imported/Garlic_stem3.png-3bd3f4946066f43a3b53cbbe9c52a27b.ctex[39m[0m
[  43% ] [90m[1msavepack[22m | 保存文件：res://assets/reanim/Garlic_stem3.png.import[39m[0m
[  43% ] [90m[1msavepack[22m | 保存文件：res://.godot/imported/Garlic_stink1.png-a0545a3e073b94bcbcc23189b30caddd.ctex[39m[0m
[  43% ] [90m[1msavepack[22m | 保存文件：res://assets/reanim/Garlic_stink1.png.import[39m[0m
[  43% ] [90m[1msavepack[22m | 保存文件：res://.godot/imported/Garlic_stink2.png-63ff608af21bd57f6dd137de2097e07a.ctex[39m[0m
[  43% ] [90m[1msavepack[22m | 保存文件：res://assets/reanim/Garlic_stink2.png.import[39m[0m
[  43% ] [90m[1msavepack[22m | 保存文件：res://.godot/imported/Garlic_stink3.png-b3e1fec3968e05b306b685a5939ac8cd.ctex[39m[0m
[  43% ] [90m[1msavepack[22m | 保存文件：res://assets/reanim/Garlic_stink3.png.import[39m[0m
[  43% ] [90m[1msavepack[22m | 保存文件：res://.godot/imported/Garlic_stink4.png-3b58bcfbb5e4bff2ad72aa9e2841cfcc.ctex[39m[0m
[  43% ] [90m[1msavepack[22m | 保存文件：res://assets/reanim/Garlic_stink4.png.import[39m[0m
[  43% ] [90m[1msavepack[22m | 保存文件：res://.godot/imported/GatlingPea_barrel.png-77c8aa91baca03aa5985a1bdbbee7a3f.ctex[39m[0m
[  43% ] [90m[1msavepack[22m | 保存文件：res://assets/reanim/GatlingPea_barrel.png.import[39m[0m
[  43% ] [90m[1msavepack[22m | 保存文件：res://.godot/imported/GatlingPea_blink1.png-76ac5fe1c4a3572207991ff753bf4164.ctex[39m[0m
[  43% ] [90m[1msavepack[22m | 保存文件：res://assets/reanim/GatlingPea_blink1.png.import[39m[0m
[  43% ] [90m[1msavepack[22m | 保存文件：res://.godot/imported/GatlingPea_blink2.png-3155b42df745e3032475f88575f0cc52.ctex[39m[0m
[  43% ] [90m[1msavepack[22m | 保存文件：res://assets/reanim/GatlingPea_blink2.png.import[39m[0m
[  43% ] [90m[1msavepack[22m | 保存文件：res://.godot/imported/GatlingPea_head.png-648342dff4df7e65c6923c8474128c43.ctex[39m[0m
[  43% ] [90m[1msavepack[22m | 保存文件：res://assets/reanim/GatlingPea_head.png.import[39m[0m
[  43% ] [90m[1msavepack[22m | 保存文件：res://.godot/imported/GatlingPea_helmet.png-fcd24fc3bd84f4ff3bdbca051b3cc14c.ctex[39m[0m
[  43% ] [90m[1msavepack[22m | 保存文件：res://assets/reanim/GatlingPea_helmet.png.import[39m[0m
[  43% ] [90m[1msavepack[22m | 保存文件：res://.godot/imported/GatlingPea_mouth.png-7ae2b6437c08b0b93ab5aa1a0603a288.ctex[39m[0m
[  43% ] [90m[1msavepack[22m | 保存文件：res://assets/reanim/GatlingPea_mouth.png.import[39m[0m
[  43% ] [90m[1msavepack[22m | 保存文件：res://.godot/imported/GatlingPea_mouth_overlay.png-1a2408f5ed9fcb779c56906221278b4d.ctex[39m[0m
[  43% ] [90m[1msavepack[22m | 保存文件：res://assets/reanim/GatlingPea_mouth_overlay.png.import[39m[0m
[  43% ] [90m[1msavepack[22m | 保存文件：res://.godot/imported/GloomShroom_base.png-e3341cf904bf16ad16cdc56ab00a5687.ctex[39m[0m
[  43% ] [90m[1msavepack[22m | 保存文件：res://assets/reanim/GloomShroom_base.png.import[39m[0m
[  43% ] [90m[1msavepack[22m | 保存文件：res://.godot/imported/GloomShroom_blink1.png-e817a0d393579e8e58bb950ebbbf8914.ctex[39m[0m
[  43% ] [90m[1msavepack[22m | 保存文件：res://assets/reanim/GloomShroom_blink1.png.import[39m[0m
[  43% ] [90m[1msavepack[22m | 保存文件：res://.godot/imported/GloomShroom_blink2.png-9f0b304c290a7f5e529f08cd22855fb3.ctex[39m[0m
[  43% ] [90m[1msavepack[22m | 保存文件：res://assets/reanim/GloomShroom_blink2.png.import[39m[0m
[  43% ] [90m[1msavepack[22m | 保存文件：res://.godot/imported/GloomShroom_face1.png-5eb9bedc3ec09d501a94967739efc3ce.ctex[39m[0m
[  43% ] [90m[1msavepack[22m | 保存文件：res://assets/reanim/GloomShroom_face1.png.import[39m[0m
[  43% ] [90m[1msavepack[22m | 保存文件：res://.godot/imported/GloomShroom_face2.png-f756c9939c56be0e64eb5643a53b1d76.ctex[39m[0m
[  43% ] [90m[1msavepack[22m | 保存文件：res://assets/reanim/GloomShroom_face2.png.import[39m[0m
[  43% ] [90m[1msavepack[22m | 保存文件：res://.godot/imported/GloomShroom_head.png-052d02b669a157e5d704171cf83d6f7c.ctex[39m[0m
[  43% ] [90m[1msavepack[22m | 保存文件：res://assets/reanim/GloomShroom_head.png.import[39m[0m
[  44% ] [90m[1msavepack[22m | 保存文件：res://.godot/imported/GloomShroom_shooter1.png-c263498fdc3dd3b3856c23fa53c9154f.ctex[39m[0m
[  44% ] [90m[1msavepack[22m | 保存文件：res://assets/reanim/GloomShroom_shooter1.png.import[39m[0m
[  44% ] [90m[1msavepack[22m | 保存文件：res://.godot/imported/GloomShroom_shooter2.png-59e281adbc44678bb23df2f58dcb60bc.ctex[39m[0m
[  44% ] [90m[1msavepack[22m | 保存文件：res://assets/reanim/GloomShroom_shooter2.png.import[39m[0m
[  44% ] [90m[1msavepack[22m | 保存文件：res://.godot/imported/GloomShroom_shooter3.png-7cc7d32eb1ee420d8df4ab8762bdfd6a.ctex[39m[0m
[  44% ] [90m[1msavepack[22m | 保存文件：res://assets/reanim/GloomShroom_shooter3.png.import[39m[0m
[  44% ] [90m[1msavepack[22m | 保存文件：res://.godot/imported/GloomShroom_shooter4.png-b406bce86b7e0defda4526bc95c35de8.ctex[39m[0m
[  44% ] [90m[1msavepack[22m | 保存文件：res://assets/reanim/GloomShroom_shooter4.png.import[39m[0m
[  44% ] [90m[1msavepack[22m | 保存文件：res://.godot/imported/GloomShroom_shooter5.png-786a4910c557bdab378cb0069975dfb9.ctex[39m[0m
[  44% ] [90m[1msavepack[22m | 保存文件：res://assets/reanim/GloomShroom_shooter5.png.import[39m[0m
[  44% ] [90m[1msavepack[22m | 保存文件：res://.godot/imported/GloomShroom_stem1.png-849f7a5f8fa2c56c26212457ba76936b.ctex[39m[0m
[  44% ] [90m[1msavepack[22m | 保存文件：res://assets/reanim/GloomShroom_stem1.png.import[39m[0m
[  44% ] [90m[1msavepack[22m | 保存文件：res://.godot/imported/GloomShroom_stem2.png-06f29210eb4099d17c0388792e1cea7e.ctex[39m[0m
[  44% ] [90m[1msavepack[22m | 保存文件：res://assets/reanim/GloomShroom_stem2.png.import[39m[0m
[  44% ] [90m[1msavepack[22m | 保存文件：res://.godot/imported/GloomShroom_stem3.png-df14bdab9735206619b4885666f0bc85.ctex[39m[0m
[  44% ] [90m[1msavepack[22m | 保存文件：res://assets/reanim/GloomShroom_stem3.png.import[39m[0m
[  44% ] [90m[1msavepack[22m | 保存文件：res://.godot/imported/GoldMagnet_bigspark1.png-63f0af67c19ea4838037f404774d64f7.ctex[39m[0m
[  44% ] [90m[1msavepack[22m | 保存文件：res://assets/reanim/GoldMagnet_bigspark1.png.import[39m[0m
[  44% ] [90m[1msavepack[22m | 保存文件：res://.godot/imported/GoldMagnet_bigspark2.png-570a9ba4e1e6e5775904044d3f459533.ctex[39m[0m
[  44% ] [90m[1msavepack[22m | 保存文件：res://assets/reanim/GoldMagnet_bigspark2.png.import[39m[0m
[  44% ] [90m[1msavepack[22m | 保存文件：res://.godot/imported/GoldMagnet_bigspark3.png-f89a7eb8e3439357d45d1b8ec690606b.ctex[39m[0m
[  44% ] [90m[1msavepack[22m | 保存文件：res://assets/reanim/GoldMagnet_bigspark3.png.import[39m[0m
[  44% ] [90m[1msavepack[22m | 保存文件：res://.godot/imported/GoldMagnet_blink1.png-360f850914381bfc9a8d377be6f2d511.ctex[39m[0m
[  44% ] [90m[1msavepack[22m | 保存文件：res://assets/reanim/GoldMagnet_blink1.png.import[39m[0m
[  44% ] [90m[1msavepack[22m | 保存文件：res://.godot/imported/GoldMagnet_blink2.png-5c7ee4a69bc73c6aa83fd612a964efe8.ctex[39m[0m
[  44% ] [90m[1msavepack[22m | 保存文件：res://assets/reanim/GoldMagnet_blink2.png.import[39m[0m
[  44% ] [90m[1msavepack[22m | 保存文件：res://.godot/imported/GoldMagnet_eyebrow.png-35d419d30191a61b2c81b942b4c9e5a3.ctex[39m[0m
[  44% ] [90m[1msavepack[22m | 保存文件：res://assets/reanim/GoldMagnet_eyebrow.png.import[39m[0m
[  44% ] [90m[1msavepack[22m | 保存文件：res://.godot/imported/GoldMagnet_head1.png-abdef22a3e12ac61ceef12280f5acb94.ctex[39m[0m
[  44% ] [90m[1msavepack[22m | 保存文件：res://assets/reanim/GoldMagnet_head1.png.import[39m[0m
[  44% ] [90m[1msavepack[22m | 保存文件：res://.godot/imported/GoldMagnet_head2.png-17debc747d78b9dc4eabde6f4aa4faff.ctex[39m[0m
[  44% ] [90m[1msavepack[22m | 保存文件：res://assets/reanim/GoldMagnet_head2.png.import[39m[0m
[  44% ] [90m[1msavepack[22m | 保存文件：res://.godot/imported/GoldMagnet_head3.png-0accd3427d52224951ef5d63ebf87cf1.ctex[39m[0m
[  44% ] [90m[1msavepack[22m | 保存文件：res://assets/reanim/GoldMagnet_head3.png.import[39m[0m
[  44% ] [90m[1msavepack[22m | 保存文件：res://.godot/imported/GoldMagnet_leaf1.png-5830327a5df0f42434c6b2198bdde378.ctex[39m[0m
[  44% ] [90m[1msavepack[22m | 保存文件：res://assets/reanim/GoldMagnet_leaf1.png.import[39m[0m
[  44% ] [90m[1msavepack[22m | 保存文件：res://.godot/imported/GoldMagnet_leaf2.png-ac7821e70e7c76f1f4111dd7dc68b5cb.ctex[39m[0m
[  44% ] [90m[1msavepack[22m | 保存文件：res://assets/reanim/GoldMagnet_leaf2.png.import[39m[0m
[  44% ] [90m[1msavepack[22m | 保存文件：res://.godot/imported/GoldMagnet_leaf3.png-e699420499d79b7df011c632d1d7d27b.ctex[39m[0m
[  44% ] [90m[1msavepack[22m | 保存文件：res://assets/reanim/GoldMagnet_leaf3.png.import[39m[0m
[  44% ] [90m[1msavepack[22m | 保存文件：res://.godot/imported/GoldMagnet_leaf4.png-34e2252586fc26c2003d259544af5dfd.ctex[39m[0m
[  44% ] [90m[1msavepack[22m | 保存文件：res://assets/reanim/GoldMagnet_leaf4.png.import[39m[0m
[  44% ] [90m[1msavepack[22m | 保存文件：res://.godot/imported/GoldMagnet_leaf5.png-dd03c494fbea9c08932b82ab7468b469.ctex[39m[0m
[  44% ] [90m[1msavepack[22m | 保存文件：res://assets/reanim/GoldMagnet_leaf5.png.import[39m[0m
[  44% ] [90m[1msavepack[22m | 保存文件：res://.godot/imported/GoldMagnet_smallspark1.png-4bb0d5443f1cdb2ed7dc5d6fefe12d98.ctex[39m[0m
[  44% ] [90m[1msavepack[22m | 保存文件：res://assets/reanim/GoldMagnet_smallspark1.png.import[39m[0m
[  44% ] [90m[1msavepack[22m | 保存文件：res://.godot/imported/GoldMagnet_smallspark2.png-e6def3a075094a45eabfcf7f6dd9c8aa.ctex[39m[0m
[  44% ] [90m[1msavepack[22m | 保存文件：res://assets/reanim/GoldMagnet_smallspark2.png.import[39m[0m
[  44% ] [90m[1msavepack[22m | 保存文件：res://.godot/imported/GoldMagnet_smallspark3.png-f50b0e3e897698c5d3b89e71c0535957.ctex[39m[0m
[  44% ] [90m[1msavepack[22m | 保存文件：res://assets/reanim/GoldMagnet_smallspark3.png.import[39m[0m
[  44% ] [90m[1msavepack[22m | 保存文件：res://.godot/imported/GoldMagnet_stem.png-39e3c886063ae0e48756d293a19286ab.ctex[39m[0m
[  44% ] [90m[1msavepack[22m | 保存文件：res://assets/reanim/GoldMagnet_stem.png.import[39m[0m
[  44% ] [90m[1msavepack[22m | 保存文件：res://.godot/imported/Gravebuster_eyebrows.png-fb55a9b13dec8917c51d6ec3d164ce71.ctex[39m[0m
[  44% ] [90m[1msavepack[22m | 保存文件：res://assets/reanim/Gravebuster_eyebrows.png.import[39m[0m
[  44% ] [90m[1msavepack[22m | 保存文件：res://.godot/imported/Gravebuster_facevine.png-811ff260ed4f30ff04bc5d90b65ea815.ctex[39m[0m
[  44% ] [90m[1msavepack[22m | 保存文件：res://assets/reanim/Gravebuster_facevine.png.import[39m[0m
[  44% ] [90m[1msavepack[22m | 保存文件：res://.godot/imported/Gravebuster_head.png-bc70dca33e42c28f64f9a9257df97ec7.ctex[39m[0m
[  44% ] [90m[1msavepack[22m | 保存文件：res://assets/reanim/Gravebuster_head.png.import[39m[0m
[  44% ] [90m[1msavepack[22m | 保存文件：res://.godot/imported/Gravebuster_leaf1.png-e781bcf328126befa0028ee792c79ca1.ctex[39m[0m
[  44% ] [90m[1msavepack[22m | 保存文件：res://assets/reanim/Gravebuster_leaf1.png.import[39m[0m
[  44% ] [90m[1msavepack[22m | 保存文件：res://.godot/imported/Gravebuster_leaf2.png-01447b05b270140ab35f9b0eb88b8457.ctex[39m[0m
[  44% ] [90m[1msavepack[22m | 保存文件：res://assets/reanim/Gravebuster_leaf2.png.import[39m[0m
[  44% ] [90m[1msavepack[22m | 保存文件：res://.godot/imported/Gravebuster_tooth1.png-848c7be7ffabad966c801169b95ed6c0.ctex[39m[0m
[  44% ] [90m[1msavepack[22m | 保存文件：res://assets/reanim/Gravebuster_tooth1.png.import[39m[0m
[  44% ] [90m[1msavepack[22m | 保存文件：res://.godot/imported/Gravebuster_tooth2.png-db9fbbfb3a024cb8a69c1428a0c74d25.ctex[39m[0m
[  44% ] [90m[1msavepack[22m | 保存文件：res://assets/reanim/Gravebuster_tooth2.png.import[39m[0m
[  44% ] [90m[1msavepack[22m | 保存文件：res://.godot/imported/Gravebuster_tooth3.png-4f7894251a4cc65754351dbff3362b2d.ctex[39m[0m
[  44% ] [90m[1msavepack[22m | 保存文件：res://assets/reanim/Gravebuster_tooth3.png.import[39m[0m
[  44% ] [90m[1msavepack[22m | 保存文件：res://.godot/imported/Gravebuster_tooth4.png-965c3445ef2722d64e49e3c2ea74d6db.ctex[39m[0m
[  44% ] [90m[1msavepack[22m | 保存文件：res://assets/reanim/Gravebuster_tooth4.png.import[39m[0m
[  44% ] [90m[1msavepack[22m | 保存文件：res://.godot/imported/Gravebuster_tooth5.png-1e6c315784a459c5080119ca9e6e584e.ctex[39m[0m
[  44% ] [90m[1msavepack[22m | 保存文件：res://assets/reanim/Gravebuster_tooth5.png.import[39m[0m
[  44% ] [90m[1msavepack[22m | 保存文件：res://.godot/imported/Gravebuster_tooth6.png-ddf5d3de5ba3f2ad1c586ffb5fe661f0.ctex[39m[0m
[  44% ] [90m[1msavepack[22m | 保存文件：res://assets/reanim/Gravebuster_tooth6.png.import[39m[0m
[  44% ] [90m[1msavepack[22m | 保存文件：res://.godot/imported/Gravebuster_vines.png-0526737fa27e55b99f8474a3d99f0bfa.ctex[39m[0m
[  44% ] [90m[1msavepack[22m | 保存文件：res://assets/reanim/Gravebuster_vines.png.import[39m[0m
[  45% ] [90m[1msavepack[22m | 保存文件：res://.godot/imported/Ground.png-e3fd0ca230a9564ac76d7607d37387b8.ctex[39m[0m
[  45% ] [90m[1msavepack[22m | 保存文件：res://assets/reanim/Ground.png.import[39m[0m
[  45% ] [90m[1msavepack[22m | 保存文件：res://.godot/imported/hair_00.png-ecd64b34fccb507a8fe24efcd81e3f77.ctex[39m[0m
[  45% ] [90m[1msavepack[22m | 保存文件：res://assets/reanim/hair_00.png.import[39m[0m
[  45% ] [90m[1msavepack[22m | 保存文件：res://.godot/imported/hair_00_line.png-738d8fe4f1e19bd12061715bccdd7c95.ctex[39m[0m
[  45% ] [90m[1msavepack[22m | 保存文件：res://assets/reanim/hair_00_line.png.import[39m[0m
[  45% ] [90m[1msavepack[22m | 保存文件：res://.godot/imported/hair_01.png-c4c643cfc439fd98d265886d26a94ddb.ctex[39m[0m
[  45% ] [90m[1msavepack[22m | 保存文件：res://assets/reanim/hair_01.png.import[39m[0m
[  45% ] [90m[1msavepack[22m | 保存文件：res://.godot/imported/hair_01_line.png-4c0dea93e03e7e9753963b19a99dea29.ctex[39m[0m
[  45% ] [90m[1msavepack[22m | 保存文件：res://assets/reanim/hair_01_line.png.import[39m[0m
[  45% ] [90m[1msavepack[22m | 保存文件：res://.godot/imported/hair_02_line.png-16c6c0f4bd514ca80ccf07f521e8a2d9.ctex[39m[0m
[  45% ] [90m[1msavepack[22m | 保存文件：res://assets/reanim/hair_02_line.png.import[39m[0m
[  45% ] [90m[1msavepack[22m | 保存文件：res://.godot/imported/hair_03.png-13344cc710eb6186c03601dd92ac11a1.ctex[39m[0m
[  45% ] [90m[1msavepack[22m | 保存文件：res://assets/reanim/hair_03.png.import[39m[0m
[  45% ] [90m[1msavepack[22m | 保存文件：res://.godot/imported/hair_03_line.png-4a9061982cd0718caa08a61435225089.ctex[39m[0m
[  45% ] [90m[1msavepack[22m | 保存文件：res://assets/reanim/hair_03_line.png.import[39m[0m
[  45% ] [90m[1msavepack[22m | 保存文件：res://.godot/imported/hair_04.png-35d86b05171b3c4ff83705635a66c755.ctex[39m[0m
[  45% ] [90m[1msavepack[22m | 保存文件：res://assets/reanim/hair_04.png.import[39m[0m
[  45% ] [90m[1msavepack[22m | 保存文件：res://.godot/imported/hair_04_line.png-554c687fb26a6f8ec3c96369cdc8600e.ctex[39m[0m
[  45% ] [90m[1msavepack[22m | 保存文件：res://assets/reanim/hair_04_line.png.import[39m[0m
[  45% ] [90m[1msavepack[22m | 保存文件：res://.godot/imported/hair_05.png-2eaefdb7fed8e3422009c1a0e06bb8d8.ctex[39m[0m
[  45% ] [90m[1msavepack[22m | 保存文件：res://assets/reanim/hair_05.png.import[39m[0m
[  45% ] [90m[1msavepack[22m | 保存文件：res://.godot/imported/hair_05_line.png-05da039a7db6e8d2d85a524b90307c28.ctex[39m[0m
[  45% ] [90m[1msavepack[22m | 保存文件：res://assets/reanim/hair_05_line.png.import[39m[0m
[  45% ] [90m[1msavepack[22m | 保存文件：res://.godot/imported/hair_06.png-c2af740aa1c6a75f1ddcd1ddd07b15d6.ctex[39m[0m
[  45% ] [90m[1msavepack[22m | 保存文件：res://assets/reanim/hair_06.png.import[39m[0m
[  45% ] [90m[1msavepack[22m | 保存文件：res://.godot/imported/hair_06_line.png-ad99f45a1cc7b9c699b4ba91d6f64ea0.ctex[39m[0m
[  45% ] [90m[1msavepack[22m | 保存文件：res://assets/reanim/hair_06_line.png.import[39m[0m
[  45% ] [90m[1msavepack[22m | 保存文件：res://.godot/imported/hair_07.png-a93bca8d85a582674cd9946cc7c5c90b.ctex[39m[0m
[  45% ] [90m[1msavepack[22m | 保存文件：res://assets/reanim/hair_07.png.import[39m[0m
[  45% ] [90m[1msavepack[22m | 保存文件：res://.godot/imported/hair_07_line.png-4472d4afdb0c01b32d9a9660fb8684b2.ctex[39m[0m
[  45% ] [90m[1msavepack[22m | 保存文件：res://assets/reanim/hair_07_line.png.import[39m[0m
[  45% ] [90m[1msavepack[22m | 保存文件：res://.godot/imported/hair_08.png-1d714b122935de81269592514f26977e.ctex[39m[0m
[  45% ] [90m[1msavepack[22m | 保存文件：res://assets/reanim/hair_08.png.import[39m[0m
[  45% ] [90m[1msavepack[22m | 保存文件：res://.godot/imported/hair_08_line.png-a173b92d1ad67717bcf258105247a774.ctex[39m[0m
[  45% ] [90m[1msavepack[22m | 保存文件：res://assets/reanim/hair_08_line.png.import[39m[0m
[  45% ] [90m[1msavepack[22m | 保存文件：res://.godot/imported/hair_09.png-7e9c5a6ed853f652f8bff1d4d240aae8.ctex[39m[0m
[  45% ] [90m[1msavepack[22m | 保存文件：res://assets/reanim/hair_09.png.import[39m[0m
[  45% ] [90m[1msavepack[22m | 保存文件：res://.godot/imported/hair_09_line.png-d976cb8c7dc6a4842bd23bba350f1f26.ctex[39m[0m
[  45% ] [90m[1msavepack[22m | 保存文件：res://assets/reanim/hair_09_line.png.import[39m[0m
[  45% ] [90m[1msavepack[22m | 保存文件：res://.godot/imported/hair_10.png-3206ecc6457aeb4062ff54ea424325a0.ctex[39m[0m
[  45% ] [90m[1msavepack[22m | 保存文件：res://assets/reanim/hair_10.png.import[39m[0m
[  45% ] [90m[1msavepack[22m | 保存文件：res://.godot/imported/hair_10_line.png-19e84bd8f60fcd4e9fa461cf82b8c990.ctex[39m[0m
[  45% ] [90m[1msavepack[22m | 保存文件：res://assets/reanim/hair_10_line.png.import[39m[0m
[  45% ] [90m[1msavepack[22m | 保存文件：res://.godot/imported/hair_11.png-66b43df3b8f99a89c4500c8fc5e6c0b0.ctex[39m[0m
[  45% ] [90m[1msavepack[22m | 保存文件：res://assets/reanim/hair_11.png.import[39m[0m
[  45% ] [90m[1msavepack[22m | 保存文件：res://.godot/imported/hair_11_line.png-dce6f9c34e975b95054f39fd3b80bfc1.ctex[39m[0m
[  45% ] [90m[1msavepack[22m | 保存文件：res://assets/reanim/hair_11_line.png.import[39m[0m
[  45% ] [90m[1msavepack[22m | 保存文件：res://.godot/imported/hair_12.png-321c0543485b3ade2983895e8fc64a83.ctex[39m[0m
[  45% ] [90m[1msavepack[22m | 保存文件：res://assets/reanim/hair_12.png.import[39m[0m
[  45% ] [90m[1msavepack[22m | 保存文件：res://.godot/imported/hair_12_line.png-432e526140cae9b2ccb91c875b04d35e.ctex[39m[0m
[  45% ] [90m[1msavepack[22m | 保存文件：res://assets/reanim/hair_12_line.png.import[39m[0m
[  45% ] [90m[1msavepack[22m | 保存文件：res://.godot/imported/hair_13.png-5ba8dcca52392ba6697699b2536b9262.ctex[39m[0m
[  45% ] [90m[1msavepack[22m | 保存文件：res://assets/reanim/hair_13.png.import[39m[0m
[  45% ] [90m[1msavepack[22m | 保存文件：res://.godot/imported/hair_13_line.png-48745bb1a5040646f1f9fab3cab819dc.ctex[39m[0m
[  45% ] [90m[1msavepack[22m | 保存文件：res://assets/reanim/hair_13_line.png.import[39m[0m
[  45% ] [90m[1msavepack[22m | 保存文件：res://.godot/imported/hair_14.png-feb21484ccecf2c66b5e08f045371125.ctex[39m[0m
[  45% ] [90m[1msavepack[22m | 保存文件：res://assets/reanim/hair_14.png.import[39m[0m
[  45% ] [90m[1msavepack[22m | 保存文件：res://.godot/imported/hair_14_line.png-9c5bf37c1a79fb9c9b6b709137aa2cfb.ctex[39m[0m
[  45% ] [90m[1msavepack[22m | 保存文件：res://assets/reanim/hair_14_line.png.import[39m[0m
[  45% ] [90m[1msavepack[22m | 保存文件：res://.godot/imported/hair_15.png-1dd852bf2a0c6e42fce3341283b868b1.ctex[39m[0m
[  45% ] [90m[1msavepack[22m | 保存文件：res://assets/reanim/hair_15.png.import[39m[0m
[  45% ] [90m[1msavepack[22m | 保存文件：res://.godot/imported/hair_15_line.png-2375903f0b3d332efa7270e62df19b3a.ctex[39m[0m
[  45% ] [90m[1msavepack[22m | 保存文件：res://assets/reanim/hair_15_line.png.import[39m[0m
[  45% ] [90m[1msavepack[22m | 保存文件：res://.godot/imported/Hammer.png-c84689f6be86760ee07ee29a7556138b.ctex[39m[0m
[  45% ] [90m[1msavepack[22m | 保存文件：res://assets/reanim/Hammer.png.import[39m[0m
[  45% ] [90m[1msavepack[22m | 保存文件：res://.godot/imported/hammer_1.png-b95f2dec64f0d0b5d67bbaecf09316af.ctex[39m[0m
[  45% ] [90m[1msavepack[22m | 保存文件：res://assets/reanim/hammer_1.png.import[39m[0m
[  45% ] [90m[1msavepack[22m | 保存文件：res://.godot/imported/Hammer_2.png-e97030bb964cda4af52500b7beabb9e1.ctex[39m[0m
[  45% ] [90m[1msavepack[22m | 保存文件：res://assets/reanim/Hammer_2.png.import[39m[0m
[  45% ] [90m[1msavepack[22m | 保存文件：res://.godot/imported/Hammer_3.png-a4e3bd0648f587b815658bfb44a37c16.ctex[39m[0m
[  45% ] [90m[1msavepack[22m | 保存文件：res://assets/reanim/Hammer_3.png.import[39m[0m
[  45% ] [90m[1msavepack[22m | 保存文件：res://.godot/imported/hammer_complete.png-2e384789da7c63d5bae728c1d439ecf7.ctex[39m[0m
[  45% ] [90m[1msavepack[22m | 保存文件：res://assets/reanim/hammer_complete.png.import[39m[0m
[  45% ] [90m[1msavepack[22m | 保存文件：res://.godot/imported/hats_00.png-ceda3af901c12d8605a83c7e62ef06fb.ctex[39m[0m
[  45% ] [90m[1msavepack[22m | 保存文件：res://assets/reanim/hats_00.png.import[39m[0m
[  46% ] [90m[1msavepack[22m | 保存文件：res://.godot/imported/hats_00_line.png-6b453388698988a790416f29cb8e214d.ctex[39m[0m
[  46% ] [90m[1msavepack[22m | 保存文件：res://assets/reanim/hats_00_line.png.import[39m[0m
[  46% ] [90m[1msavepack[22m | 保存文件：res://.godot/imported/hats_01.png-94ba17860d007c8c0a9e64fe744283dd.ctex[39m[0m
[  46% ] [90m[1msavepack[22m | 保存文件：res://assets/reanim/hats_01.png.import[39m[0m
[  46% ] [90m[1msavepack[22m | 保存文件：res://.godot/imported/hats_01_line.png-7619a8671af99596dd94c5ffe266a6a1.ctex[39m[0m
[  46% ] [90m[1msavepack[22m | 保存文件：res://assets/reanim/hats_01_line.png.import[39m[0m
[  46% ] [90m[1msavepack[22m | 保存文件：res://.godot/imported/hats_02.png-5d09a35cca999fbbd60102455710ab22.ctex[39m[0m
[  46% ] [90m[1msavepack[22m | 保存文件：res://assets/reanim/hats_02.png.import[39m[0m
[  46% ] [90m[1msavepack[22m | 保存文件：res://.godot/imported/hats_02_line.png-0c5c421fe35ff50e1f1e11992ddb8b7c.ctex[39m[0m
[  46% ] [90m[1msavepack[22m | 保存文件：res://assets/reanim/hats_02_line.png.import[39m[0m
[  46% ] [90m[1msavepack[22m | 保存文件：res://.godot/imported/hats_03.png-2bd3024b327c750824de9ef8d4b04f8d.ctex[39m[0m
[  46% ] [90m[1msavepack[22m | 保存文件：res://assets/reanim/hats_03.png.import[39m[0m
[  46% ] [90m[1msavepack[22m | 保存文件：res://.godot/imported/hats_03_line.png-6657c189bd4f50ed8f0dd122d6feded0.ctex[39m[0m
[  46% ] [90m[1msavepack[22m | 保存文件：res://assets/reanim/hats_03_line.png.import[39m[0m
[  46% ] [90m[1msavepack[22m | 保存文件：res://.godot/imported/hats_04.png-dc080aa22a1be3641ef0db6fad34ba47.ctex[39m[0m
[  46% ] [90m[1msavepack[22m | 保存文件：res://assets/reanim/hats_04.png.import[39m[0m
[  46% ] [90m[1msavepack[22m | 保存文件：res://.godot/imported/hats_04_line.png-392f2eea22e97361d5b6ff429cd25acb.ctex[39m[0m
[  46% ] [90m[1msavepack[22m | 保存文件：res://assets/reanim/hats_04_line.png.import[39m[0m
[  46% ] [90m[1msavepack[22m | 保存文件：res://.godot/imported/hats_05.png-c625d4c2a1e951bf0fb9a9b6c4e2526e.ctex[39m[0m
[  46% ] [90m[1msavepack[22m | 保存文件：res://assets/reanim/hats_05.png.import[39m[0m
[  46% ] [90m[1msavepack[22m | 保存文件：res://.godot/imported/hats_05_line.png-c25a2d484ea7c21162c75342ada2d38f.ctex[39m[0m
[  46% ] [90m[1msavepack[22m | 保存文件：res://assets/reanim/hats_05_line.png.import[39m[0m
[  46% ] [90m[1msavepack[22m | 保存文件：res://.godot/imported/hats_06.png-8ae1092e5cd513cd901ee193fd2722d3.ctex[39m[0m
[  46% ] [90m[1msavepack[22m | 保存文件：res://assets/reanim/hats_06.png.import[39m[0m
[  46% ] [90m[1msavepack[22m | 保存文件：res://.godot/imported/hats_06_line.png-b2372b7916d50a36e5fd690dcd7d7c21.ctex[39m[0m
[  46% ] [90m[1msavepack[22m | 保存文件：res://assets/reanim/hats_06_line.png.import[39m[0m
[  46% ] [90m[1msavepack[22m | 保存文件：res://.godot/imported/hats_07.png-8eb9f8b1172e05652a78a298f14483fd.ctex[39m[0m
[  46% ] [90m[1msavepack[22m | 保存文件：res://assets/reanim/hats_07.png.import[39m[0m
[  46% ] [90m[1msavepack[22m | 保存文件：res://.godot/imported/hats_07_line.png-5eb23fb6ad08379b6161ef39e8c837e8.ctex[39m[0m
[  46% ] [90m[1msavepack[22m | 保存文件：res://assets/reanim/hats_07_line.png.import[39m[0m
[  46% ] [90m[1msavepack[22m | 保存文件：res://.godot/imported/hats_08.png-2757e9aefe3a3a7afabac0015d6ac85f.ctex[39m[0m
[  46% ] [90m[1msavepack[22m | 保存文件：res://assets/reanim/hats_08.png.import[39m[0m
[  46% ] [90m[1msavepack[22m | 保存文件：res://.godot/imported/hats_08_line.png-2f68bcb2d789ceb3542331756cc38259.ctex[39m[0m
[  46% ] [90m[1msavepack[22m | 保存文件：res://assets/reanim/hats_08_line.png.import[39m[0m
[  46% ] [90m[1msavepack[22m | 保存文件：res://.godot/imported/hats_09.png-b8f5957a0925b2378f13a17094db2c7b.ctex[39m[0m
[  46% ] [90m[1msavepack[22m | 保存文件：res://assets/reanim/hats_09.png.import[39m[0m
[  46% ] [90m[1msavepack[22m | 保存文件：res://.godot/imported/hats_09_line.png-ab5cd2a65a3e2d169b3cccd12a737ea8.ctex[39m[0m
[  46% ] [90m[1msavepack[22m | 保存文件：res://assets/reanim/hats_09_line.png.import[39m[0m
[  46% ] [90m[1msavepack[22m | 保存文件：res://.godot/imported/hats_10.png-f4e30181117c920240b9cabd7b5b3227.ctex[39m[0m
[  46% ] [90m[1msavepack[22m | 保存文件：res://assets/reanim/hats_10.png.import[39m[0m
[  46% ] [90m[1msavepack[22m | 保存文件：res://.godot/imported/hats_10_line.png-159fc95fcbc8eb4e853aeda2b8d49741.ctex[39m[0m
[  46% ] [90m[1msavepack[22m | 保存文件：res://assets/reanim/hats_10_line.png.import[39m[0m
[  46% ] [90m[1msavepack[22m | 保存文件：res://.godot/imported/hats_11.png-1ac92c6d90d3ceb4f384dafd6a131d2f.ctex[39m[0m
[  46% ] [90m[1msavepack[22m | 保存文件：res://assets/reanim/hats_11.png.import[39m[0m
[  46% ] [90m[1msavepack[22m | 保存文件：res://.godot/imported/hats_11_line.png-9b56b0dee5c2f4c0ecc4dcb942205eb9.ctex[39m[0m
[  46% ] [90m[1msavepack[22m | 保存文件：res://assets/reanim/hats_11_line.png.import[39m[0m
[  46% ] [90m[1msavepack[22m | 保存文件：res://.godot/imported/hats_12_line.png-090c46e5cbeffd0757d05b83bfbb1ec7.ctex[39m[0m
[  46% ] [90m[1msavepack[22m | 保存文件：res://assets/reanim/hats_12_line.png.import[39m[0m
[  46% ] [90m[1msavepack[22m | 保存文件：res://.godot/imported/hats_13.png-03095686f6d04546003e119b5d1f5d1d.ctex[39m[0m
[  46% ] [90m[1msavepack[22m | 保存文件：res://assets/reanim/hats_13.png.import[39m[0m
[  46% ] [90m[1msavepack[22m | 保存文件：res://.godot/imported/hats_13_line.png-369c407d9195750d1bca347914655493.ctex[39m[0m
[  46% ] [90m[1msavepack[22m | 保存文件：res://assets/reanim/hats_13_line.png.import[39m[0m
[  46% ] [90m[1msavepack[22m | 保存文件：res://.godot/imported/HypnoShroom_body.png-a2e28273409dcbdecbc001569c84b663.ctex[39m[0m
[  46% ] [90m[1msavepack[22m | 保存文件：res://assets/reanim/HypnoShroom_body.png.import[39m[0m
[  46% ] [90m[1msavepack[22m | 保存文件：res://.godot/imported/HypnoShroom_eye1.png-7fb40c4d232cf5e453069206acb75ba0.ctex[39m[0m
[  46% ] [90m[1msavepack[22m | 保存文件：res://assets/reanim/HypnoShroom_eye1.png.import[39m[0m
[  46% ] [90m[1msavepack[22m | 保存文件：res://.godot/imported/HypnoShroom_eye2.png-f874a8267eac9d97cc2be24c2dbe09bc.ctex[39m[0m
[  46% ] [90m[1msavepack[22m | 保存文件：res://assets/reanim/HypnoShroom_eye2.png.import[39m[0m
[  46% ] [90m[1msavepack[22m | 保存文件：res://.godot/imported/HypnoShroom_head.png-5131029ea7f0c1380c9c5d9ccfd76101.ctex[39m[0m
[  46% ] [90m[1msavepack[22m | 保存文件：res://assets/reanim/HypnoShroom_head.png.import[39m[0m
[  46% ] [90m[1msavepack[22m | 保存文件：res://.godot/imported/HypnoShroom_sleepeye.png-0d1689ee9c40dbe1ce2e662e7baad24a.ctex[39m[0m
[  46% ] [90m[1msavepack[22m | 保存文件：res://assets/reanim/HypnoShroom_sleepeye.png.import[39m[0m
[  46% ] [90m[1msavepack[22m | 保存文件：res://.godot/imported/IceShroom_base.png-c2d5fe945ba4ea0bb6e1b4c17ec6a2bb.ctex[39m[0m
[  46% ] [90m[1msavepack[22m | 保存文件：res://assets/reanim/IceShroom_base.png.import[39m[0m
[  46% ] [90m[1msavepack[22m | 保存文件：res://.godot/imported/IceShroom_blink1.png-a5b8c983f3c2bc401d5485fd93f40d08.ctex[39m[0m
[  46% ] [90m[1msavepack[22m | 保存文件：res://assets/reanim/IceShroom_blink1.png.import[39m[0m
[  46% ] [90m[1msavepack[22m | 保存文件：res://.godot/imported/IceShroom_blink2.png-d5ccf504fcc58826883331e4ad77bfc7.ctex[39m[0m
[  46% ] [90m[1msavepack[22m | 保存文件：res://assets/reanim/IceShroom_blink2.png.import[39m[0m
[  46% ] [90m[1msavepack[22m | 保存文件：res://.godot/imported/IceShroom_body.png-9a92996aeb24df982f6f455184653976.ctex[39m[0m
[  46% ] [90m[1msavepack[22m | 保存文件：res://assets/reanim/IceShroom_body.png.import[39m[0m
[  46% ] [90m[1msavepack[22m | 保存文件：res://.godot/imported/IceShroom_head.png-ea53addc93b46b8ef3db2cb8e909d657.ctex[39m[0m
[  46% ] [90m[1msavepack[22m | 保存文件：res://assets/reanim/IceShroom_head.png.import[39m[0m
[  46% ] [90m[1msavepack[22m | 保存文件：res://.godot/imported/Imitater_blink1.png-6708e957d5f82ba86e632a4475dcaaba.ctex[39m[0m
[  46% ] [90m[1msavepack[22m | 保存文件：res://assets/reanim/Imitater_blink1.png.import[39m[0m
[  47% ] [90m[1msavepack[22m | 保存文件：res://.godot/imported/Imitater_blink2.png-f99e2a6c2973e6de130548b7ad688052.ctex[39m[0m
[  47% ] [90m[1msavepack[22m | 保存文件：res://assets/reanim/Imitater_blink2.png.import[39m[0m
[  47% ] [90m[1msavepack[22m | 保存文件：res://.godot/imported/Imitater_body.png-295bc23655c5b45831efd8cfbff25422.ctex[39m[0m
[  47% ] [90m[1msavepack[22m | 保存文件：res://assets/reanim/Imitater_body.png.import[39m[0m
[  47% ] [90m[1msavepack[22m | 保存文件：res://.godot/imported/Imitater_eyebrow.png-93e39baf1cf24e66d824312cd1c81f67.ctex[39m[0m
[  47% ] [90m[1msavepack[22m | 保存文件：res://assets/reanim/Imitater_eyebrow.png.import[39m[0m
[  47% ] [90m[1msavepack[22m | 保存文件：res://.godot/imported/Imitater_hat.png-774f403c15c8eb7abedef3add8dad0df.ctex[39m[0m
[  47% ] [90m[1msavepack[22m | 保存文件：res://assets/reanim/Imitater_hat.png.import[39m[0m
[  47% ] [90m[1msavepack[22m | 保存文件：res://.godot/imported/Imitater_root1.png-3ceae4a8a9d2b3715a148bf0c7cd65bf.ctex[39m[0m
[  47% ] [90m[1msavepack[22m | 保存文件：res://assets/reanim/Imitater_root1.png.import[39m[0m
[  47% ] [90m[1msavepack[22m | 保存文件：res://.godot/imported/Imitater_root2.png-38fb60f4bb71e543c27c77afeb04e603.ctex[39m[0m
[  47% ] [90m[1msavepack[22m | 保存文件：res://assets/reanim/Imitater_root2.png.import[39m[0m
[  47% ] [90m[1msavepack[22m | 保存文件：res://.godot/imported/Imitater_root3.png-bcb9ef8800c522355c481cec0e38b00b.ctex[39m[0m
[  47% ] [90m[1msavepack[22m | 保存文件：res://assets/reanim/Imitater_root3.png.import[39m[0m
[  47% ] [90m[1msavepack[22m | 保存文件：res://.godot/imported/Imitater_root4.png-44e6dc9ba38ef61732f89016a2e1ee2b.ctex[39m[0m
[  47% ] [90m[1msavepack[22m | 保存文件：res://assets/reanim/Imitater_root4.png.import[39m[0m
[  47% ] [90m[1msavepack[22m | 保存文件：res://.godot/imported/Imitater_spin1.png-e8f1914be185e87d6d125f4573e2b93e.ctex[39m[0m
[  47% ] [90m[1msavepack[22m | 保存文件：res://assets/reanim/Imitater_spin1.png.import[39m[0m
[  47% ] [90m[1msavepack[22m | 保存文件：res://.godot/imported/Imitater_spin2.png-48f2967a0f47d96902e95d5d35b26f18.ctex[39m[0m
[  47% ] [90m[1msavepack[22m | 保存文件：res://assets/reanim/Imitater_spin2.png.import[39m[0m
[  47% ] [90m[1msavepack[22m | 保存文件：res://.godot/imported/Imitater_spin3.png-01bb787d3dbcf10db6a8c6c9a52088db.ctex[39m[0m
[  47% ] [90m[1msavepack[22m | 保存文件：res://assets/reanim/Imitater_spin3.png.import[39m[0m
[  47% ] [90m[1msavepack[22m | 保存文件：res://.godot/imported/Imitater_spin4.png-55921d5f4271c385d699b92805e05102.ctex[39m[0m
[  47% ] [90m[1msavepack[22m | 保存文件：res://assets/reanim/Imitater_spin4.png.import[39m[0m
[  47% ] [90m[1msavepack[22m | 保存文件：res://.godot/imported/Imitater_spin5.png-ae4690d1f1be18ecc78a1a7a20c91dfc.ctex[39m[0m
[  47% ] [90m[1msavepack[22m | 保存文件：res://assets/reanim/Imitater_spin5.png.import[39m[0m
[  47% ] [90m[1msavepack[22m | 保存文件：res://.godot/imported/Imitater_spin6.png-33fb00aefb4b6ef77e13036191df37c9.ctex[39m[0m
[  47% ] [90m[1msavepack[22m | 保存文件：res://assets/reanim/Imitater_spin6.png.import[39m[0m
[  47% ] [90m[1msavepack[22m | 保存文件：res://.godot/imported/Jalapeno_body2.png-80b06d855145636d2633ad2c2dc7dac9.ctex[39m[0m
[  47% ] [90m[1msavepack[22m | 保存文件：res://assets/reanim/Jalapeno_body2.png.import[39m[0m
[  47% ] [90m[1msavepack[22m | 保存文件：res://.godot/imported/Jalapeno_body.png-8801a548953912dd44d10a8cc81aabb0.ctex[39m[0m
[  47% ] [90m[1msavepack[22m | 保存文件：res://assets/reanim/Jalapeno_body.png.import[39m[0m
[  47% ] [90m[1msavepack[22m | 保存文件：res://.godot/imported/Jalapeno_cheek.png-5f65a7eda14937a71daeeaabecf5be7d.ctex[39m[0m
[  47% ] [90m[1msavepack[22m | 保存文件：res://assets/reanim/Jalapeno_cheek.png.import[39m[0m
[  47% ] [90m[1msavepack[22m | 保存文件：res://.godot/imported/Jalapeno_eye1.png-dfbff5208d9e1032d6b3e85139eb9dae.ctex[39m[0m
[  47% ] [90m[1msavepack[22m | 保存文件：res://assets/reanim/Jalapeno_eye1.png.import[39m[0m
[  47% ] [90m[1msavepack[22m | 保存文件：res://.godot/imported/Jalapeno_eye2.png-fdffee6fcc2c9ba289e75e80563e94ed.ctex[39m[0m
[  47% ] [90m[1msavepack[22m | 保存文件：res://assets/reanim/Jalapeno_eye2.png.import[39m[0m
[  47% ] [90m[1msavepack[22m | 保存文件：res://.godot/imported/Jalapeno_eyebrow1.png-49d6188b5cf09d618071c747b2daad5f.ctex[39m[0m
[  47% ] [90m[1msavepack[22m | 保存文件：res://assets/reanim/Jalapeno_eyebrow1.png.import[39m[0m
[  47% ] [90m[1msavepack[22m | 保存文件：res://.godot/imported/Jalapeno_eyebrow2.png-b81f7d353341b082a1108e74f407884e.ctex[39m[0m
[  47% ] [90m[1msavepack[22m | 保存文件：res://assets/reanim/Jalapeno_eyebrow2.png.import[39m[0m
[  47% ] [90m[1msavepack[22m | 保存文件：res://.godot/imported/Jalapeno_mouth.png-7fb1002609536bf312479ddcfde67d26.ctex[39m[0m
[  47% ] [90m[1msavepack[22m | 保存文件：res://assets/reanim/Jalapeno_mouth.png.import[39m[0m
[  47% ] [90m[1msavepack[22m | 保存文件：res://.godot/imported/Jalapeno_stem.png-e72b4194bd6df08ebec1a4be72f33ae2.ctex[39m[0m
[  47% ] [90m[1msavepack[22m | 保存文件：res://assets/reanim/Jalapeno_stem.png.import[39m[0m
[  47% ] [90m[1msavepack[22m | 保存文件：res://.godot/imported/LawnMower_body.png-76fdbbc76601a9977e4d991c8c7d3bb6.ctex[39m[0m
[  47% ] [90m[1msavepack[22m | 保存文件：res://assets/reanim/LawnMower_body.png.import[39m[0m
[  47% ] [90m[1msavepack[22m | 保存文件：res://.godot/imported/LawnMower_body_tricked.png-f29086490e57de4b98aaf77c077e304c.ctex[39m[0m
[  47% ] [90m[1msavepack[22m | 保存文件：res://assets/reanim/LawnMower_body_tricked.png.import[39m[0m
[  47% ] [90m[1msavepack[22m | 保存文件：res://.godot/imported/LawnMower_dice_tricked.png-eb60b96c3278d4152b1d04e59cd6751d.ctex[39m[0m
[  47% ] [90m[1msavepack[22m | 保存文件：res://assets/reanim/LawnMower_dice_tricked.png.import[39m[0m
[  47% ] [90m[1msavepack[22m | 保存文件：res://.godot/imported/LawnMower_engine.png-a3bc497ace181167b4f9b53e07ca4d42.ctex[39m[0m
[  47% ] [90m[1msavepack[22m | 保存文件：res://assets/reanim/LawnMower_engine.png.import[39m[0m
[  47% ] [90m[1msavepack[22m | 保存文件：res://.godot/imported/LawnMower_engine_tricked.png-42dcf2842df5de740b7d0956627328be.ctex[39m[0m
[  47% ] [90m[1msavepack[22m | 保存文件：res://assets/reanim/LawnMower_engine_tricked.png.import[39m[0m
[  47% ] [90m[1msavepack[22m | 保存文件：res://.godot/imported/LawnMower_exhaust.png-108b923a28581e81f826710e1d0b2011.ctex[39m[0m
[  47% ] [90m[1msavepack[22m | 保存文件：res://assets/reanim/LawnMower_exhaust.png.import[39m[0m
[  47% ] [90m[1msavepack[22m | 保存文件：res://.godot/imported/LawnMower_exhaust_tricked.png-09ff1d8dbaf3ce065108b74c3b14a64d.ctex[39m[0m
[  47% ] [90m[1msavepack[22m | 保存文件：res://assets/reanim/LawnMower_exhaust_tricked.png.import[39m[0m
[  47% ] [90m[1msavepack[22m | 保存文件：res://.godot/imported/LawnMower_pull.png-8aaac770b165651c080c44fe3c46821e.ctex[39m[0m
[  47% ] [90m[1msavepack[22m | 保存文件：res://assets/reanim/LawnMower_pull.png.import[39m[0m
[  47% ] [90m[1msavepack[22m | 保存文件：res://.godot/imported/LawnMower_wheel1.png-0ebe5ee76a1af2d5fd454bf7fd5a8485.ctex[39m[0m
[  47% ] [90m[1msavepack[22m | 保存文件：res://assets/reanim/LawnMower_wheel1.png.import[39m[0m
[  47% ] [90m[1msavepack[22m | 保存文件：res://.godot/imported/LawnMower_wheel2.png-22dc141400ccb37c31b11e76826016cf.ctex[39m[0m
[  47% ] [90m[1msavepack[22m | 保存文件：res://assets/reanim/LawnMower_wheel2.png.import[39m[0m
[  47% ] [90m[1msavepack[22m | 保存文件：res://.godot/imported/LawnMower_wheelpiece.png-14553538dc235f1d7d4fd87a0cba06bc.ctex[39m[0m
[  47% ] [90m[1msavepack[22m | 保存文件：res://assets/reanim/LawnMower_wheelpiece.png.import[39m[0m
[  47% ] [90m[1msavepack[22m | 保存文件：res://.godot/imported/LawnMower_wheelshine.png-484a07f1ff1b2b7e5a41439aa1f93c83.ctex[39m[0m
[  47% ] [90m[1msavepack[22m | 保存文件：res://assets/reanim/LawnMower_wheelshine.png.import[39m[0m
[  47% ] [90m[1msavepack[22m | 保存文件：res://.godot/imported/leaf1.png-eac8f5f9c2aed2028ffcd5ec661700df.ctex[39m[0m
[  47% ] [90m[1msavepack[22m | 保存文件：res://assets/reanim/leaf1.png.import[39m[0m
[  47% ] [90m[1msavepack[22m | 保存文件：res://.godot/imported/leaf2.png-ca7ed74e6213ccee8f67f11332d51eee.ctex[39m[0m
[  47% ] [90m[1msavepack[22m | 保存文件：res://assets/reanim/leaf2.png.import[39m[0m
[  47% ] [90m[1msavepack[22m | 保存文件：res://.godot/imported/leaf3.png-1abe51a19f596cb039beb390990680d1.ctex[39m[0m
[  47% ] [90m[1msavepack[22m | 保存文件：res://assets/reanim/leaf3.png.import[39m[0m
[  48% ] [90m[1msavepack[22m | 保存文件：res://.godot/imported/leaf4.png-ed9c0796f44abfa0b880c7e04fe21069.ctex[39m[0m
[  48% ] [90m[1msavepack[22m | 保存文件：res://assets/reanim/leaf4.png.import[39m[0m
[  48% ] [90m[1msavepack[22m | 保存文件：res://.godot/imported/leafbunch1.png-c047af79fdd9014e682265a70734e932.ctex[39m[0m
[  48% ] [90m[1msavepack[22m | 保存文件：res://assets/reanim/leafbunch1.png.import[39m[0m
[  48% ] [90m[1msavepack[22m | 保存文件：res://.godot/imported/leafbunch2.png-74a3911de0876dc7c40b1528befb43f6.ctex[39m[0m
[  48% ] [90m[1msavepack[22m | 保存文件：res://assets/reanim/leafbunch2.png.import[39m[0m
[  48% ] [90m[1msavepack[22m | 保存文件：res://.godot/imported/leafbunch3.png-8bda51927368138c4b98c0e688ed2d1f.ctex[39m[0m
[  48% ] [90m[1msavepack[22m | 保存文件：res://assets/reanim/leafbunch3.png.import[39m[0m
[  48% ] [90m[1msavepack[22m | 保存文件：res://.godot/imported/LilyPad_blink1.png-56333a4064c0f015a5fa3208527d977d.ctex[39m[0m
[  48% ] [90m[1msavepack[22m | 保存文件：res://assets/reanim/LilyPad_blink1.png.import[39m[0m
[  48% ] [90m[1msavepack[22m | 保存文件：res://.godot/imported/LilyPad_blink2.png-a0541733c56f69fa58ce556236db69e9.ctex[39m[0m
[  48% ] [90m[1msavepack[22m | 保存文件：res://assets/reanim/LilyPad_blink2.png.import[39m[0m
[  48% ] [90m[1msavepack[22m | 保存文件：res://.godot/imported/LilyPad_body.png-dd315d08b8c8294ea9deb67b16162871.ctex[39m[0m
[  48% ] [90m[1msavepack[22m | 保存文件：res://assets/reanim/LilyPad_body.png.import[39m[0m
[  48% ] [90m[1msavepack[22m | 保存文件：res://.godot/imported/Magnetshroom_dot.png-36cf6694209cfdc4d6be5f037000b69e.ctex[39m[0m
[  48% ] [90m[1msavepack[22m | 保存文件：res://assets/reanim/Magnetshroom_dot.png.import[39m[0m
[  48% ] [90m[1msavepack[22m | 保存文件：res://.godot/imported/Magnetshroom_eye1.png-648311f9c0e390ac67a485c121dce481.ctex[39m[0m
[  48% ] [90m[1msavepack[22m | 保存文件：res://assets/reanim/Magnetshroom_eye1.png.import[39m[0m
[  48% ] [90m[1msavepack[22m | 保存文件：res://.godot/imported/Magnetshroom_eye2.png-5c93b325672e586791c8fbc5218bda03.ctex[39m[0m
[  48% ] [90m[1msavepack[22m | 保存文件：res://assets/reanim/Magnetshroom_eye2.png.import[39m[0m
[  48% ] [90m[1msavepack[22m | 保存文件：res://.godot/imported/Magnetshroom_eye3.png-042d9edeceda5aa4fad0c745757c9772.ctex[39m[0m
[  48% ] [90m[1msavepack[22m | 保存文件：res://assets/reanim/Magnetshroom_eye3.png.import[39m[0m
[  48% ] [90m[1msavepack[22m | 保存文件：res://.godot/imported/Magnetshroom_eyeblink1.png-0703257942c149623f2828d1b68263e1.ctex[39m[0m
[  48% ] [90m[1msavepack[22m | 保存文件：res://assets/reanim/Magnetshroom_eyeblink1.png.import[39m[0m
[  48% ] [90m[1msavepack[22m | 保存文件：res://.godot/imported/Magnetshroom_eyeblink2.png-8d5f8fa98762f26c1c5461d24fb506b3.ctex[39m[0m
[  48% ] [90m[1msavepack[22m | 保存文件：res://assets/reanim/Magnetshroom_eyeblink2.png.import[39m[0m
[  48% ] [90m[1msavepack[22m | 保存文件：res://.godot/imported/Magnetshroom_eyeblink3.png-d747fa14d8c7976fd9064046bfa1e5e8.ctex[39m[0m
[  48% ] [90m[1msavepack[22m | 保存文件：res://assets/reanim/Magnetshroom_eyeblink3.png.import[39m[0m
[  48% ] [90m[1msavepack[22m | 保存文件：res://.godot/imported/Magnetshroom_eyeblink4.png-d4a048c5c8499b335af0b717ed5ca29a.ctex[39m[0m
[  48% ] [90m[1msavepack[22m | 保存文件：res://assets/reanim/Magnetshroom_eyeblink4.png.import[39m[0m
[  48% ] [90m[1msavepack[22m | 保存文件：res://.godot/imported/Magnetshroom_eyebrow.png-c2b396c3a2ef56884eabf36d5ba7058b.ctex[39m[0m
[  48% ] [90m[1msavepack[22m | 保存文件：res://assets/reanim/Magnetshroom_eyebrow.png.import[39m[0m
[  48% ] [90m[1msavepack[22m | 保存文件：res://.godot/imported/Magnetshroom_head1.png-4ca276e5c76e83f9bd4d746bd52b4598.ctex[39m[0m
[  48% ] [90m[1msavepack[22m | 保存文件：res://assets/reanim/Magnetshroom_head1.png.import[39m[0m
[  48% ] [90m[1msavepack[22m | 保存文件：res://.godot/imported/Magnetshroom_head2.png-b2bccda454f7c4b9c4b022ac173e5497.ctex[39m[0m
[  48% ] [90m[1msavepack[22m | 保存文件：res://assets/reanim/Magnetshroom_head2.png.import[39m[0m
[  48% ] [90m[1msavepack[22m | 保存文件：res://.godot/imported/Magnetshroom_head3.png-472f5d2d81a2d27fce461e7548a32cbc.ctex[39m[0m
[  48% ] [90m[1msavepack[22m | 保存文件：res://assets/reanim/Magnetshroom_head3.png.import[39m[0m
[  48% ] [90m[1msavepack[22m | 保存文件：res://.godot/imported/Magnetshroom_head4.png-86c587a2e29fbe4725a1d05b9f790125.ctex[39m[0m
[  48% ] [90m[1msavepack[22m | 保存文件：res://assets/reanim/Magnetshroom_head4.png.import[39m[0m
[  48% ] [90m[1msavepack[22m | 保存文件：res://.godot/imported/Magnetshroom_idle_electric1.png-0aac599e372c8d90ad17dee84a80434e.ctex[39m[0m
[  48% ] [90m[1msavepack[22m | 保存文件：res://assets/reanim/Magnetshroom_idle_electric1.png.import[39m[0m
[  48% ] [90m[1msavepack[22m | 保存文件：res://.godot/imported/Magnetshroom_idle_electric2.png-72368edef2aa8b92e2bfcde8afab1abe.ctex[39m[0m
[  48% ] [90m[1msavepack[22m | 保存文件：res://assets/reanim/Magnetshroom_idle_electric2.png.import[39m[0m
[  48% ] [90m[1msavepack[22m | 保存文件：res://.godot/imported/Magnetshroom_idle_electric3.png-fa5e0b9afe8990e940d223944d360259.ctex[39m[0m
[  48% ] [90m[1msavepack[22m | 保存文件：res://assets/reanim/Magnetshroom_idle_electric3.png.import[39m[0m
[  48% ] [90m[1msavepack[22m | 保存文件：res://.godot/imported/Magnetshroom_shock1.png-72aecae95cdbab88907ab3741843172c.ctex[39m[0m
[  48% ] [90m[1msavepack[22m | 保存文件：res://assets/reanim/Magnetshroom_shock1.png.import[39m[0m
[  48% ] [90m[1msavepack[22m | 保存文件：res://.godot/imported/Magnetshroom_shock2.png-77f458552e942c13258cb851697bb18f.ctex[39m[0m
[  48% ] [90m[1msavepack[22m | 保存文件：res://assets/reanim/Magnetshroom_shock2.png.import[39m[0m
[  48% ] [90m[1msavepack[22m | 保存文件：res://.godot/imported/Magnetshroom_shock3.png-fa94d95691361c91a559cade24873e2e.ctex[39m[0m
[  48% ] [90m[1msavepack[22m | 保存文件：res://assets/reanim/Magnetshroom_shock3.png.import[39m[0m
[  48% ] [90m[1msavepack[22m | 保存文件：res://.godot/imported/Magnetshroom_spark.png-3eddde890a09001fa732a7933243c6c0.ctex[39m[0m
[  48% ] [90m[1msavepack[22m | 保存文件：res://assets/reanim/Magnetshroom_spark.png.import[39m[0m
[  48% ] [90m[1msavepack[22m | 保存文件：res://.godot/imported/Magnetshroom_stem.png-0b4c49eafa7a6d7aad6d77dedbb5dd49.ctex[39m[0m
[  48% ] [90m[1msavepack[22m | 保存文件：res://assets/reanim/Magnetshroom_stem.png.import[39m[0m
[  48% ] [90m[1msavepack[22m | 保存文件：res://.godot/imported/Magnetshroom_stemcap.png-3a1153497e7225ed5469ae703bb4aa04.ctex[39m[0m
[  48% ] [90m[1msavepack[22m | 保存文件：res://assets/reanim/Magnetshroom_stemcap.png.import[39m[0m
[  48% ] [90m[1msavepack[22m | 保存文件：res://.godot/imported/Magnetshroom_stemcap_overlay.png-631bfff3a5bf00847e8eea584bd73129.ctex[39m[0m
[  48% ] [90m[1msavepack[22m | 保存文件：res://assets/reanim/Magnetshroom_stemcap_overlay.png.import[39m[0m
[  48% ] [90m[1msavepack[22m | 保存文件：res://.godot/imported/Marigold_blink1.png-3df39145238dd9e4c7b3c6c06d2c512c.ctex[39m[0m
[  48% ] [90m[1msavepack[22m | 保存文件：res://assets/reanim/Marigold_blink1.png.import[39m[0m
[  48% ] [90m[1msavepack[22m | 保存文件：res://.godot/imported/Marigold_blink2.png-cd7e7c824771bd9466049676e8fb8ce5.ctex[39m[0m
[  48% ] [90m[1msavepack[22m | 保存文件：res://assets/reanim/Marigold_blink2.png.import[39m[0m
[  48% ] [90m[1msavepack[22m | 保存文件：res://.godot/imported/Marigold_eyebrow1.png-2f9d984ed9ef6ebbe5b13e7017ffc712.ctex[39m[0m
[  48% ] [90m[1msavepack[22m | 保存文件：res://assets/reanim/Marigold_eyebrow1.png.import[39m[0m
[  48% ] [90m[1msavepack[22m | 保存文件：res://.godot/imported/Marigold_eyebrow2.png-f67c9c895ea68f328d4e21a5012c5a1a.ctex[39m[0m
[  48% ] [90m[1msavepack[22m | 保存文件：res://assets/reanim/Marigold_eyebrow2.png.import[39m[0m
[  48% ] [90m[1msavepack[22m | 保存文件：res://.godot/imported/Marigold_head.png-4b560fa2179f6acd7ab5b0fbf4e93563.ctex[39m[0m
[  48% ] [90m[1msavepack[22m | 保存文件：res://assets/reanim/Marigold_head.png.import[39m[0m
[  48% ] [90m[1msavepack[22m | 保存文件：res://.godot/imported/Marigold_mouth.png-0a70004ea1a92eea48fb137aab9ff2e3.ctex[39m[0m
[  48% ] [90m[1msavepack[22m | 保存文件：res://assets/reanim/Marigold_mouth.png.import[39m[0m
[  48% ] [90m[1msavepack[22m | 保存文件：res://.godot/imported/Marigold_petals.png-a90a6d08a86a44e8043030fa71156399.ctex[39m[0m
[  48% ] [90m[1msavepack[22m | 保存文件：res://assets/reanim/Marigold_petals.png.import[39m[0m
[  48% ] [90m[1msavepack[22m | 保存文件：res://.godot/imported/Melonpult_blink1.png-715bc146ac57059be58d66236a195a1d.ctex[39m[0m
[  48% ] [90m[1msavepack[22m | 保存文件：res://assets/reanim/Melonpult_blink1.png.import[39m[0m
[  49% ] [90m[1msavepack[22m | 保存文件：res://.godot/imported/Melonpult_blink2.png-4628e0c6433dffd2826589e0e7d8f691.ctex[39m[0m
[  49% ] [90m[1msavepack[22m | 保存文件：res://assets/reanim/Melonpult_blink2.png.import[39m[0m
[  49% ] [90m[1msavepack[22m | 保存文件：res://.godot/imported/Melonpult_body.png-e1dc776cf3736e7eb14bee5286376dd7.ctex[39m[0m
[  49% ] [90m[1msavepack[22m | 保存文件：res://assets/reanim/Melonpult_body.png.import[39m[0m
[  49% ] [90m[1msavepack[22m | 保存文件：res://.godot/imported/Melonpult_eyebrow.png-f4888113ad57a6aefc9c4fb52d4ee11c.ctex[39m[0m
[  49% ] [90m[1msavepack[22m | 保存文件：res://assets/reanim/Melonpult_eyebrow.png.import[39m[0m
[  49% ] [90m[1msavepack[22m | 保存文件：res://.godot/imported/Melonpult_melon.png-eb3b0147d4b9b8f67188cf5e353d78e0.ctex[39m[0m
[  49% ] [90m[1msavepack[22m | 保存文件：res://assets/reanim/Melonpult_melon.png.import[39m[0m
[  49% ] [90m[1msavepack[22m | 保存文件：res://.godot/imported/Melonpult_stalk.png-62bf6e5f365b0e8ec4fa1974314794ea.ctex[39m[0m
[  49% ] [90m[1msavepack[22m | 保存文件：res://assets/reanim/Melonpult_stalk.png.import[39m[0m
[  49% ] [90m[1msavepack[22m | 保存文件：res://.godot/imported/PeaShooter_backleaf.png-88b6273f0d05d828d5deed596eaa9ab0.ctex[39m[0m
[  49% ] [90m[1msavepack[22m | 保存文件：res://assets/reanim/PeaShooter_backleaf.png.import[39m[0m
[  49% ] [90m[1msavepack[22m | 保存文件：res://.godot/imported/PeaShooter_backleaf_lefttip.png-001324d3a897acc688c28a29d26d4602.ctex[39m[0m
[  49% ] [90m[1msavepack[22m | 保存文件：res://assets/reanim/PeaShooter_backleaf_lefttip.png.import[39m[0m
[  49% ] [90m[1msavepack[22m | 保存文件：res://.godot/imported/PeaShooter_backleaf_righttip.png-0c5fef4b1cb3301a4386eddb55d32349.ctex[39m[0m
[  49% ] [90m[1msavepack[22m | 保存文件：res://assets/reanim/PeaShooter_backleaf_righttip.png.import[39m[0m
[  49% ] [90m[1msavepack[22m | 保存文件：res://.godot/imported/PeaShooter_blink1.png-45a5ec34f46dce585ad73f750396bb8e.ctex[39m[0m
[  49% ] [90m[1msavepack[22m | 保存文件：res://assets/reanim/PeaShooter_blink1.png.import[39m[0m
[  49% ] [90m[1msavepack[22m | 保存文件：res://.godot/imported/PeaShooter_blink2.png-df21ed370e2893abb630a9adc6510715.ctex[39m[0m
[  49% ] [90m[1msavepack[22m | 保存文件：res://assets/reanim/PeaShooter_blink2.png.import[39m[0m
[  49% ] [90m[1msavepack[22m | 保存文件：res://.godot/imported/PeaShooter_eyebrow.png-f8273c87206e10e37698155a5cee72f5.ctex[39m[0m
[  49% ] [90m[1msavepack[22m | 保存文件：res://assets/reanim/PeaShooter_eyebrow.png.import[39m[0m
[  49% ] [90m[1msavepack[22m | 保存文件：res://.godot/imported/PeaShooter_frontleaf.png-344e438010db7dc736493496fd1b31d9.ctex[39m[0m
[  49% ] [90m[1msavepack[22m | 保存文件：res://assets/reanim/PeaShooter_frontleaf.png.import[39m[0m
[  49% ] [90m[1msavepack[22m | 保存文件：res://.godot/imported/PeaShooter_frontleaf_lefttip.png-5c327352a776dc43c499524c2dbdef69.ctex[39m[0m
[  49% ] [90m[1msavepack[22m | 保存文件：res://assets/reanim/PeaShooter_frontleaf_lefttip.png.import[39m[0m
[  49% ] [90m[1msavepack[22m | 保存文件：res://.godot/imported/PeaShooter_frontleaf_righttip.png-7ce231c94f5ce5b2cefa02649b8760a6.ctex[39m[0m
[  49% ] [90m[1msavepack[22m | 保存文件：res://assets/reanim/PeaShooter_frontleaf_righttip.png.import[39m[0m
[  49% ] [90m[1msavepack[22m | 保存文件：res://.godot/imported/PeaShooter_Head.png-6a09dcdf90db7325a9b2c538b038825f.ctex[39m[0m
[  49% ] [90m[1msavepack[22m | 保存文件：res://assets/reanim/PeaShooter_Head.png.import[39m[0m
[  49% ] [90m[1msavepack[22m | 保存文件：res://.godot/imported/PeaShooter_headleaf_2rdfarthest.png-3eb387545d209904faf2e88ee8eb3393.ctex[39m[0m
[  49% ] [90m[1msavepack[22m | 保存文件：res://assets/reanim/PeaShooter_headleaf_2rdfarthest.png.import[39m[0m
[  49% ] [90m[1msavepack[22m | 保存文件：res://.godot/imported/PeaShooter_headleaf_3rdfarthest.png-c2ffe159f90f967d30ef435fb46dbeb1.ctex[39m[0m
[  49% ] [90m[1msavepack[22m | 保存文件：res://assets/reanim/PeaShooter_headleaf_3rdfarthest.png.import[39m[0m
[  49% ] [90m[1msavepack[22m | 保存文件：res://.godot/imported/PeaShooter_headleaf_farthest.png-b243c90d6dbabd2dab86a31ad2558cb2.ctex[39m[0m
[  49% ] [90m[1msavepack[22m | 保存文件：res://assets/reanim/PeaShooter_headleaf_farthest.png.import[39m[0m
[  49% ] [90m[1msavepack[22m | 保存文件：res://.godot/imported/PeaShooter_headleaf_nearest.png-33bcd9b9e2d6959e27474291b246d8b3.ctex[39m[0m
[  49% ] [90m[1msavepack[22m | 保存文件：res://assets/reanim/PeaShooter_headleaf_nearest.png.import[39m[0m
[  49% ] [90m[1msavepack[22m | 保存文件：res://.godot/imported/PeaShooter_headleaf_tip_bottom.png-8275391c4a1eb7f9337353e2e619450b.ctex[39m[0m
[  49% ] [90m[1msavepack[22m | 保存文件：res://assets/reanim/PeaShooter_headleaf_tip_bottom.png.import[39m[0m
[  49% ] [90m[1msavepack[22m | 保存文件：res://.godot/imported/PeaShooter_headleaf_tip_top.png-fa0aab9d55dd7299641782f615ce0b4f.ctex[39m[0m
[  49% ] [90m[1msavepack[22m | 保存文件：res://assets/reanim/PeaShooter_headleaf_tip_top.png.import[39m[0m
[  49% ] [90m[1msavepack[22m | 保存文件：res://.godot/imported/PeaShooter_Lips.png-0da4bb3f6e1c6259feb1a2c06ee55b85.ctex[39m[0m
[  49% ] [90m[1msavepack[22m | 保存文件：res://assets/reanim/PeaShooter_Lips.png.import[39m[0m
[  49% ] [90m[1msavepack[22m | 保存文件：res://.godot/imported/PeaShooter_mouth.png-5cfc0252e793de6f1322602b2e546266.ctex[39m[0m
[  49% ] [90m[1msavepack[22m | 保存文件：res://assets/reanim/PeaShooter_mouth.png.import[39m[0m
[  49% ] [90m[1msavepack[22m | 保存文件：res://.godot/imported/PeaShooter_sprout.png-f86061999f025d7d0e145c249ffa5618.ctex[39m[0m
[  49% ] [90m[1msavepack[22m | 保存文件：res://assets/reanim/PeaShooter_sprout.png.import[39m[0m
[  49% ] [90m[1msavepack[22m | 保存文件：res://.godot/imported/PeaShooter_stalk_bottom.png-7b08f3629fe0934054afc08c6e18023f.ctex[39m[0m
[  49% ] [90m[1msavepack[22m | 保存文件：res://assets/reanim/PeaShooter_stalk_bottom.png.import[39m[0m
[  49% ] [90m[1msavepack[22m | 保存文件：res://.godot/imported/PeaShooter_stalk_top.png-0f783a9c16f67e13d9b75739cc9b7650.ctex[39m[0m
[  49% ] [90m[1msavepack[22m | 保存文件：res://assets/reanim/PeaShooter_stalk_top.png.import[39m[0m
[  49% ] [90m[1msavepack[22m | 保存文件：res://.godot/imported/Plantern_body.png-544960619b42e57d61e4402ca6f42efb.ctex[39m[0m
[  49% ] [90m[1msavepack[22m | 保存文件：res://assets/reanim/Plantern_body.png.import[39m[0m
[  49% ] [90m[1msavepack[22m | 保存文件：res://.godot/imported/Plantern_eyes2.png-1906d308a8558b296687c56e31115b7a.ctex[39m[0m
[  49% ] [90m[1msavepack[22m | 保存文件：res://assets/reanim/Plantern_eyes2.png.import[39m[0m
[  49% ] [90m[1msavepack[22m | 保存文件：res://.godot/imported/Plantern_eyes.png-6a667fa8fe386e0dc1cfe1907ebb235f.ctex[39m[0m
[  49% ] [90m[1msavepack[22m | 保存文件：res://assets/reanim/Plantern_eyes.png.import[39m[0m
[  49% ] [90m[1msavepack[22m | 保存文件：res://.godot/imported/Plantern_leaf1.png-5c4f9476a6b2cd4026967c1b404c9644.ctex[39m[0m
[  49% ] [90m[1msavepack[22m | 保存文件：res://assets/reanim/Plantern_leaf1.png.import[39m[0m
[  49% ] [90m[1msavepack[22m | 保存文件：res://.godot/imported/Plantern_leaf2.png-366ed8f4af4da772ebd3a08aa1b60606.ctex[39m[0m
[  49% ] [90m[1msavepack[22m | 保存文件：res://assets/reanim/Plantern_leaf2.png.import[39m[0m
[  49% ] [90m[1msavepack[22m | 保存文件：res://.godot/imported/Plantern_leaf3.png-e7fa61d5cf8b986a9f0939d9392280fc.ctex[39m[0m
[  49% ] [90m[1msavepack[22m | 保存文件：res://assets/reanim/Plantern_leaf3.png.import[39m[0m
[  49% ] [90m[1msavepack[22m | 保存文件：res://.godot/imported/Plantern_leaf4.png-134bb38863762fc1ca7fae366e7487cb.ctex[39m[0m
[  49% ] [90m[1msavepack[22m | 保存文件：res://assets/reanim/Plantern_leaf4.png.import[39m[0m
[  49% ] [90m[1msavepack[22m | 保存文件：res://.godot/imported/Plantern_leaf5.png-eefade159dfaa3298c03b4584189b019.ctex[39m[0m
[  49% ] [90m[1msavepack[22m | 保存文件：res://assets/reanim/Plantern_leaf5.png.import[39m[0m
[  49% ] [90m[1msavepack[22m | 保存文件：res://.godot/imported/Plantern_stem.png-9ab8a58f8898da1e01d292060ef44a73.ctex[39m[0m
[  49% ] [90m[1msavepack[22m | 保存文件：res://assets/reanim/Plantern_stem.png.import[39m[0m
[  49% ] [90m[1msavepack[22m | 保存文件：res://.godot/imported/PoolCleaner_2.png-18b26ba90de3e4a2171b07e626c06c5a.ctex[39m[0m
[  49% ] [90m[1msavepack[22m | 保存文件：res://assets/reanim/PoolCleaner_2.png.import[39m[0m
[  49% ] [90m[1msavepack[22m | 保存文件：res://.godot/imported/PoolCleaner_body1.png-71b6107e01f543c98321d16347389bc4.ctex[39m[0m
[  49% ] [90m[1msavepack[22m | 保存文件：res://assets/reanim/PoolCleaner_body1.png.import[39m[0m
[  50% ] [90m[1msavepack[22m | 保存文件：res://.godot/imported/PoolCleaner_body2.png-77e7178ca1450f3ce0134197a2fff421.ctex[39m[0m
[  50% ] [90m[1msavepack[22m | 保存文件：res://assets/reanim/PoolCleaner_body2.png.import[39m[0m
[  50% ] [90m[1msavepack[22m | 保存文件：res://.godot/imported/PoolCleaner_bubble.png-8187f40892e46c5156f17b63483fd06b.ctex[39m[0m
[  50% ] [90m[1msavepack[22m | 保存文件：res://assets/reanim/PoolCleaner_bubble.png.import[39m[0m
[  50% ] [90m[1msavepack[22m | 保存文件：res://.godot/imported/PoolCleaner_funnel.png-ecc27507d6865e924129f43dd429de94.ctex[39m[0m
[  50% ] [90m[1msavepack[22m | 保存文件：res://assets/reanim/PoolCleaner_funnel.png.import[39m[0m
[  50% ] [90m[1msavepack[22m | 保存文件：res://.godot/imported/PoolCleaner_funnel_overlay.png-aed2c804611e11801791bb7d9dcd07ea.ctex[39m[0m
[  50% ] [90m[1msavepack[22m | 保存文件：res://assets/reanim/PoolCleaner_funnel_overlay.png.import[39m[0m
[  50% ] [90m[1msavepack[22m | 保存文件：res://.godot/imported/PoolCleaner_tube.png-4e70c746280173578cff442c39181323.ctex[39m[0m
[  50% ] [90m[1msavepack[22m | 保存文件：res://assets/reanim/PoolCleaner_tube.png.import[39m[0m
[  50% ] [90m[1msavepack[22m | 保存文件：res://.godot/imported/PoolCleaner_tubeend.png-751ca9b4ecd0f546b062caf3f200b7c1.ctex[39m[0m
[  50% ] [90m[1msavepack[22m | 保存文件：res://assets/reanim/PoolCleaner_tubeend.png.import[39m[0m
[  50% ] [90m[1msavepack[22m | 保存文件：res://.godot/imported/PoolCleaner_wheel.png-3ca89e155b5e5d7dddb39be5442e4b95.ctex[39m[0m
[  50% ] [90m[1msavepack[22m | 保存文件：res://assets/reanim/PoolCleaner_wheel.png.import[39m[0m
[  50% ] [90m[1msavepack[22m | 保存文件：res://.godot/imported/PoolCleaner_whitewater1.png-2beda9fa9fbf04764cf3ff3c61a874aa.ctex[39m[0m
[  50% ] [90m[1msavepack[22m | 保存文件：res://assets/reanim/PoolCleaner_whitewater1.png.import[39m[0m
[  50% ] [90m[1msavepack[22m | 保存文件：res://.godot/imported/PoolCleaner_whitewater2.png-00131de45a382a651394a29e462f6f51.ctex[39m[0m
[  50% ] [90m[1msavepack[22m | 保存文件：res://assets/reanim/PoolCleaner_whitewater2.png.import[39m[0m
[  50% ] [90m[1msavepack[22m | 保存文件：res://.godot/imported/PoolCleaner_whitewater3.png-e59e70a68b0404e31f88a10ca2945f4c.ctex[39m[0m
[  50% ] [90m[1msavepack[22m | 保存文件：res://assets/reanim/PoolCleaner_whitewater3.png.import[39m[0m
[  50% ] [90m[1msavepack[22m | 保存文件：res://.godot/imported/Portal_Circle_center.png-896944647356792dbdd23b0db566933c.ctex[39m[0m
[  50% ] [90m[1msavepack[22m | 保存文件：res://assets/reanim/Portal_Circle_center.png.import[39m[0m
[  50% ] [90m[1msavepack[22m | 保存文件：res://.godot/imported/Portal_Circle_glow.png-1a11111dba937081ae73c40e17241f90.ctex[39m[0m
[  50% ] [90m[1msavepack[22m | 保存文件：res://assets/reanim/Portal_Circle_glow.png.import[39m[0m
[  50% ] [90m[1msavepack[22m | 保存文件：res://.godot/imported/Portal_Circle_outer.png-bc82424b9c4dfaf188fd7506bfb5a64d.ctex[39m[0m
[  50% ] [90m[1msavepack[22m | 保存文件：res://assets/reanim/Portal_Circle_outer.png.import[39m[0m
[  50% ] [90m[1msavepack[22m | 保存文件：res://.godot/imported/Portal_Square_center.png-982e6e2b401f4bc3dd6a3c5d9a4168a5.ctex[39m[0m
[  50% ] [90m[1msavepack[22m | 保存文件：res://assets/reanim/Portal_Square_center.png.import[39m[0m
[  50% ] [90m[1msavepack[22m | 保存文件：res://.godot/imported/Portal_Square_glow.png-6592a293018d4d41c1ba12838b299db2.ctex[39m[0m
[  50% ] [90m[1msavepack[22m | 保存文件：res://assets/reanim/Portal_Square_glow.png.import[39m[0m
[  50% ] [90m[1msavepack[22m | 保存文件：res://.godot/imported/PotatoMine_blink1.png-b23db3eec62b07ffa2c3aa9e0eee0add.ctex[39m[0m
[  50% ] [90m[1msavepack[22m | 保存文件：res://assets/reanim/PotatoMine_blink1.png.import[39m[0m
[  50% ] [90m[1msavepack[22m | 保存文件：res://.godot/imported/PotatoMine_blink2.png-57b94d781a9d351aa69c02378d900eac.ctex[39m[0m
[  50% ] [90m[1msavepack[22m | 保存文件：res://assets/reanim/PotatoMine_blink2.png.import[39m[0m
[  50% ] [90m[1msavepack[22m | 保存文件：res://.godot/imported/PotatoMine_body.png-1a41e6034d86db500451ed0a8140ff5c.ctex[39m[0m
[  50% ] [90m[1msavepack[22m | 保存文件：res://assets/reanim/PotatoMine_body.png.import[39m[0m
[  50% ] [90m[1msavepack[22m | 保存文件：res://.godot/imported/PotatoMine_eyes.png-7b65ca4f2543ffee1fb9585a81150eb4.ctex[39m[0m
[  50% ] [90m[1msavepack[22m | 保存文件：res://assets/reanim/PotatoMine_eyes.png.import[39m[0m
[  50% ] [90m[1msavepack[22m | 保存文件：res://.godot/imported/PotatoMine_light1.png-a48bdfe277c8c2025ef49711f8ebbfe9.ctex[39m[0m
[  50% ] [90m[1msavepack[22m | 保存文件：res://assets/reanim/PotatoMine_light1.png.import[39m[0m
[  50% ] [90m[1msavepack[22m | 保存文件：res://.godot/imported/PotatoMine_light2.png-299cad44833849748440a01d82c511e6.ctex[39m[0m
[  50% ] [90m[1msavepack[22m | 保存文件：res://assets/reanim/PotatoMine_light2.png.import[39m[0m
[  50% ] [90m[1msavepack[22m | 保存文件：res://.godot/imported/PotatoMine_mashed.png-cfb4e61ffa5303cad7ee70845177ad84.ctex[39m[0m
[  50% ] [90m[1msavepack[22m | 保存文件：res://assets/reanim/PotatoMine_mashed.png.import[39m[0m
[  50% ] [90m[1msavepack[22m | 保存文件：res://.godot/imported/PotatoMine_rock1.png-317e981a46a050e6aa783431b1bc7848.ctex[39m[0m
[  50% ] [90m[1msavepack[22m | 保存文件：res://assets/reanim/PotatoMine_rock1.png.import[39m[0m
[  50% ] [90m[1msavepack[22m | 保存文件：res://.godot/imported/PotatoMine_rock2.png-88100e1ae981111139b3bf102d0815f8.ctex[39m[0m
[  50% ] [90m[1msavepack[22m | 保存文件：res://assets/reanim/PotatoMine_rock2.png.import[39m[0m
[  50% ] [90m[1msavepack[22m | 保存文件：res://.godot/imported/PotatoMine_rock3.png-555b8f1769715563f10c8382248e5cc2.ctex[39m[0m
[  50% ] [90m[1msavepack[22m | 保存文件：res://assets/reanim/PotatoMine_rock3.png.import[39m[0m
[  50% ] [90m[1msavepack[22m | 保存文件：res://.godot/imported/PotatoMine_rock4.png-70a64b89f40dd4f8bb2230c899f7b085.ctex[39m[0m
[  50% ] [90m[1msavepack[22m | 保存文件：res://assets/reanim/PotatoMine_rock4.png.import[39m[0m
[  50% ] [90m[1msavepack[22m | 保存文件：res://.godot/imported/PotatoMine_rock5.png-2e1f40cd1f8f355e588ccfb765e06f01.ctex[39m[0m
[  50% ] [90m[1msavepack[22m | 保存文件：res://assets/reanim/PotatoMine_rock5.png.import[39m[0m
[  50% ] [90m[1msavepack[22m | 保存文件：res://.godot/imported/PotatoMine_rock6.png-3bc099efc099b0f538926f6d26cea15d.ctex[39m[0m
[  50% ] [90m[1msavepack[22m | 保存文件：res://assets/reanim/PotatoMine_rock6.png.import[39m[0m
[  50% ] [90m[1msavepack[22m | 保存文件：res://.godot/imported/PotatoMine_stem.png-1930b329fb37c1f3782aca2070598c3b.ctex[39m[0m
[  50% ] [90m[1msavepack[22m | 保存文件：res://assets/reanim/PotatoMine_stem.png.import[39m[0m
[  50% ] [90m[1msavepack[22m | 保存文件：res://.godot/imported/Pot_bottom2.png-c96dad95b42fe2bbd8f936603d27e30e.ctex[39m[0m
[  50% ] [90m[1msavepack[22m | 保存文件：res://assets/reanim/Pot_bottom2.png.import[39m[0m
[  50% ] [90m[1msavepack[22m | 保存文件：res://.godot/imported/Pot_bottom.png-0b91710adc69434f181df18ea6abf5ca.ctex[39m[0m
[  50% ] [90m[1msavepack[22m | 保存文件：res://assets/reanim/Pot_bottom.png.import[39m[0m
[  50% ] [90m[1msavepack[22m | 保存文件：res://.godot/imported/Pot_glow.png-a9e9c069d4c9cdcd280f62860a634203.ctex[39m[0m
[  50% ] [90m[1msavepack[22m | 保存文件：res://assets/reanim/Pot_glow.png.import[39m[0m
[  50% ] [90m[1msavepack[22m | 保存文件：res://.godot/imported/Pot_leaf1.png-30797814b3cc478466f05682b9c5940b.ctex[39m[0m
[  50% ] [90m[1msavepack[22m | 保存文件：res://assets/reanim/Pot_leaf1.png.import[39m[0m
[  50% ] [90m[1msavepack[22m | 保存文件：res://.godot/imported/Pot_leaf2.png-db4f5ae4a8581eaf081cb707cc6d18e6.ctex[39m[0m
[  50% ] [90m[1msavepack[22m | 保存文件：res://assets/reanim/Pot_leaf2.png.import[39m[0m
[  50% ] [90m[1msavepack[22m | 保存文件：res://.godot/imported/Pot_shadow.png-1ce16f1439b6a0a338ecfcfe7a32df71.ctex[39m[0m
[  50% ] [90m[1msavepack[22m | 保存文件：res://assets/reanim/Pot_shadow.png.import[39m[0m
[  50% ] [90m[1msavepack[22m | 保存文件：res://.godot/imported/Pot_stem.png-f0bcd6bdce83efe623b66db751c58ee0.ctex[39m[0m
[  50% ] [90m[1msavepack[22m | 保存文件：res://assets/reanim/Pot_stem.png.import[39m[0m
[  50% ] [90m[1msavepack[22m | 保存文件：res://.godot/imported/Pot_top.png-5e26ddd2a1368d0ffa86bd8a524f92f7.ctex[39m[0m
[  50% ] [90m[1msavepack[22m | 保存文件：res://assets/reanim/Pot_top.png.import[39m[0m
[  50% ] [90m[1msavepack[22m | 保存文件：res://.godot/imported/Pot_top_dark.png-4fc1ccb2e36a4a904310d24e95936592.ctex[39m[0m
[  50% ] [90m[1msavepack[22m | 保存文件：res://assets/reanim/Pot_top_dark.png.import[39m[0m
[  51% ] [90m[1msavepack[22m | 保存文件：res://.godot/imported/Pot_water_base.png-ccf9152de9563418d4b90be8493428e1.ctex[39m[0m
[  51% ] [90m[1msavepack[22m | 保存文件：res://assets/reanim/Pot_water_base.png.import[39m[0m
[  51% ] [90m[1msavepack[22m | 保存文件：res://.godot/imported/Pot_water_top.png-aaa6014ef01df84dc0b73b75383d2c12.ctex[39m[0m
[  51% ] [90m[1msavepack[22m | 保存文件：res://assets/reanim/Pot_water_top.png.import[39m[0m
[  51% ] [90m[1msavepack[22m | 保存文件：res://.godot/imported/Pot_water_top_glow.png-addc9dca7d1408873e4a3daf4332832a.ctex[39m[0m
[  51% ] [90m[1msavepack[22m | 保存文件：res://assets/reanim/Pot_water_top_glow.png.import[39m[0m
[  51% ] [90m[1msavepack[22m | 保存文件：res://.godot/imported/PuffShroom_blink1.png-e4e882849c6025279173a17ed1b47562.ctex[39m[0m
[  51% ] [90m[1msavepack[22m | 保存文件：res://assets/reanim/PuffShroom_blink1.png.import[39m[0m
[  51% ] [90m[1msavepack[22m | 保存文件：res://.godot/imported/PuffShroom_blink2.png-3bf2ce9c927490d9053fffda364aa202.ctex[39m[0m
[  51% ] [90m[1msavepack[22m | 保存文件：res://assets/reanim/PuffShroom_blink2.png.import[39m[0m
[  51% ] [90m[1msavepack[22m | 保存文件：res://.godot/imported/PuffShroom_body.png-d56bb0c010ea7a51b4d6945e4ab6e92a.ctex[39m[0m
[  51% ] [90m[1msavepack[22m | 保存文件：res://assets/reanim/PuffShroom_body.png.import[39m[0m
[  51% ] [90m[1msavepack[22m | 保存文件：res://.godot/imported/PuffShroom_head.png-09aaf01f42cf68a00023a48722780d08.ctex[39m[0m
[  51% ] [90m[1msavepack[22m | 保存文件：res://assets/reanim/PuffShroom_head.png.import[39m[0m
[  51% ] [90m[1msavepack[22m | 保存文件：res://.godot/imported/PuffShroom_stem.png-e9d32ed13fa4bd1f67010d3165a1c1e4.ctex[39m[0m
[  51% ] [90m[1msavepack[22m | 保存文件：res://assets/reanim/PuffShroom_stem.png.import[39m[0m
[  51% ] [90m[1msavepack[22m | 保存文件：res://.godot/imported/PuffShroom_tip.png-feca66f83cf0b003f13c9999fef1010e.ctex[39m[0m
[  51% ] [90m[1msavepack[22m | 保存文件：res://assets/reanim/PuffShroom_tip.png.import[39m[0m
[  51% ] [90m[1msavepack[22m | 保存文件：res://.godot/imported/puff_1.png-e1d5ca121463057112c2aacb8feabe92.ctex[39m[0m
[  51% ] [90m[1msavepack[22m | 保存文件：res://assets/reanim/puff_1.png.import[39m[0m
[  51% ] [90m[1msavepack[22m | 保存文件：res://.godot/imported/puff_2.png-1596f9d89e2cd7e9b56d1539d00da5ce.ctex[39m[0m
[  51% ] [90m[1msavepack[22m | 保存文件：res://assets/reanim/puff_2.png.import[39m[0m
[  51% ] [90m[1msavepack[22m | 保存文件：res://.godot/imported/puff_3.png-a9864222c50f62238c1b8e2276a6f896.ctex[39m[0m
[  51% ] [90m[1msavepack[22m | 保存文件：res://assets/reanim/puff_3.png.import[39m[0m
[  51% ] [90m[1msavepack[22m | 保存文件：res://.godot/imported/puff_4.png-d52f63ba65569911aa4117c06a007a46.ctex[39m[0m
[  51% ] [90m[1msavepack[22m | 保存文件：res://assets/reanim/puff_4.png.import[39m[0m
[  51% ] [90m[1msavepack[22m | 保存文件：res://.godot/imported/puff_5.png-ebc0429b59746bc8fdcca35cbb95cfac.ctex[39m[0m
[  51% ] [90m[1msavepack[22m | 保存文件：res://assets/reanim/puff_5.png.import[39m[0m
[  51% ] [90m[1msavepack[22m | 保存文件：res://.godot/imported/puff_6.png-567f06c025a5ccf5a241b2c818eebc0b.ctex[39m[0m
[  51% ] [90m[1msavepack[22m | 保存文件：res://assets/reanim/puff_6.png.import[39m[0m
[  51% ] [90m[1msavepack[22m | 保存文件：res://.godot/imported/puff_7.png-e7f2e6c1c7556f7546f20a75da305ac2.ctex[39m[0m
[  51% ] [90m[1msavepack[22m | 保存文件：res://assets/reanim/puff_7.png.import[39m[0m
[  51% ] [90m[1msavepack[22m | 保存文件：res://.godot/imported/Pumpkin_back.png-1ffebb32ae2c99a9b5e0f29b9ca27937.ctex[39m[0m
[  51% ] [90m[1msavepack[22m | 保存文件：res://assets/reanim/Pumpkin_back.png.import[39m[0m
[  51% ] [90m[1msavepack[22m | 保存文件：res://.godot/imported/pumpkin_damage1.png-8377d60052063f0bb64c7ac07c589fb9.ctex[39m[0m
[  51% ] [90m[1msavepack[22m | 保存文件：res://assets/reanim/pumpkin_damage1.png.import[39m[0m
[  51% ] [90m[1msavepack[22m | 保存文件：res://.godot/imported/Pumpkin_damage2.png-8cd18f001bdc17d6437ee8aade686703.ctex[39m[0m
[  51% ] [90m[1msavepack[22m | 保存文件：res://assets/reanim/Pumpkin_damage2.png.import[39m[0m
[  51% ] [90m[1msavepack[22m | 保存文件：res://.godot/imported/Pumpkin_damage3.png-bcfacca93d8cd9e0b9ad34e71426039d.ctex[39m[0m
[  51% ] [90m[1msavepack[22m | 保存文件：res://assets/reanim/Pumpkin_damage3.png.import[39m[0m
[  51% ] [90m[1msavepack[22m | 保存文件：res://.godot/imported/Pumpkin_front.png-b897ff480b8226cdf3384ad56c76891e.ctex[39m[0m
[  51% ] [90m[1msavepack[22m | 保存文件：res://assets/reanim/Pumpkin_front.png.import[39m[0m
[  51% ] [90m[1msavepack[22m | 保存文件：res://.godot/imported/Rain_circle.png-9832369b3a5e4fe2d50bbabe06f2102d.ctex[39m[0m
[  51% ] [90m[1msavepack[22m | 保存文件：res://assets/reanim/Rain_circle.png.import[39m[0m
[  51% ] [90m[1msavepack[22m | 保存文件：res://.godot/imported/Rain_splash1.png-55e6439541360f3b610047f17d2c653f.ctex[39m[0m
[  51% ] [90m[1msavepack[22m | 保存文件：res://assets/reanim/Rain_splash1.png.import[39m[0m
[  51% ] [90m[1msavepack[22m | 保存文件：res://.godot/imported/Rain_splash2.png-8d3bf67e969ad798d8ed5b4e8ddf6042.ctex[39m[0m
[  51% ] [90m[1msavepack[22m | 保存文件：res://assets/reanim/Rain_splash2.png.import[39m[0m
[  51% ] [90m[1msavepack[22m | 保存文件：res://.godot/imported/Rain_splash3.png-7b2af92ff69dddffafed29c66f5b57e5.ctex[39m[0m
[  51% ] [90m[1msavepack[22m | 保存文件：res://assets/reanim/Rain_splash3.png.import[39m[0m
[  51% ] [90m[1msavepack[22m | 保存文件：res://.godot/imported/Rain_splash4.png-5a5df204968a31de48641eed8aa8f15c.ctex[39m[0m
[  51% ] [90m[1msavepack[22m | 保存文件：res://assets/reanim/Rain_splash4.png.import[39m[0m
[  51% ] [90m[1msavepack[22m | 保存文件：res://.godot/imported/rake1.png-eccdce691dd6f6dc7839a9ee9b5c8c27.ctex[39m[0m
[  51% ] [90m[1msavepack[22m | 保存文件：res://assets/reanim/rake1.png.import[39m[0m
[  51% ] [90m[1msavepack[22m | 保存文件：res://.godot/imported/rake2.png-2ce237666335fbdb8b7509a0571f2a2e.ctex[39m[0m
[  51% ] [90m[1msavepack[22m | 保存文件：res://assets/reanim/rake2.png.import[39m[0m
[  51% ] [90m[1msavepack[22m | 保存文件：res://.godot/imported/rake_handle.png-fb5457c798b5e8512c163e1505f0599b.ctex[39m[0m
[  51% ] [90m[1msavepack[22m | 保存文件：res://assets/reanim/rake_handle.png.import[39m[0m
[  51% ] [90m[1msavepack[22m | 保存文件：res://.godot/imported/RoofCleaner_body1.png-a82fff04351b4f3beafed7227a03cc71.ctex[39m[0m
[  51% ] [90m[1msavepack[22m | 保存文件：res://assets/reanim/RoofCleaner_body1.png.import[39m[0m
[  51% ] [90m[1msavepack[22m | 保存文件：res://.godot/imported/RoofCleaner_body2.png-9b71804d801b55fc353a65cb425c0ae9.ctex[39m[0m
[  51% ] [90m[1msavepack[22m | 保存文件：res://assets/reanim/RoofCleaner_body2.png.import[39m[0m
[  51% ] [90m[1msavepack[22m | 保存文件：res://.godot/imported/RoofCleaner_body3.png-927ec93dd28ccc0824f5267cdee9b24f.ctex[39m[0m
[  51% ] [90m[1msavepack[22m | 保存文件：res://assets/reanim/RoofCleaner_body3.png.import[39m[0m
[  51% ] [90m[1msavepack[22m | 保存文件：res://.godot/imported/RoofCleaner_body4.png-2bfdeabb2fa644c70a60514f62d69e47.ctex[39m[0m
[  51% ] [90m[1msavepack[22m | 保存文件：res://assets/reanim/RoofCleaner_body4.png.import[39m[0m
[  51% ] [90m[1msavepack[22m | 保存文件：res://.godot/imported/RoofCleaner_brush1.png-11a36e5085d89444b114beac1e3f6a3e.ctex[39m[0m
[  51% ] [90m[1msavepack[22m | 保存文件：res://assets/reanim/RoofCleaner_brush1.png.import[39m[0m
[  51% ] [90m[1msavepack[22m | 保存文件：res://.godot/imported/RoofCleaner_brush2.png-97f9704d07d809866e2f843a2b626128.ctex[39m[0m
[  51% ] [90m[1msavepack[22m | 保存文件：res://assets/reanim/RoofCleaner_brush2.png.import[39m[0m
[  51% ] [90m[1msavepack[22m | 保存文件：res://.godot/imported/RoofCleaner_brush3.png-3494953445994d87fa86579bc7f1b82f.ctex[39m[0m
[  51% ] [90m[1msavepack[22m | 保存文件：res://assets/reanim/RoofCleaner_brush3.png.import[39m[0m
[  51% ] [90m[1msavepack[22m | 保存文件：res://.godot/imported/RoofCleaner_brush4.png-cd952f01a99b2509e2c3779545a5c500.ctex[39m[0m
[  51% ] [90m[1msavepack[22m | 保存文件：res://assets/reanim/RoofCleaner_brush4.png.import[39m[0m
[  51% ] [90m[1msavepack[22m | 保存文件：res://.godot/imported/RoofCleaner_brush5.png-0ba4de4368bf235e85b4fd7027781974.ctex[39m[0m
[  51% ] [90m[1msavepack[22m | 保存文件：res://assets/reanim/RoofCleaner_brush5.png.import[39m[0m
[  52% ] [90m[1msavepack[22m | 保存文件：res://.godot/imported/RoofCleaner_hubcap.png-f4a58c0343c2697753ad3730a3eac753.ctex[39m[0m
[  52% ] [90m[1msavepack[22m | 保存文件：res://assets/reanim/RoofCleaner_hubcap.png.import[39m[0m
[  52% ] [90m[1msavepack[22m | 保存文件：res://.godot/imported/RoofCleaner_wheel.png-925902204906f4cf7057b45783281070.ctex[39m[0m
[  52% ] [90m[1msavepack[22m | 保存文件：res://assets/reanim/RoofCleaner_wheel.png.import[39m[0m
[  52% ] [90m[1msavepack[22m | 保存文件：res://.godot/imported/ScaredyShroom_eye1.png-07ffe33e749937ad217f0a9556a3ab1c.ctex[39m[0m
[  52% ] [90m[1msavepack[22m | 保存文件：res://assets/reanim/ScaredyShroom_eye1.png.import[39m[0m
[  52% ] [90m[1msavepack[22m | 保存文件：res://.godot/imported/ScaredyShroom_eye2.png-3d5f49eb55417a272e2ed53c58aafae1.ctex[39m[0m
[  52% ] [90m[1msavepack[22m | 保存文件：res://assets/reanim/ScaredyShroom_eye2.png.import[39m[0m
[  52% ] [90m[1msavepack[22m | 保存文件：res://.godot/imported/ScaredyShroom_eyebrow1.png-2f545a393704d9509bc137911ab7f246.ctex[39m[0m
[  52% ] [90m[1msavepack[22m | 保存文件：res://assets/reanim/ScaredyShroom_eyebrow1.png.import[39m[0m
[  52% ] [90m[1msavepack[22m | 保存文件：res://.godot/imported/ScaredyShroom_eyebrow2.png-b391a2829da99651bada71d5755f5fc2.ctex[39m[0m
[  52% ] [90m[1msavepack[22m | 保存文件：res://assets/reanim/ScaredyShroom_eyebrow2.png.import[39m[0m
[  52% ] [90m[1msavepack[22m | 保存文件：res://.godot/imported/ScaredyShroom_eye_big.png-2220220292eb8132cc93cd708816b8dc.ctex[39m[0m
[  52% ] [90m[1msavepack[22m | 保存文件：res://assets/reanim/ScaredyShroom_eye_big.png.import[39m[0m
[  52% ] [90m[1msavepack[22m | 保存文件：res://.godot/imported/ScaredyShroom_head2.png-e16ac311fb0187da7bc35e72fea68126.ctex[39m[0m
[  52% ] [90m[1msavepack[22m | 保存文件：res://assets/reanim/ScaredyShroom_head2.png.import[39m[0m
[  52% ] [90m[1msavepack[22m | 保存文件：res://.godot/imported/ScaredyShroom_head.png-a24cdbffea0fcaf17f5d70b97743a644.ctex[39m[0m
[  52% ] [90m[1msavepack[22m | 保存文件：res://assets/reanim/ScaredyShroom_head.png.import[39m[0m
[  52% ] [90m[1msavepack[22m | 保存文件：res://.godot/imported/ScaredyShroom_head_inner.png-e14a2c814fc9adbb77755a06f7dd2350.ctex[39m[0m
[  52% ] [90m[1msavepack[22m | 保存文件：res://assets/reanim/ScaredyShroom_head_inner.png.import[39m[0m
[  52% ] [90m[1msavepack[22m | 保存文件：res://.godot/imported/ScaredyShroom_lips.png-7b3516678047fdf018b99fc08fc4fc69.ctex[39m[0m
[  52% ] [90m[1msavepack[22m | 保存文件：res://assets/reanim/ScaredyShroom_lips.png.import[39m[0m
[  52% ] [90m[1msavepack[22m | 保存文件：res://.godot/imported/ScaredyShroom_mouth.png-d3f37bbdcbc66a3ee644e2aa06edf69c.ctex[39m[0m
[  52% ] [90m[1msavepack[22m | 保存文件：res://assets/reanim/ScaredyShroom_mouth.png.import[39m[0m
[  52% ] [90m[1msavepack[22m | 保存文件：res://.godot/imported/ScaredyShroom_stem.png-e2c5f979c941e0ec32131fc7be5e6ac7.ctex[39m[0m
[  52% ] [90m[1msavepack[22m | 保存文件：res://assets/reanim/ScaredyShroom_stem.png.import[39m[0m
[  52% ] [90m[1msavepack[22m | 保存文件：res://.godot/imported/ScaredyShroom_sweat.png-6c6794ad33977dc8909700f9a35b6321.ctex[39m[0m
[  52% ] [90m[1msavepack[22m | 保存文件：res://assets/reanim/ScaredyShroom_sweat.png.import[39m[0m
[  52% ] [90m[1msavepack[22m | 保存文件：res://.godot/imported/SeaShroom_blink1.png-e3ea0ed019d3fc01ba918733e7de0311.ctex[39m[0m
[  52% ] [90m[1msavepack[22m | 保存文件：res://assets/reanim/SeaShroom_blink1.png.import[39m[0m
[  52% ] [90m[1msavepack[22m | 保存文件：res://.godot/imported/SeaShroom_blink2.png-4d80ca8f19525c35eb0458585137f26b.ctex[39m[0m
[  52% ] [90m[1msavepack[22m | 保存文件：res://assets/reanim/SeaShroom_blink2.png.import[39m[0m
[  52% ] [90m[1msavepack[22m | 保存文件：res://.godot/imported/SeaShroom_body.png-ab18fbd729b4de18585b3884ede497a3.ctex[39m[0m
[  52% ] [90m[1msavepack[22m | 保存文件：res://assets/reanim/SeaShroom_body.png.import[39m[0m
[  52% ] [90m[1msavepack[22m | 保存文件：res://.godot/imported/SeaShroom_eyes.png-4fe53eed3256c81440ce758478f55557.ctex[39m[0m
[  52% ] [90m[1msavepack[22m | 保存文件：res://assets/reanim/SeaShroom_eyes.png.import[39m[0m
[  52% ] [90m[1msavepack[22m | 保存文件：res://.godot/imported/SeaShroom_foam.png-84958722c1fb353e76b6fee004cd27cf.ctex[39m[0m
[  52% ] [90m[1msavepack[22m | 保存文件：res://assets/reanim/SeaShroom_foam.png.import[39m[0m
[  52% ] [90m[1msavepack[22m | 保存文件：res://.godot/imported/SeaShroom_head.png-d5e402b6a1b32aee42feeb6e9dbb480e.ctex[39m[0m
[  52% ] [90m[1msavepack[22m | 保存文件：res://assets/reanim/SeaShroom_head.png.import[39m[0m
[  52% ] [90m[1msavepack[22m | 保存文件：res://.godot/imported/SeaShroom_lips.png-66ea71952b26f995707b2d8dc09016ab.ctex[39m[0m
[  52% ] [90m[1msavepack[22m | 保存文件：res://assets/reanim/SeaShroom_lips.png.import[39m[0m
[  52% ] [90m[1msavepack[22m | 保存文件：res://.godot/imported/SeaShroom_mouth.png-72fa610bd1079fb61054b66c74f59267.ctex[39m[0m
[  52% ] [90m[1msavepack[22m | 保存文件：res://assets/reanim/SeaShroom_mouth.png.import[39m[0m
[  52% ] [90m[1msavepack[22m | 保存文件：res://.godot/imported/SeaShroom_tentacles.png-f03b951342500cbc3e4a2892f5daed30.ctex[39m[0m
[  52% ] [90m[1msavepack[22m | 保存文件：res://assets/reanim/SeaShroom_tentacles.png.import[39m[0m
[  52% ] [90m[1msavepack[22m | 保存文件：res://.godot/imported/SeaShroom_tentacles_zengarden.png-cde2467b8603aaf3a78f7a0507bb0233.ctex[39m[0m
[  52% ] [90m[1msavepack[22m | 保存文件：res://assets/reanim/SeaShroom_tentacles_zengarden.png.import[39m[0m
[  52% ] [90m[1msavepack[22m | 保存文件：res://.godot/imported/SelectorScreen_Adventure_button.png-6b822b2f06ef1262b2d8534dda22e75c.ctex[39m[0m
[  52% ] [90m[1msavepack[22m | 保存文件：res://assets/reanim/SelectorScreen_Adventure_button.png.import[39m[0m
[  52% ] [90m[1msavepack[22m | 保存文件：res://.godot/imported/SelectorScreen_Adventure_highlight.png-1e85470ba2ae8b9d317af6daacc6ef87.ctex[39m[0m
[  52% ] [90m[1msavepack[22m | 保存文件：res://assets/reanim/SelectorScreen_Adventure_highlight.png.import[39m[0m
[  52% ] [90m[1msavepack[22m | 保存文件：res://.godot/imported/SelectorScreen_almanac_key_shadow.png-67d9f826a667533317d8304e9181d3f9.ctex[39m[0m
[  52% ] [90m[1msavepack[22m | 保存文件：res://assets/reanim/SelectorScreen_almanac_key_shadow.png.import[39m[0m
[  52% ] [90m[1msavepack[22m | 保存文件：res://.godot/imported/SelectorScreen_almanac_shadow.png-f5a3386caa2e7a76a1527f51878a5bdf.ctex[39m[0m
[  52% ] [90m[1msavepack[22m | 保存文件：res://assets/reanim/SelectorScreen_almanac_shadow.png.import[39m[0m
[  52% ] [90m[1msavepack[22m | 保存文件：res://.godot/imported/SelectorScreen_BG.jpg-64a64ca0a0d0a1aa1ef5cbecd3d51d79.ctex[39m[0m
[  52% ] [90m[1msavepack[22m | 保存文件：res://assets/reanim/SelectorScreen_BG.jpg.import[39m[0m
[  52% ] [90m[1msavepack[22m | 保存文件：res://.godot/imported/SelectorScreen_BG_Center.jpg-090e5409564c60a5661c212c51a65155.ctex[39m[0m
[  52% ] [90m[1msavepack[22m | 保存文件：res://assets/reanim/SelectorScreen_BG_Center.jpg.import[39m[0m
[  52% ] [90m[1msavepack[22m | 保存文件：res://.godot/imported/SelectorScreen_BG_Center_.png-cf1a4114560c6a5c77ac30f1948ca286.ctex[39m[0m
[  52% ] [90m[1msavepack[22m | 保存文件：res://assets/reanim/SelectorScreen_BG_Center_.png.import[39m[0m
[  52% ] [90m[1msavepack[22m | 保存文件：res://.godot/imported/SelectorScreen_BG_Left.jpg-431fb59de0524bdc76476f73ca8a1ede.ctex[39m[0m
[  52% ] [90m[1msavepack[22m | 保存文件：res://assets/reanim/SelectorScreen_BG_Left.jpg.import[39m[0m
[  52% ] [90m[1msavepack[22m | 保存文件：res://.godot/imported/SelectorScreen_BG_Left_.png-dfedb5279f208b94758c361a93caf239.ctex[39m[0m
[  52% ] [90m[1msavepack[22m | 保存文件：res://assets/reanim/SelectorScreen_BG_Left_.png.import[39m[0m
[  52% ] [90m[1msavepack[22m | 保存文件：res://.godot/imported/SelectorScreen_BG_Right.jpg-e219e2fb92659f6b151ce03191979e62.ctex[39m[0m
[  52% ] [90m[1msavepack[22m | 保存文件：res://assets/reanim/SelectorScreen_BG_Right.jpg.import[39m[0m
[  52% ] [90m[1msavepack[22m | 保存文件：res://.godot/imported/SelectorScreen_BG_Right_.png-eb9b03563d456706e90e11b63159f6ac.ctex[39m[0m
[  52% ] [90m[1msavepack[22m | 保存文件：res://assets/reanim/SelectorScreen_BG_Right_.png.import[39m[0m
[  52% ] [90m[1msavepack[22m | 保存文件：res://.godot/imported/SelectorScreen_Challenges_button.png-aff43327be49567e865821189150fdbf.ctex[39m[0m
[  52% ] [90m[1msavepack[22m | 保存文件：res://assets/reanim/SelectorScreen_Challenges_button.png.import[39m[0m
[  52% ] [90m[1msavepack[22m | 保存文件：res://.godot/imported/SelectorScreen_Challenges_highlight.png-5fe7bacdfae06b69da0376e283859fcb.ctex[39m[0m
[  52% ] [90m[1msavepack[22m | 保存文件：res://assets/reanim/SelectorScreen_Challenges_highlight.png.import[39m[0m
[  52% ] [90m[1msavepack[22m | 保存文件：res://.godot/imported/SelectorScreen_Cloud1.png-567ab9edcf9c30e1492a015c67525ad1.ctex[39m[0m
[  52% ] [90m[1msavepack[22m | 保存文件：res://assets/reanim/SelectorScreen_Cloud1.png.import[39m[0m
[  53% ] [90m[1msavepack[22m | 保存文件：res://.godot/imported/SelectorScreen_Cloud2.png-21d1127d0d9b31c0259c09f285d5c23d.ctex[39m[0m
[  53% ] [90m[1msavepack[22m | 保存文件：res://assets/reanim/SelectorScreen_Cloud2.png.import[39m[0m
[  53% ] [90m[1msavepack[22m | 保存文件：res://.godot/imported/SelectorScreen_Cloud4.png-74676c44cc492433eaeda921d2c0b08c.ctex[39m[0m
[  53% ] [90m[1msavepack[22m | 保存文件：res://assets/reanim/SelectorScreen_Cloud4.png.import[39m[0m
[  53% ] [90m[1msavepack[22m | 保存文件：res://.godot/imported/SelectorScreen_Cloud5.png-08c2cc11f84a3ef9511ee83bb8f3f207.ctex[39m[0m
[  53% ] [90m[1msavepack[22m | 保存文件：res://assets/reanim/SelectorScreen_Cloud5.png.import[39m[0m
[  53% ] [90m[1msavepack[22m | 保存文件：res://.godot/imported/SelectorScreen_Cloud6.png-f7c31f65d7ae4f4652ddfbc3cfb311ff.ctex[39m[0m
[  53% ] [90m[1msavepack[22m | 保存文件：res://assets/reanim/SelectorScreen_Cloud6.png.import[39m[0m
[  53% ] [90m[1msavepack[22m | 保存文件：res://.godot/imported/SelectorScreen_Cloud7.png-876eb631a8796c630bd5cb092203d4da.ctex[39m[0m
[  53% ] [90m[1msavepack[22m | 保存文件：res://assets/reanim/SelectorScreen_Cloud7.png.import[39m[0m
[  53% ] [90m[1msavepack[22m | 保存文件：res://.godot/imported/SelectorScreen_Flower1.png-978146876ea9482bf9738f8276e6d16e.ctex[39m[0m
[  53% ] [90m[1msavepack[22m | 保存文件：res://assets/reanim/SelectorScreen_Flower1.png.import[39m[0m
[  53% ] [90m[1msavepack[22m | 保存文件：res://.godot/imported/SelectorScreen_Flower2.png-a00c98d605b50217e1080b1d70b842bd.ctex[39m[0m
[  53% ] [90m[1msavepack[22m | 保存文件：res://assets/reanim/SelectorScreen_Flower2.png.import[39m[0m
[  53% ] [90m[1msavepack[22m | 保存文件：res://.godot/imported/SelectorScreen_Flower3.png-830f0ab8e6da0e76b43346e72dcdc5d2.ctex[39m[0m
[  53% ] [90m[1msavepack[22m | 保存文件：res://assets/reanim/SelectorScreen_Flower3.png.import[39m[0m
[  53% ] [90m[1msavepack[22m | 保存文件：res://.godot/imported/SelectorScreen_key_shadow.png-111ce0bef62d04267a8e1b508fdee83f.ctex[39m[0m
[  53% ] [90m[1msavepack[22m | 保存文件：res://assets/reanim/SelectorScreen_key_shadow.png.import[39m[0m
[  53% ] [90m[1msavepack[22m | 保存文件：res://.godot/imported/SelectorScreen_Leaf1.png-7e7e45fb5620dc72c3cf3205f1e219b4.ctex[39m[0m
[  53% ] [90m[1msavepack[22m | 保存文件：res://assets/reanim/SelectorScreen_Leaf1.png.import[39m[0m
[  53% ] [90m[1msavepack[22m | 保存文件：res://.godot/imported/SelectorScreen_Leaf2.png-8fcdd67c959de1545459618204943fa2.ctex[39m[0m
[  53% ] [90m[1msavepack[22m | 保存文件：res://assets/reanim/SelectorScreen_Leaf2.png.import[39m[0m
[  53% ] [90m[1msavepack[22m | 保存文件：res://.godot/imported/SelectorScreen_Leaf3.png-b5e94d294cc099e4a2bf141b1e9fc3e5.ctex[39m[0m
[  53% ] [90m[1msavepack[22m | 保存文件：res://assets/reanim/SelectorScreen_Leaf3.png.import[39m[0m
[  53% ] [90m[1msavepack[22m | 保存文件：res://.godot/imported/SelectorScreen_Leaf4.png-7644f55f5f93bfbf97db5aa2f94f265d.ctex[39m[0m
[  53% ] [90m[1msavepack[22m | 保存文件：res://assets/reanim/SelectorScreen_Leaf4.png.import[39m[0m
[  53% ] [90m[1msavepack[22m | 保存文件：res://.godot/imported/SelectorScreen_Leaf5.png-a59b0d5efe28e229e937c70b10e40ab6.ctex[39m[0m
[  53% ] [90m[1msavepack[22m | 保存文件：res://assets/reanim/SelectorScreen_Leaf5.png.import[39m[0m
[  53% ] [90m[1msavepack[22m | 保存文件：res://.godot/imported/SelectorScreen_Leaves.png-f894c7a0817e59e693267789d77c8302.ctex[39m[0m
[  53% ] [90m[1msavepack[22m | 保存文件：res://assets/reanim/SelectorScreen_Leaves.png.import[39m[0m
[  53% ] [90m[1msavepack[22m | 保存文件：res://.godot/imported/SelectorScreen_Shadow_Adventure.png-32bd6acf008d3cde5c80980806af239c.ctex[39m[0m
[  53% ] [90m[1msavepack[22m | 保存文件：res://assets/reanim/SelectorScreen_Shadow_Adventure.png.import[39m[0m
[  53% ] [90m[1msavepack[22m | 保存文件：res://.godot/imported/SelectorScreen_Shadow_Challenge.png-3d955f5312e6773e2cc7c9f271b2f63f.ctex[39m[0m
[  53% ] [90m[1msavepack[22m | 保存文件：res://assets/reanim/SelectorScreen_Shadow_Challenge.png.import[39m[0m
[  53% ] [90m[1msavepack[22m | 保存文件：res://.godot/imported/SelectorScreen_Shadow_StartAdventure.png-e36f857c86b96c600b0c981e30e8a7ea.ctex[39m[0m
[  53% ] [90m[1msavepack[22m | 保存文件：res://assets/reanim/SelectorScreen_Shadow_StartAdventure.png.import[39m[0m
[  53% ] [90m[1msavepack[22m | 保存文件：res://.godot/imported/SelectorScreen_Shadow_Survival.png-e5b21f553d7c51ae345601977a75808e.ctex[39m[0m
[  53% ] [90m[1msavepack[22m | 保存文件：res://assets/reanim/SelectorScreen_Shadow_Survival.png.import[39m[0m
[  53% ] [90m[1msavepack[22m | 保存文件：res://.godot/imported/SelectorScreen_Shadow_ZenGarden.png-4728df4ca1298c2719faeae4ccb0d472.ctex[39m[0m
[  53% ] [90m[1msavepack[22m | 保存文件：res://assets/reanim/SelectorScreen_Shadow_ZenGarden.png.import[39m[0m
[  53% ] [90m[1msavepack[22m | 保存文件：res://.godot/imported/SelectorScreen_StartAdventure_Button1.png-9e84aaeb7e40d762908dcaa3fe9ba5b9.ctex[39m[0m
[  53% ] [90m[1msavepack[22m | 保存文件：res://assets/reanim/SelectorScreen_StartAdventure_Button1.png.import[39m[0m
[  53% ] [90m[1msavepack[22m | 保存文件：res://.godot/imported/SelectorScreen_StartAdventure_Highlight.png-34f30e8215641ee361d257428b623475.ctex[39m[0m
[  53% ] [90m[1msavepack[22m | 保存文件：res://assets/reanim/SelectorScreen_StartAdventure_Highlight.png.import[39m[0m
[  53% ] [90m[1msavepack[22m | 保存文件：res://.godot/imported/SelectorScreen_Survival_button.png-46aace5fd6d499719d5523c355943d9c.ctex[39m[0m
[  53% ] [90m[1msavepack[22m | 保存文件：res://assets/reanim/SelectorScreen_Survival_button.png.import[39m[0m
[  53% ] [90m[1msavepack[22m | 保存文件：res://.godot/imported/SelectorScreen_Survival_highlight.png-69fb4498cca98e2e19336b0b47cfce20.ctex[39m[0m
[  53% ] [90m[1msavepack[22m | 保存文件：res://assets/reanim/SelectorScreen_Survival_highlight.png.import[39m[0m
[  53% ] [90m[1msavepack[22m | 保存文件：res://.godot/imported/SelectorScreen_Vasebreaker_button.png-8b9be726ebef6896b0f2197295744d95.ctex[39m[0m
[  53% ] [90m[1msavepack[22m | 保存文件：res://assets/reanim/SelectorScreen_Vasebreaker_button.png.import[39m[0m
[  53% ] [90m[1msavepack[22m | 保存文件：res://.godot/imported/SelectorScreen_vasebreaker_highlight.png-da88fadb5905725830c0c934e93a2539.ctex[39m[0m
[  53% ] [90m[1msavepack[22m | 保存文件：res://assets/reanim/SelectorScreen_vasebreaker_highlight.png.import[39m[0m
[  53% ] [90m[1msavepack[22m | 保存文件：res://.godot/imported/SelectorScreen_WoodSign1.png-d8b26bd920d2bafdee044bf2e57b9674.ctex[39m[0m
[  53% ] [90m[1msavepack[22m | 保存文件：res://assets/reanim/SelectorScreen_WoodSign1.png.import[39m[0m
[  53% ] [90m[1msavepack[22m | 保存文件：res://.godot/imported/SelectorScreen_WoodSign2.png-a1ce52fcafb1e96a34a78752cf8af4b9.ctex[39m[0m
[  53% ] [90m[1msavepack[22m | 保存文件：res://assets/reanim/SelectorScreen_WoodSign2.png.import[39m[0m
[  53% ] [90m[1msavepack[22m | 保存文件：res://.godot/imported/SelectorScreen_WoodSign2_press.png-7c8054250727185e8e6accf18c2dcfa3.ctex[39m[0m
[  53% ] [90m[1msavepack[22m | 保存文件：res://assets/reanim/SelectorScreen_WoodSign2_press.png.import[39m[0m
[  53% ] [90m[1msavepack[22m | 保存文件：res://.godot/imported/SelectorScreen_WoodSign3.png-e006847bdd6a7c670294dabb34fdab26.ctex[39m[0m
[  53% ] [90m[1msavepack[22m | 保存文件：res://assets/reanim/SelectorScreen_WoodSign3.png.import[39m[0m
[  53% ] [90m[1msavepack[22m | 保存文件：res://.godot/imported/SelectorScreen_WoodSign3_press.png-4a663c7657fd2df8fab2d56a614051d0.ctex[39m[0m
[  53% ] [90m[1msavepack[22m | 保存文件：res://assets/reanim/SelectorScreen_WoodSign3_press.png.import[39m[0m
[  53% ] [90m[1msavepack[22m | 保存文件：res://.godot/imported/SlotMachine_ball.png-06eb329d8baba13723c9bc0ac88b4579.ctex[39m[0m
[  53% ] [90m[1msavepack[22m | 保存文件：res://assets/reanim/SlotMachine_ball.png.import[39m[0m
[  53% ] [90m[1msavepack[22m | 保存文件：res://.godot/imported/SlotMachine_base.png-5f3af937e9c2dae1e32d9f4d4303e6ae.ctex[39m[0m
[  53% ] [90m[1msavepack[22m | 保存文件：res://assets/reanim/SlotMachine_base.png.import[39m[0m
[  53% ] [90m[1msavepack[22m | 保存文件：res://.godot/imported/SlotMachine_shaft.png-5035e58a11f787993956257705f52317.ctex[39m[0m
[  53% ] [90m[1msavepack[22m | 保存文件：res://assets/reanim/SlotMachine_shaft.png.import[39m[0m
[  53% ] [90m[1msavepack[22m | 保存文件：res://.godot/imported/SnowPea_blink1.png-e5a4b7f6a19e7f8cfd75f52bc74f862c.ctex[39m[0m
[  53% ] [90m[1msavepack[22m | 保存文件：res://assets/reanim/SnowPea_blink1.png.import[39m[0m
[  53% ] [90m[1msavepack[22m | 保存文件：res://.godot/imported/SnowPea_blink2.png-099ada3aea6ebd60f1a426dcda31127d.ctex[39m[0m
[  53% ] [90m[1msavepack[22m | 保存文件：res://assets/reanim/SnowPea_blink2.png.import[39m[0m
[  53% ] [90m[1msavepack[22m | 保存文件：res://.godot/imported/SnowPea_crystals1.png-1f04492de2c910ff6807a1287ff4ef82.ctex[39m[0m
[  53% ] [90m[1msavepack[22m | 保存文件：res://assets/reanim/SnowPea_crystals1.png.import[39m[0m
[  54% ] [90m[1msavepack[22m | 保存文件：res://.godot/imported/SnowPea_crystals2.png-68d95e3f23f47aa311f917650048dff2.ctex[39m[0m
[  54% ] [90m[1msavepack[22m | 保存文件：res://assets/reanim/SnowPea_crystals2.png.import[39m[0m
[  54% ] [90m[1msavepack[22m | 保存文件：res://.godot/imported/SnowPea_crystals3.png-49c22c1894a68e76870df206eba03544.ctex[39m[0m
[  54% ] [90m[1msavepack[22m | 保存文件：res://assets/reanim/SnowPea_crystals3.png.import[39m[0m
[  54% ] [90m[1msavepack[22m | 保存文件：res://.godot/imported/SnowPea_head.png-32779e275544c3294bebaa43675aa1bc.ctex[39m[0m
[  54% ] [90m[1msavepack[22m | 保存文件：res://assets/reanim/SnowPea_head.png.import[39m[0m
[  54% ] [90m[1msavepack[22m | 保存文件：res://.godot/imported/SnowPea_mouth.png-a93547b3e1d19b8966047dccf8815801.ctex[39m[0m
[  54% ] [90m[1msavepack[22m | 保存文件：res://assets/reanim/SnowPea_mouth.png.import[39m[0m
[  54% ] [90m[1msavepack[22m | 保存文件：res://.godot/imported/SodRoll.png-9e196288cf01fa4ee0f8c7ef4a8f0c02.ctex[39m[0m
[  54% ] [90m[1msavepack[22m | 保存文件：res://assets/reanim/SodRoll.png.import[39m[0m
[  54% ] [90m[1msavepack[22m | 保存文件：res://.godot/imported/SodRollCap.png-092b140589998d2740854a199cc38af6.ctex[39m[0m
[  54% ] [90m[1msavepack[22m | 保存文件：res://assets/reanim/SodRollCap.png.import[39m[0m
[  54% ] [90m[1msavepack[22m | 保存文件：res://.godot/imported/Spikerock_bigspike1.png-4f752d8c701c8d3bbfb5e134c7e58924.ctex[39m[0m
[  54% ] [90m[1msavepack[22m | 保存文件：res://assets/reanim/Spikerock_bigspike1.png.import[39m[0m
[  54% ] [90m[1msavepack[22m | 保存文件：res://.godot/imported/Spikerock_bigspike2.png-113d456ba19d7a63ae8b51fc01194c35.ctex[39m[0m
[  54% ] [90m[1msavepack[22m | 保存文件：res://assets/reanim/Spikerock_bigspike2.png.import[39m[0m
[  54% ] [90m[1msavepack[22m | 保存文件：res://.godot/imported/Spikerock_bigspike3.png-ae15718545e5524f5f5971c257a0cc6e.ctex[39m[0m
[  54% ] [90m[1msavepack[22m | 保存文件：res://assets/reanim/Spikerock_bigspike3.png.import[39m[0m
[  54% ] [90m[1msavepack[22m | 保存文件：res://.godot/imported/SpikeRock_body.png-6b332a7ecc97bac607446656cda9ee95.ctex[39m[0m
[  54% ] [90m[1msavepack[22m | 保存文件：res://assets/reanim/SpikeRock_body.png.import[39m[0m
[  54% ] [90m[1msavepack[22m | 保存文件：res://.godot/imported/SpikeRock_eyebrow.png-187ee394badb73f1ae623d4b1f2403be.ctex[39m[0m
[  54% ] [90m[1msavepack[22m | 保存文件：res://assets/reanim/SpikeRock_eyebrow.png.import[39m[0m
[  54% ] [90m[1msavepack[22m | 保存文件：res://.godot/imported/SpikeRock_mouth.png-cd14341193a2f2fab8f3980440e22800.ctex[39m[0m
[  54% ] [90m[1msavepack[22m | 保存文件：res://assets/reanim/SpikeRock_mouth.png.import[39m[0m
[  54% ] [90m[1msavepack[22m | 保存文件：res://.godot/imported/SpikeRock_spike.png-e3fc8331ea1ab51cfec04bb4a33ff586.ctex[39m[0m
[  54% ] [90m[1msavepack[22m | 保存文件：res://assets/reanim/SpikeRock_spike.png.import[39m[0m
[  54% ] [90m[1msavepack[22m | 保存文件：res://.godot/imported/splash1.png-cf7e136b7a8342c2d9563a2c8dd8fa00.ctex[39m[0m
[  54% ] [90m[1msavepack[22m | 保存文件：res://assets/reanim/splash1.png.import[39m[0m
[  54% ] [90m[1msavepack[22m | 保存文件：res://.godot/imported/splash2.png-b3bf4125c52a5b8ea535e3b73cafdb38.ctex[39m[0m
[  54% ] [90m[1msavepack[22m | 保存文件：res://assets/reanim/splash2.png.import[39m[0m
[  54% ] [90m[1msavepack[22m | 保存文件：res://.godot/imported/splash3.png-8b94f6b217ad50c54c39346e8e5e6792.ctex[39m[0m
[  54% ] [90m[1msavepack[22m | 保存文件：res://assets/reanim/splash3.png.import[39m[0m
[  54% ] [90m[1msavepack[22m | 保存文件：res://.godot/imported/splash4.png-c095e8ba19832071f6d7e08b6ee928cc.ctex[39m[0m
[  54% ] [90m[1msavepack[22m | 保存文件：res://assets/reanim/splash4.png.import[39m[0m
[  54% ] [90m[1msavepack[22m | 保存文件：res://.godot/imported/splash5.png-644fe6dd54def30678a2891fa7da4d28.ctex[39m[0m
[  54% ] [90m[1msavepack[22m | 保存文件：res://assets/reanim/splash5.png.import[39m[0m
[  54% ] [90m[1msavepack[22m | 保存文件：res://.godot/imported/splash6.png-baa94fda7e2341163c1534d9d039ef42.ctex[39m[0m
[  54% ] [90m[1msavepack[22m | 保存文件：res://assets/reanim/splash6.png.import[39m[0m
[  54% ] [90m[1msavepack[22m | 保存文件：res://.godot/imported/splash_1.png-dd5fdbc8d69ebd801506b74c0cad8512.ctex[39m[0m
[  54% ] [90m[1msavepack[22m | 保存文件：res://assets/reanim/splash_1.png.import[39m[0m
[  54% ] [90m[1msavepack[22m | 保存文件：res://.godot/imported/splash_2.png-e118614004a4db354374fcb971b76139.ctex[39m[0m
[  54% ] [90m[1msavepack[22m | 保存文件：res://assets/reanim/splash_2.png.import[39m[0m
[  54% ] [90m[1msavepack[22m | 保存文件：res://.godot/imported/splash_3.png-d8aac507ec797665af517ddb448d1855.ctex[39m[0m
[  54% ] [90m[1msavepack[22m | 保存文件：res://assets/reanim/splash_3.png.import[39m[0m
[  54% ] [90m[1msavepack[22m | 保存文件：res://.godot/imported/splash_4.png-110a29e7925b53877f2f91ed3d8321ea.ctex[39m[0m
[  54% ] [90m[1msavepack[22m | 保存文件：res://assets/reanim/splash_4.png.import[39m[0m
[  54% ] [90m[1msavepack[22m | 保存文件：res://.godot/imported/splash_particle.png-34a5fd76c24ed916b4cab418be4a1e27.ctex[39m[0m
[  54% ] [90m[1msavepack[22m | 保存文件：res://assets/reanim/splash_particle.png.import[39m[0m
[  54% ] [90m[1msavepack[22m | 保存文件：res://.godot/imported/splash_ring.png-2282c15e25776368011ca8151b5a0607.ctex[39m[0m
[  54% ] [90m[1msavepack[22m | 保存文件：res://assets/reanim/splash_ring.png.import[39m[0m
[  54% ] [90m[1msavepack[22m | 保存文件：res://.godot/imported/Splitpea_head.png-9b523caca7ffc3463803c76e662af9ac.ctex[39m[0m
[  54% ] [90m[1msavepack[22m | 保存文件：res://assets/reanim/Splitpea_head.png.import[39m[0m
[  54% ] [90m[1msavepack[22m | 保存文件：res://.godot/imported/sprout_body1.png-1e5c8269f564d45c3b2ff555e2b4b6bc.ctex[39m[0m
[  54% ] [90m[1msavepack[22m | 保存文件：res://assets/reanim/sprout_body1.png.import[39m[0m
[  54% ] [90m[1msavepack[22m | 保存文件：res://.godot/imported/sprout_body2.png-35ec36ebdb1a40e45b343ce20fdd3bbd.ctex[39m[0m
[  54% ] [90m[1msavepack[22m | 保存文件：res://assets/reanim/sprout_body2.png.import[39m[0m
[  54% ] [90m[1msavepack[22m | 保存文件：res://.godot/imported/sprout_body.png-8d1468486b640d5a7465fb0df5c0fffe.ctex[39m[0m
[  54% ] [90m[1msavepack[22m | 保存文件：res://assets/reanim/sprout_body.png.import[39m[0m
[  54% ] [90m[1msavepack[22m | 保存文件：res://.godot/imported/sprout_petal.png-62c32a4072c61e2cc95a424d5dfc7c84.ctex[39m[0m
[  54% ] [90m[1msavepack[22m | 保存文件：res://assets/reanim/sprout_petal.png.import[39m[0m
[  54% ] [90m[1msavepack[22m | 保存文件：res://.godot/imported/Squash_body.png-ef005cd807ae84bae918aeb34f5d8f7c.ctex[39m[0m
[  54% ] [90m[1msavepack[22m | 保存文件：res://assets/reanim/Squash_body.png.import[39m[0m
[  54% ] [90m[1msavepack[22m | 保存文件：res://.godot/imported/Squash_eyebrows.png-79b1dcae8f20f71cbbb15828bf5dca94.ctex[39m[0m
[  54% ] [90m[1msavepack[22m | 保存文件：res://assets/reanim/Squash_eyebrows.png.import[39m[0m
[  54% ] [90m[1msavepack[22m | 保存文件：res://.godot/imported/Squash_eyes.png-866e80326cd43ed031cd835bdd6ea098.ctex[39m[0m
[  54% ] [90m[1msavepack[22m | 保存文件：res://assets/reanim/Squash_eyes.png.import[39m[0m
[  54% ] [90m[1msavepack[22m | 保存文件：res://.godot/imported/Squash_stem.png-e89d6f12a5a2780f71f29dfce0a4b9d9.ctex[39m[0m
[  54% ] [90m[1msavepack[22m | 保存文件：res://assets/reanim/Squash_stem.png.import[39m[0m
[  54% ] [90m[1msavepack[22m | 保存文件：res://.godot/imported/Starfruit_body.png-ddd97c6845bb4f599bd54bf41f0c2805.ctex[39m[0m
[  54% ] [90m[1msavepack[22m | 保存文件：res://assets/reanim/Starfruit_body.png.import[39m[0m
[  54% ] [90m[1msavepack[22m | 保存文件：res://.godot/imported/Starfruit_eyebrow.png-708b117388ea3a69c273a05cf2da8244.ctex[39m[0m
[  54% ] [90m[1msavepack[22m | 保存文件：res://assets/reanim/Starfruit_eyebrow.png.import[39m[0m
[  54% ] [90m[1msavepack[22m | 保存文件：res://.godot/imported/Starfruit_eyes1.png-301efeacea54142585678425c600a250.ctex[39m[0m
[  54% ] [90m[1msavepack[22m | 保存文件：res://assets/reanim/Starfruit_eyes1.png.import[39m[0m
[  54% ] [90m[1msavepack[22m | 保存文件：res://.godot/imported/Starfruit_eyes2.png-25ef8fb0ebc3a4f572c2c1d18eb59bcb.ctex[39m[0m
[  54% ] [90m[1msavepack[22m | 保存文件：res://assets/reanim/Starfruit_eyes2.png.import[39m[0m
[  55% ] [90m[1msavepack[22m | 保存文件：res://.godot/imported/Starfruit_leaf.png-a8bd044ca16a68bf7e62bf408359a956.ctex[39m[0m
[  55% ] [90m[1msavepack[22m | 保存文件：res://assets/reanim/Starfruit_leaf.png.import[39m[0m
[  55% ] [90m[1msavepack[22m | 保存文件：res://.godot/imported/Starfruit_mouth.png-01f10d11d87ffb78823d4404582f5836.ctex[39m[0m
[  55% ] [90m[1msavepack[22m | 保存文件：res://assets/reanim/Starfruit_mouth.png.import[39m[0m
[  55% ] [90m[1msavepack[22m | 保存文件：res://.godot/imported/Starfruit_smile.png-cff3c6c1b873f4bb39c705d86f803b38.ctex[39m[0m
[  55% ] [90m[1msavepack[22m | 保存文件：res://assets/reanim/Starfruit_smile.png.import[39m[0m
[  55% ] [90m[1msavepack[22m | 保存文件：res://.godot/imported/Starfruit_stem.png-ba8c46858483d61cb3d034ef7ef9c7b4.ctex[39m[0m
[  55% ] [90m[1msavepack[22m | 保存文件：res://assets/reanim/Starfruit_stem.png.import[39m[0m
[  55% ] [90m[1msavepack[22m | 保存文件：res://.godot/imported/StartPlant.png-4cfb5abf2d2e8d2f39b7698eb6136345.ctex[39m[0m
[  55% ] [90m[1msavepack[22m | 保存文件：res://assets/reanim/StartPlant.png.import[39m[0m
[  55% ] [90m[1msavepack[22m | 保存文件：res://.godot/imported/StartReady.png-e07ae92557436b7fc15a44028c1604e1.ctex[39m[0m
[  55% ] [90m[1msavepack[22m | 保存文件：res://assets/reanim/StartReady.png.import[39m[0m
[  55% ] [90m[1msavepack[22m | 保存文件：res://.godot/imported/StartSet.png-67eeed27d0eb8737ecfa826f2cfdb48a.ctex[39m[0m
[  55% ] [90m[1msavepack[22m | 保存文件：res://assets/reanim/StartSet.png.import[39m[0m
[  55% ] [90m[1msavepack[22m | 保存文件：res://.godot/imported/Stinky_antenna.png-40136f6aee427cac13a56e137bc127e6.ctex[39m[0m
[  55% ] [90m[1msavepack[22m | 保存文件：res://assets/reanim/Stinky_antenna.png.import[39m[0m
[  55% ] [90m[1msavepack[22m | 保存文件：res://.godot/imported/Stinky_body.png-8a29d668cf8d1047056b13cd99befa1c.ctex[39m[0m
[  55% ] [90m[1msavepack[22m | 保存文件：res://assets/reanim/Stinky_body.png.import[39m[0m
[  55% ] [90m[1msavepack[22m | 保存文件：res://.godot/imported/Stinky_shell.png-207e4d1f5628fd4a42846728c8e2d789.ctex[39m[0m
[  55% ] [90m[1msavepack[22m | 保存文件：res://assets/reanim/Stinky_shell.png.import[39m[0m
[  55% ] [90m[1msavepack[22m | 保存文件：res://.godot/imported/Stinky_tail.png-f629fc1e47787b1282ab654eb9badb08.ctex[39m[0m
[  55% ] [90m[1msavepack[22m | 保存文件：res://assets/reanim/Stinky_tail.png.import[39m[0m
[  55% ] [90m[1msavepack[22m | 保存文件：res://.godot/imported/Stinky_turn1.png-e6517a3e9c7c737f640a330e0b9d0ebe.ctex[39m[0m
[  55% ] [90m[1msavepack[22m | 保存文件：res://assets/reanim/Stinky_turn1.png.import[39m[0m
[  55% ] [90m[1msavepack[22m | 保存文件：res://.godot/imported/Stinky_turn2.png-13bfaaca0a1285fea07b6e4e6cc534a6.ctex[39m[0m
[  55% ] [90m[1msavepack[22m | 保存文件：res://assets/reanim/Stinky_turn2.png.import[39m[0m
[  55% ] [90m[1msavepack[22m | 保存文件：res://.godot/imported/Stinky_turn3.png-3e1109b2940ddbf743b1a62b183853d9.ctex[39m[0m
[  55% ] [90m[1msavepack[22m | 保存文件：res://assets/reanim/Stinky_turn3.png.import[39m[0m
[  55% ] [90m[1msavepack[22m | 保存文件：res://.godot/imported/Stinky_turn4.png-cca488828f19c4455943140fdce93ee5.ctex[39m[0m
[  55% ] [90m[1msavepack[22m | 保存文件：res://assets/reanim/Stinky_turn4.png.import[39m[0m
[  55% ] [90m[1msavepack[22m | 保存文件：res://.godot/imported/Stinky_turn5.png-6f7047423aa4cf05b46c91e0db807440.ctex[39m[0m
[  55% ] [90m[1msavepack[22m | 保存文件：res://assets/reanim/Stinky_turn5.png.import[39m[0m
[  55% ] [90m[1msavepack[22m | 保存文件：res://.godot/imported/Stinky_turn6.png-d726415be465a75a0757a98ea244c493.ctex[39m[0m
[  55% ] [90m[1msavepack[22m | 保存文件：res://assets/reanim/Stinky_turn6.png.import[39m[0m
[  55% ] [90m[1msavepack[22m | 保存文件：res://.godot/imported/Stinky_turn7.png-85f5f4fbb6089e83907d3b89f8e5c7c1.ctex[39m[0m
[  55% ] [90m[1msavepack[22m | 保存文件：res://assets/reanim/Stinky_turn7.png.import[39m[0m
[  55% ] [90m[1msavepack[22m | 保存文件：res://.godot/imported/Stinky_turn8.png-b74a0226da3967c798e9162abf717de6.ctex[39m[0m
[  55% ] [90m[1msavepack[22m | 保存文件：res://assets/reanim/Stinky_turn8.png.import[39m[0m
[  55% ] [90m[1msavepack[22m | 保存文件：res://.godot/imported/Store_ComingSoonLabel.png-a3cddf65515bdfd91c98ad7c6c36a40c.ctex[39m[0m
[  55% ] [90m[1msavepack[22m | 保存文件：res://assets/reanim/Store_ComingSoonLabel.png.import[39m[0m
[  55% ] [90m[1msavepack[22m | 保存文件：res://.godot/imported/Store_ExtraSlotLabel.png-85a7aff942e11302d7b71abd32e641b1.ctex[39m[0m
[  55% ] [90m[1msavepack[22m | 保存文件：res://assets/reanim/Store_ExtraSlotLabel.png.import[39m[0m
[  55% ] [90m[1msavepack[22m | 保存文件：res://.godot/imported/Store_SoldOutLabel.png-846df039a1d4560324c7a8f559d782ed.ctex[39m[0m
[  55% ] [90m[1msavepack[22m | 保存文件：res://assets/reanim/Store_SoldOutLabel.png.import[39m[0m
[  55% ] [90m[1msavepack[22m | 保存文件：res://.godot/imported/Sun1.png-247b4766b420afcd426d12ef11bd32d3.ctex[39m[0m
[  55% ] [90m[1msavepack[22m | 保存文件：res://assets/reanim/Sun1.png.import[39m[0m
[  55% ] [90m[1msavepack[22m | 保存文件：res://.godot/imported/Sun2.png-b7b77c01853bb5f5e0bf8eb39d4f2666.ctex[39m[0m
[  55% ] [90m[1msavepack[22m | 保存文件：res://assets/reanim/Sun2.png.import[39m[0m
[  55% ] [90m[1msavepack[22m | 保存文件：res://.godot/imported/Sun3.png-96272327b718e16d537be42e531ebaa7.ctex[39m[0m
[  55% ] [90m[1msavepack[22m | 保存文件：res://assets/reanim/Sun3.png.import[39m[0m
[  55% ] [90m[1msavepack[22m | 保存文件：res://.godot/imported/SunFlower_blink1.png-c1060f04c211e0e4bde44e2379c18349.ctex[39m[0m
[  55% ] [90m[1msavepack[22m | 保存文件：res://assets/reanim/SunFlower_blink1.png.import[39m[0m
[  55% ] [90m[1msavepack[22m | 保存文件：res://.godot/imported/SunFlower_blink2.png-807336c04db28c94c5f29c38d4295973.ctex[39m[0m
[  55% ] [90m[1msavepack[22m | 保存文件：res://assets/reanim/SunFlower_blink2.png.import[39m[0m
[  55% ] [90m[1msavepack[22m | 保存文件：res://.godot/imported/SunFlower_bottompetals.png-2eb03ef4cb6b3f94af1d77bcb5830de4.ctex[39m[0m
[  55% ] [90m[1msavepack[22m | 保存文件：res://assets/reanim/SunFlower_bottompetals.png.import[39m[0m
[  55% ] [90m[1msavepack[22m | 保存文件：res://.godot/imported/SunFlower_double_petals.png-663bb71f559ddc74737188e3bdbdaec1.ctex[39m[0m
[  55% ] [90m[1msavepack[22m | 保存文件：res://assets/reanim/SunFlower_double_petals.png.import[39m[0m
[  55% ] [90m[1msavepack[22m | 保存文件：res://.godot/imported/SunFlower_head.png-5ac7bf3d7ae678061a6d5264d7739649.ctex[39m[0m
[  55% ] [90m[1msavepack[22m | 保存文件：res://assets/reanim/SunFlower_head.png.import[39m[0m
[  55% ] [90m[1msavepack[22m | 保存文件：res://.godot/imported/SunFlower_head_sing1.png-9ec8052036649f63738ba2031831ddb3.ctex[39m[0m
[  55% ] [90m[1msavepack[22m | 保存文件：res://assets/reanim/SunFlower_head_sing1.png.import[39m[0m
[  55% ] [90m[1msavepack[22m | 保存文件：res://.godot/imported/SunFlower_head_sing2.png-7a7974a154fdce8aace100ecb0d3bea4.ctex[39m[0m
[  55% ] [90m[1msavepack[22m | 保存文件：res://assets/reanim/SunFlower_head_sing2.png.import[39m[0m
[  55% ] [90m[1msavepack[22m | 保存文件：res://.godot/imported/SunFlower_head_sing3.png-a6af1e88793ed51b235ce1054bc95c74.ctex[39m[0m
[  55% ] [90m[1msavepack[22m | 保存文件：res://assets/reanim/SunFlower_head_sing3.png.import[39m[0m
[  55% ] [90m[1msavepack[22m | 保存文件：res://.godot/imported/SunFlower_head_sing4.png-8aea6cd9bf5f77ab8a2ec4f025a87157.ctex[39m[0m
[  55% ] [90m[1msavepack[22m | 保存文件：res://assets/reanim/SunFlower_head_sing4.png.import[39m[0m
[  55% ] [90m[1msavepack[22m | 保存文件：res://.godot/imported/SunFlower_head_sing5.png-1fa1f17b24ef0147de59f87a987f6104.ctex[39m[0m
[  55% ] [90m[1msavepack[22m | 保存文件：res://assets/reanim/SunFlower_head_sing5.png.import[39m[0m
[  55% ] [90m[1msavepack[22m | 保存文件：res://.godot/imported/SunFlower_head_wink.png-0027b0fd94df0d044ac0e3f9bfedafdf.ctex[39m[0m
[  55% ] [90m[1msavepack[22m | 保存文件：res://assets/reanim/SunFlower_head_wink.png.import[39m[0m
[  55% ] [90m[1msavepack[22m | 保存文件：res://.godot/imported/SunFlower_leftpetal1.png-009d33935e7a205432f599c934b3f8fa.ctex[39m[0m
[  55% ] [90m[1msavepack[22m | 保存文件：res://assets/reanim/SunFlower_leftpetal1.png.import[39m[0m
[  55% ] [90m[1msavepack[22m | 保存文件：res://.godot/imported/SunFlower_leftpetal2.png-8137014a93f58d59d44aa6ed88d1ee57.ctex[39m[0m
[  55% ] [90m[1msavepack[22m | 保存文件：res://assets/reanim/SunFlower_leftpetal2.png.import[39m[0m
[  56% ] [90m[1msavepack[22m | 保存文件：res://.godot/imported/SunFlower_leftpetal3.png-83b52ed11adb97464e56eb5c7ff48702.ctex[39m[0m
[  56% ] [90m[1msavepack[22m | 保存文件：res://assets/reanim/SunFlower_leftpetal3.png.import[39m[0m
[  56% ] [90m[1msavepack[22m | 保存文件：res://.godot/imported/SunFlower_leftpetal4.png-26cc3c1f973d8e0e8197813be72ba183.ctex[39m[0m
[  56% ] [90m[1msavepack[22m | 保存文件：res://assets/reanim/SunFlower_leftpetal4.png.import[39m[0m
[  56% ] [90m[1msavepack[22m | 保存文件：res://.godot/imported/SunFlower_leftpetal5.png-ff021fa5464f80c0ab298badc321d0dc.ctex[39m[0m
[  56% ] [90m[1msavepack[22m | 保存文件：res://assets/reanim/SunFlower_leftpetal5.png.import[39m[0m
[  56% ] [90m[1msavepack[22m | 保存文件：res://.godot/imported/SunFlower_leftpetal6.png-a3153a020d098e9de318378e20e2fe0d.ctex[39m[0m
[  56% ] [90m[1msavepack[22m | 保存文件：res://assets/reanim/SunFlower_leftpetal6.png.import[39m[0m
[  56% ] [90m[1msavepack[22m | 保存文件：res://.godot/imported/SunFlower_leftpetal7.png-49f234017fba26aec9cb44ed361fd72c.ctex[39m[0m
[  56% ] [90m[1msavepack[22m | 保存文件：res://assets/reanim/SunFlower_leftpetal7.png.import[39m[0m
[  56% ] [90m[1msavepack[22m | 保存文件：res://.godot/imported/SunFlower_leftpetal8.png-cf70a5a87d54b58d033a18dce6b5dd61.ctex[39m[0m
[  56% ] [90m[1msavepack[22m | 保存文件：res://assets/reanim/SunFlower_leftpetal8.png.import[39m[0m
[  56% ] [90m[1msavepack[22m | 保存文件：res://.godot/imported/SunFlower_rightpetal1.png-ebeefe09c2597a5b612481102bd1c094.ctex[39m[0m
[  56% ] [90m[1msavepack[22m | 保存文件：res://assets/reanim/SunFlower_rightpetal1.png.import[39m[0m
[  56% ] [90m[1msavepack[22m | 保存文件：res://.godot/imported/SunFlower_rightpetal2.png-eb57f6710d385f754d469d2d9d8dfccf.ctex[39m[0m
[  56% ] [90m[1msavepack[22m | 保存文件：res://assets/reanim/SunFlower_rightpetal2.png.import[39m[0m
[  56% ] [90m[1msavepack[22m | 保存文件：res://.godot/imported/SunFlower_rightpetal3.png-def79d0ebcee349d15d9b7c53f1d2ee0.ctex[39m[0m
[  56% ] [90m[1msavepack[22m | 保存文件：res://assets/reanim/SunFlower_rightpetal3.png.import[39m[0m
[  56% ] [90m[1msavepack[22m | 保存文件：res://.godot/imported/SunFlower_rightpetal4.png-9b7a974eca95fe33c59d714205bd01ab.ctex[39m[0m
[  56% ] [90m[1msavepack[22m | 保存文件：res://assets/reanim/SunFlower_rightpetal4.png.import[39m[0m
[  56% ] [90m[1msavepack[22m | 保存文件：res://.godot/imported/SunFlower_rightpetal5.png-a98cb2f867d108a2b88c6bb168ce1a95.ctex[39m[0m
[  56% ] [90m[1msavepack[22m | 保存文件：res://assets/reanim/SunFlower_rightpetal5.png.import[39m[0m
[  56% ] [90m[1msavepack[22m | 保存文件：res://.godot/imported/SunFlower_rightpetal6.png-a1425eb981e6e57a278eb663ec81c757.ctex[39m[0m
[  56% ] [90m[1msavepack[22m | 保存文件：res://assets/reanim/SunFlower_rightpetal6.png.import[39m[0m
[  56% ] [90m[1msavepack[22m | 保存文件：res://.godot/imported/SunFlower_rightpetal7.png-beb8558a3fbbf81ef75142cdfed264fd.ctex[39m[0m
[  56% ] [90m[1msavepack[22m | 保存文件：res://assets/reanim/SunFlower_rightpetal7.png.import[39m[0m
[  56% ] [90m[1msavepack[22m | 保存文件：res://.godot/imported/SunFlower_rightpetal8.png-a4c036853860e48beb2132543403b780.ctex[39m[0m
[  56% ] [90m[1msavepack[22m | 保存文件：res://assets/reanim/SunFlower_rightpetal8.png.import[39m[0m
[  56% ] [90m[1msavepack[22m | 保存文件：res://.godot/imported/SunFlower_rightpetal9.png-4d1b45e01e5b140db094c11654a5d576.ctex[39m[0m
[  56% ] [90m[1msavepack[22m | 保存文件：res://assets/reanim/SunFlower_rightpetal9.png.import[39m[0m
[  56% ] [90m[1msavepack[22m | 保存文件：res://.godot/imported/SunFlower_toppetals.png-44d1735aaf2e93e8d5b71e04f36c1d56.ctex[39m[0m
[  56% ] [90m[1msavepack[22m | 保存文件：res://assets/reanim/SunFlower_toppetals.png.import[39m[0m
[  56% ] [90m[1msavepack[22m | 保存文件：res://.godot/imported/SunShroom_blink1.png-9c4b6c91ca9a9140ea050e0b4354e5e8.ctex[39m[0m
[  56% ] [90m[1msavepack[22m | 保存文件：res://assets/reanim/SunShroom_blink1.png.import[39m[0m
[  56% ] [90m[1msavepack[22m | 保存文件：res://.godot/imported/SunShroom_blink2.png-70e01c3a667af5706ac015478c906161.ctex[39m[0m
[  56% ] [90m[1msavepack[22m | 保存文件：res://assets/reanim/SunShroom_blink2.png.import[39m[0m
[  56% ] [90m[1msavepack[22m | 保存文件：res://.godot/imported/SunShroom_body.png-e195b74efe13850bd26610eef4ec70a0.ctex[39m[0m
[  56% ] [90m[1msavepack[22m | 保存文件：res://assets/reanim/SunShroom_body.png.import[39m[0m
[  56% ] [90m[1msavepack[22m | 保存文件：res://.godot/imported/SunShroom_head.png-22648ef6a5d86b4f2d52f37c212019d3.ctex[39m[0m
[  56% ] [90m[1msavepack[22m | 保存文件：res://assets/reanim/SunShroom_head.png.import[39m[0m
[  56% ] [90m[1msavepack[22m | 保存文件：res://.godot/imported/SunShroom_sleep.png-0e407d013e3667261760e7722593d52a.ctex[39m[0m
[  56% ] [90m[1msavepack[22m | 保存文件：res://assets/reanim/SunShroom_sleep.png.import[39m[0m
[  56% ] [90m[1msavepack[22m | 保存文件：res://.godot/imported/Tallnut_blink1.png-2edfd1bdb73c12e0c2dcc7ffe567bc9b.ctex[39m[0m
[  56% ] [90m[1msavepack[22m | 保存文件：res://assets/reanim/Tallnut_blink1.png.import[39m[0m
[  56% ] [90m[1msavepack[22m | 保存文件：res://.godot/imported/Tallnut_blink2.png-d21effaab89442ebffae959428b1e57b.ctex[39m[0m
[  56% ] [90m[1msavepack[22m | 保存文件：res://assets/reanim/Tallnut_blink2.png.import[39m[0m
[  56% ] [90m[1msavepack[22m | 保存文件：res://.godot/imported/Tallnut_body.png-743ea58bbbfce9dae9dce4b2b6f409ca.ctex[39m[0m
[  56% ] [90m[1msavepack[22m | 保存文件：res://assets/reanim/Tallnut_body.png.import[39m[0m
[  56% ] [90m[1msavepack[22m | 保存文件：res://.godot/imported/Tallnut_cracked1.png-2619c44a21a4f10f2cef2d558cde60c1.ctex[39m[0m
[  56% ] [90m[1msavepack[22m | 保存文件：res://assets/reanim/Tallnut_cracked1.png.import[39m[0m
[  56% ] [90m[1msavepack[22m | 保存文件：res://.godot/imported/Tallnut_cracked2.png-72ada33759f52f308974fa4b4dbc7802.ctex[39m[0m
[  56% ] [90m[1msavepack[22m | 保存文件：res://assets/reanim/Tallnut_cracked2.png.import[39m[0m
[  56% ] [90m[1msavepack[22m | 保存文件：res://.godot/imported/Tanglekelp_arm1.png-fe2031cede510b0926a0ed5a4920d853.ctex[39m[0m
[  56% ] [90m[1msavepack[22m | 保存文件：res://assets/reanim/Tanglekelp_arm1.png.import[39m[0m
[  56% ] [90m[1msavepack[22m | 保存文件：res://.godot/imported/Tanglekelp_arm2.png-4ed12b596e6bb7a1dbe080134c682e69.ctex[39m[0m
[  56% ] [90m[1msavepack[22m | 保存文件：res://assets/reanim/Tanglekelp_arm2.png.import[39m[0m
[  56% ] [90m[1msavepack[22m | 保存文件：res://.godot/imported/Tanglekelp_arm3.png-4c788ec0715b38eaf2a4ba3302c250b5.ctex[39m[0m
[  56% ] [90m[1msavepack[22m | 保存文件：res://assets/reanim/Tanglekelp_arm3.png.import[39m[0m
[  56% ] [90m[1msavepack[22m | 保存文件：res://.godot/imported/Tanglekelp_arm4.png-7e9188c6af771da9c49af24bf02da4df.ctex[39m[0m
[  56% ] [90m[1msavepack[22m | 保存文件：res://assets/reanim/Tanglekelp_arm4.png.import[39m[0m
[  56% ] [90m[1msavepack[22m | 保存文件：res://.godot/imported/Tanglekelp_arm5.png-70323a68f3fd0194bfdf3fa97a3587fc.ctex[39m[0m
[  56% ] [90m[1msavepack[22m | 保存文件：res://assets/reanim/Tanglekelp_arm5.png.import[39m[0m
[  56% ] [90m[1msavepack[22m | 保存文件：res://.godot/imported/Tanglekelp_arm6.png-ab8211ef35adac1a7354bc450cee5b32.ctex[39m[0m
[  56% ] [90m[1msavepack[22m | 保存文件：res://assets/reanim/Tanglekelp_arm6.png.import[39m[0m
[  56% ] [90m[1msavepack[22m | 保存文件：res://.godot/imported/Tanglekelp_arm7.png-40de2d2b82f571cf906e3300e64a4144.ctex[39m[0m
[  56% ] [90m[1msavepack[22m | 保存文件：res://assets/reanim/Tanglekelp_arm7.png.import[39m[0m
[  56% ] [90m[1msavepack[22m | 保存文件：res://.godot/imported/Tanglekelp_arm 8.png-72770d62597a5a64a52bf3a3eedf249c.ctex[39m[0m
[  56% ] [90m[1msavepack[22m | 保存文件：res://assets/reanim/Tanglekelp_arm 8.png.import[39m[0m
[  56% ] [90m[1msavepack[22m | 保存文件：res://.godot/imported/Tanglekelp_blink1.png-e06dee9ae36801761651710c273ad454.ctex[39m[0m
[  56% ] [90m[1msavepack[22m | 保存文件：res://assets/reanim/Tanglekelp_blink1.png.import[39m[0m
[  56% ] [90m[1msavepack[22m | 保存文件：res://.godot/imported/Tanglekelp_blink2.png-de220e7fd7426f1bc858d5ffda403bc0.ctex[39m[0m
[  56% ] [90m[1msavepack[22m | 保存文件：res://assets/reanim/Tanglekelp_blink2.png.import[39m[0m
[  56% ] [90m[1msavepack[22m | 保存文件：res://.godot/imported/Tanglekelp_body.png-9bb5fcccba1c5a42d12e0bcd2309f303.ctex[39m[0m
[  56% ] [90m[1msavepack[22m | 保存文件：res://assets/reanim/Tanglekelp_body.png.import[39m[0m
[  56% ] [90m[1msavepack[22m | 保存文件：res://.godot/imported/Tanglekelp_body_zengarden.png-f1aef21293ab99af6be2ea5ce7b4d9b0.ctex[39m[0m
[  56% ] [90m[1msavepack[22m | 保存文件：res://assets/reanim/Tanglekelp_body_zengarden.png.import[39m[0m
[  57% ] [90m[1msavepack[22m | 保存文件：res://.godot/imported/Tanglekelp_grab_back1.png-39acb158ef13ef353c7f30478cd5f369.ctex[39m[0m
[  57% ] [90m[1msavepack[22m | 保存文件：res://assets/reanim/Tanglekelp_grab_back1.png.import[39m[0m
[  57% ] [90m[1msavepack[22m | 保存文件：res://.godot/imported/Tanglekelp_grab_back2.png-2ede7891d921d31d0cd99f50b4e785e8.ctex[39m[0m
[  57% ] [90m[1msavepack[22m | 保存文件：res://assets/reanim/Tanglekelp_grab_back2.png.import[39m[0m
[  57% ] [90m[1msavepack[22m | 保存文件：res://.godot/imported/Tanglekelp_grab_back3.png-c221318c5a7bd37e6b4db4e4d8fc2355.ctex[39m[0m
[  57% ] [90m[1msavepack[22m | 保存文件：res://assets/reanim/Tanglekelp_grab_back3.png.import[39m[0m
[  57% ] [90m[1msavepack[22m | 保存文件：res://.godot/imported/Tanglekelp_grab_back4.png-ff560d0467057e516408c17cc92e136f.ctex[39m[0m
[  57% ] [90m[1msavepack[22m | 保存文件：res://assets/reanim/Tanglekelp_grab_back4.png.import[39m[0m
[  57% ] [90m[1msavepack[22m | 保存文件：res://.godot/imported/Tanglekelp_grab_front1.png-8a5fcdfa676a549ddb4a77dec4855dff.ctex[39m[0m
[  57% ] [90m[1msavepack[22m | 保存文件：res://assets/reanim/Tanglekelp_grab_front1.png.import[39m[0m
[  57% ] [90m[1msavepack[22m | 保存文件：res://.godot/imported/Tanglekelp_grab_front2.png-bd1a52b86c57d76c851948fe9b4ae44e.ctex[39m[0m
[  57% ] [90m[1msavepack[22m | 保存文件：res://assets/reanim/Tanglekelp_grab_front2.png.import[39m[0m
[  57% ] [90m[1msavepack[22m | 保存文件：res://.godot/imported/Tanglekelp_grab_front3.png-463978c56124902e1fbd9fea88587628.ctex[39m[0m
[  57% ] [90m[1msavepack[22m | 保存文件：res://assets/reanim/Tanglekelp_grab_front3.png.import[39m[0m
[  57% ] [90m[1msavepack[22m | 保存文件：res://.godot/imported/Tanglekelp_grab_front4.png-f77a3a0a23242aae4b990d7ee01343e8.ctex[39m[0m
[  57% ] [90m[1msavepack[22m | 保存文件：res://assets/reanim/Tanglekelp_grab_front4.png.import[39m[0m
[  57% ] [90m[1msavepack[22m | 保存文件：res://.godot/imported/Tanglekelp_grab_front5.png-caf39a3bcfd41c6525aa85ea5e4b6e99.ctex[39m[0m
[  57% ] [90m[1msavepack[22m | 保存文件：res://assets/reanim/Tanglekelp_grab_front5.png.import[39m[0m
[  57% ] [90m[1msavepack[22m | 保存文件：res://.godot/imported/Tanglekelp_whitewater1.png-2d6be94d8289e340e5dd464018988a85.ctex[39m[0m
[  57% ] [90m[1msavepack[22m | 保存文件：res://assets/reanim/Tanglekelp_whitewater1.png.import[39m[0m
[  57% ] [90m[1msavepack[22m | 保存文件：res://.godot/imported/Tanglekelp_whitewater2.png-7a2cd614669dcba7f8bc190501103f75.ctex[39m[0m
[  57% ] [90m[1msavepack[22m | 保存文件：res://assets/reanim/Tanglekelp_whitewater2.png.import[39m[0m
[  57% ] [90m[1msavepack[22m | 保存文件：res://.godot/imported/Tanglekelp_whitewater3.png-1b2c1b8b4842b3994fd844bd6045c030.ctex[39m[0m
[  57% ] [90m[1msavepack[22m | 保存文件：res://assets/reanim/Tanglekelp_whitewater3.png.import[39m[0m
[  57% ] [90m[1msavepack[22m | 保存文件：res://.godot/imported/Tanglekelp_whitewater.png-c589bbf5abb49a47b37decca4daf1f18.ctex[39m[0m
[  57% ] [90m[1msavepack[22m | 保存文件：res://assets/reanim/Tanglekelp_whitewater.png.import[39m[0m
[  57% ] [90m[1msavepack[22m | 保存文件：res://.godot/imported/ThreePeater_blink1.png-38a418f05bb0326ec056e479fe57d7a3.ctex[39m[0m
[  57% ] [90m[1msavepack[22m | 保存文件：res://assets/reanim/ThreePeater_blink1.png.import[39m[0m
[  57% ] [90m[1msavepack[22m | 保存文件：res://.godot/imported/ThreePeater_blink2.png-84ad14e0c5f5e2cf980ac16c34acd5ba.ctex[39m[0m
[  57% ] [90m[1msavepack[22m | 保存文件：res://assets/reanim/ThreePeater_blink2.png.import[39m[0m
[  57% ] [90m[1msavepack[22m | 保存文件：res://.godot/imported/ThreePeater_head.png-45e9cd1cb0751a0e2cc1ba29a9281b1e.ctex[39m[0m
[  57% ] [90m[1msavepack[22m | 保存文件：res://assets/reanim/ThreePeater_head.png.import[39m[0m
[  57% ] [90m[1msavepack[22m | 保存文件：res://.godot/imported/ThreePeater_headleaf1.png-579642c743ea699fc63124c9f2a3d14d.ctex[39m[0m
[  57% ] [90m[1msavepack[22m | 保存文件：res://assets/reanim/ThreePeater_headleaf1.png.import[39m[0m
[  57% ] [90m[1msavepack[22m | 保存文件：res://.godot/imported/ThreePeater_headleaf2.png-90a7fd00d137c948940c8eab2286a31a.ctex[39m[0m
[  57% ] [90m[1msavepack[22m | 保存文件：res://assets/reanim/ThreePeater_headleaf2.png.import[39m[0m
[  57% ] [90m[1msavepack[22m | 保存文件：res://.godot/imported/ThreePeater_headleaf3.png-b0afa5fa44e8d3d9007a76ce1841f149.ctex[39m[0m
[  57% ] [90m[1msavepack[22m | 保存文件：res://assets/reanim/ThreePeater_headleaf3.png.import[39m[0m
[  57% ] [90m[1msavepack[22m | 保存文件：res://.godot/imported/ThreePeater_mouth.png-bdb6f1062a6cc448b2632faa6e69415f.ctex[39m[0m
[  57% ] [90m[1msavepack[22m | 保存文件：res://assets/reanim/ThreePeater_mouth.png.import[39m[0m
[  57% ] [90m[1msavepack[22m | 保存文件：res://.godot/imported/ThreePeater_stem1.png-986dcc19f8838e29b859eaf3e7486654.ctex[39m[0m
[  57% ] [90m[1msavepack[22m | 保存文件：res://assets/reanim/ThreePeater_stem1.png.import[39m[0m
[  57% ] [90m[1msavepack[22m | 保存文件：res://.godot/imported/ThreePeater_stem2.png-fff8537809ad8959354ee74840072495.ctex[39m[0m
[  57% ] [90m[1msavepack[22m | 保存文件：res://assets/reanim/ThreePeater_stem2.png.import[39m[0m
[  57% ] [90m[1msavepack[22m | 保存文件：res://.godot/imported/ThreePeater_stem3.png-336c594c44eeba02b8bcad70d6b320a2.ctex[39m[0m
[  57% ] [90m[1msavepack[22m | 保存文件：res://assets/reanim/ThreePeater_stem3.png.import[39m[0m
[  57% ] [90m[1msavepack[22m | 保存文件：res://.godot/imported/tidBits_00.png-8cf210787279bb49c200e8c82e72a1e0.ctex[39m[0m
[  57% ] [90m[1msavepack[22m | 保存文件：res://assets/reanim/tidBits_00.png.import[39m[0m
[  57% ] [90m[1msavepack[22m | 保存文件：res://.godot/imported/tidBits_00_line.png-7c5a8e24869f220f25f347d2611e8fda.ctex[39m[0m
[  57% ] [90m[1msavepack[22m | 保存文件：res://assets/reanim/tidBits_00_line.png.import[39m[0m
[  57% ] [90m[1msavepack[22m | 保存文件：res://.godot/imported/tidBits_01.png-fbce71d173980529df7ecbc17905e4b4.ctex[39m[0m
[  57% ] [90m[1msavepack[22m | 保存文件：res://assets/reanim/tidBits_01.png.import[39m[0m
[  57% ] [90m[1msavepack[22m | 保存文件：res://.godot/imported/tidBits_01_line.png-b2d4cd3d3bc0eeb7adf8fe8f7b48ab9b.ctex[39m[0m
[  57% ] [90m[1msavepack[22m | 保存文件：res://assets/reanim/tidBits_01_line.png.import[39m[0m
[  57% ] [90m[1msavepack[22m | 保存文件：res://.godot/imported/tidBits_02.png-9cd789de6643f5d399c058fb9b082729.ctex[39m[0m
[  57% ] [90m[1msavepack[22m | 保存文件：res://assets/reanim/tidBits_02.png.import[39m[0m
[  57% ] [90m[1msavepack[22m | 保存文件：res://.godot/imported/tidBits_03.png-5a86c20158dce245ebb686332e8f0ee6.ctex[39m[0m
[  57% ] [90m[1msavepack[22m | 保存文件：res://assets/reanim/tidBits_03.png.import[39m[0m
[  57% ] [90m[1msavepack[22m | 保存文件：res://.godot/imported/tidBits_04.png-11b5443567e41600e3601900f65fdb11.ctex[39m[0m
[  57% ] [90m[1msavepack[22m | 保存文件：res://assets/reanim/tidBits_04.png.import[39m[0m
[  57% ] [90m[1msavepack[22m | 保存文件：res://.godot/imported/tidBits_05.png-ca3b6334da8acbd769b26e309f8b1758.ctex[39m[0m
[  57% ] [90m[1msavepack[22m | 保存文件：res://assets/reanim/tidBits_05.png.import[39m[0m
[  57% ] [90m[1msavepack[22m | 保存文件：res://.godot/imported/tidBits_06.png-470bc7f512066059b5db20e695b14ffb.ctex[39m[0m
[  57% ] [90m[1msavepack[22m | 保存文件：res://assets/reanim/tidBits_06.png.import[39m[0m
[  57% ] [90m[1msavepack[22m | 保存文件：res://.godot/imported/tidBits_07.png-534c4e36b0462e4e831e0d1bce7df219.ctex[39m[0m
[  57% ] [90m[1msavepack[22m | 保存文件：res://assets/reanim/tidBits_07.png.import[39m[0m
[  57% ] [90m[1msavepack[22m | 保存文件：res://.godot/imported/tidBits_08.png-a93c9b4fc4e131546832c46f69cf25c3.ctex[39m[0m
[  57% ] [90m[1msavepack[22m | 保存文件：res://assets/reanim/tidBits_08.png.import[39m[0m
[  57% ] [90m[1msavepack[22m | 保存文件：res://.godot/imported/tidBits_09.png-acbc16f662890749decbd0d335116975.ctex[39m[0m
[  57% ] [90m[1msavepack[22m | 保存文件：res://assets/reanim/tidBits_09.png.import[39m[0m
[  57% ] [90m[1msavepack[22m | 保存文件：res://.godot/imported/tidBits_09_line.png-48e860a2ee42665ad1a6a79ac1d1abef.ctex[39m[0m
[  57% ] [90m[1msavepack[22m | 保存文件：res://assets/reanim/tidBits_09_line.png.import[39m[0m
[  57% ] [90m[1msavepack[22m | 保存文件：res://.godot/imported/tidBits_10.png-79b2af724db1d1ef48ea2bfd4dc72388.ctex[39m[0m
[  57% ] [90m[1msavepack[22m | 保存文件：res://assets/reanim/tidBits_10.png.import[39m[0m
[  58% ] [90m[1msavepack[22m | 保存文件：res://.godot/imported/tidBits_10_line.png-9263d362cd12cd04df6b6dfffa67c39b.ctex[39m[0m
[  58% ] [90m[1msavepack[22m | 保存文件：res://assets/reanim/tidBits_10_line.png.import[39m[0m
[  58% ] [90m[1msavepack[22m | 保存文件：res://.godot/imported/tidBits_11.png-3c7cadf5983e54d595179aab95b3f6d6.ctex[39m[0m
[  58% ] [90m[1msavepack[22m | 保存文件：res://assets/reanim/tidBits_11.png.import[39m[0m
[  58% ] [90m[1msavepack[22m | 保存文件：res://.godot/imported/tidBits_11_line.png-092477776e33762b434e75b6a9466a1b.ctex[39m[0m
[  58% ] [90m[1msavepack[22m | 保存文件：res://assets/reanim/tidBits_11_line.png.import[39m[0m
[  58% ] [90m[1msavepack[22m | 保存文件：res://.godot/imported/tidBits_12.png-3870fb356f81906e87c6fcd2ef389898.ctex[39m[0m
[  58% ] [90m[1msavepack[22m | 保存文件：res://assets/reanim/tidBits_12.png.import[39m[0m
[  58% ] [90m[1msavepack[22m | 保存文件：res://.godot/imported/tidBits_13.png-cafb427e6b43a3dcc091d8e97fc00045.ctex[39m[0m
[  58% ] [90m[1msavepack[22m | 保存文件：res://assets/reanim/tidBits_13.png.import[39m[0m
[  58% ] [90m[1msavepack[22m | 保存文件：res://.godot/imported/Torchwood_body.png-e376e939daa055c8b74eb8c3588b2780.ctex[39m[0m
[  58% ] [90m[1msavepack[22m | 保存文件：res://assets/reanim/Torchwood_body.png.import[39m[0m
[  58% ] [90m[1msavepack[22m | 保存文件：res://.godot/imported/Torchwood_eyes1.png-f862b059b14d4c852f7e6b478fa1c01b.ctex[39m[0m
[  58% ] [90m[1msavepack[22m | 保存文件：res://assets/reanim/Torchwood_eyes1.png.import[39m[0m
[  58% ] [90m[1msavepack[22m | 保存文件：res://.godot/imported/Torchwood_eyes2.png-85092d3b41f74a0a71908f0d1abab9ef.ctex[39m[0m
[  58% ] [90m[1msavepack[22m | 保存文件：res://assets/reanim/Torchwood_eyes2.png.import[39m[0m
[  58% ] [90m[1msavepack[22m | 保存文件：res://.godot/imported/Torchwood_fire1a.png-3829da485f06438a65bb6bb0bcd5d245.ctex[39m[0m
[  58% ] [90m[1msavepack[22m | 保存文件：res://assets/reanim/Torchwood_fire1a.png.import[39m[0m
[  58% ] [90m[1msavepack[22m | 保存文件：res://.godot/imported/Torchwood_fire1b.png-0fba6c6d8da601edf5a614d9bdb27cbf.ctex[39m[0m
[  58% ] [90m[1msavepack[22m | 保存文件：res://assets/reanim/Torchwood_fire1b.png.import[39m[0m
[  58% ] [90m[1msavepack[22m | 保存文件：res://.godot/imported/Torchwood_fire1c.png-093d96a96474bbbd0179681071cb5c0b.ctex[39m[0m
[  58% ] [90m[1msavepack[22m | 保存文件：res://assets/reanim/Torchwood_fire1c.png.import[39m[0m
[  58% ] [90m[1msavepack[22m | 保存文件：res://.godot/imported/Torchwood_mouth.png-3dcadbbf5d178a263899f2156ff0a8c4.ctex[39m[0m
[  58% ] [90m[1msavepack[22m | 保存文件：res://assets/reanim/Torchwood_mouth.png.import[39m[0m
[  58% ] [90m[1msavepack[22m | 保存文件：res://.godot/imported/Torchwood_spark.png-ce4a24a4be53f79dac2b7eaf13c3a3b5.ctex[39m[0m
[  58% ] [90m[1msavepack[22m | 保存文件：res://assets/reanim/Torchwood_spark.png.import[39m[0m
[  58% ] [90m[1msavepack[22m | 保存文件：res://.godot/imported/tree01.png-6863a319d01b677d94c9d8ed06f054a6.ctex[39m[0m
[  58% ] [90m[1msavepack[22m | 保存文件：res://assets/reanim/tree01.png.import[39m[0m
[  58% ] [90m[1msavepack[22m | 保存文件：res://.godot/imported/tree1.png-0a36b2687090cba9d409388ff09a5050.ctex[39m[0m
[  58% ] [90m[1msavepack[22m | 保存文件：res://assets/reanim/tree1.png.import[39m[0m
[  58% ] [90m[1msavepack[22m | 保存文件：res://.godot/imported/tree2.png-175c63693aa1e4c53d996260a18adfa6.ctex[39m[0m
[  58% ] [90m[1msavepack[22m | 保存文件：res://assets/reanim/tree2.png.import[39m[0m
[  58% ] [90m[1msavepack[22m | 保存文件：res://.godot/imported/tree3.png-7ba406fa215c24463f9e4376a22c7ab8.ctex[39m[0m
[  58% ] [90m[1msavepack[22m | 保存文件：res://assets/reanim/tree3.png.import[39m[0m
[  58% ] [90m[1msavepack[22m | 保存文件：res://.godot/imported/tree4.png-392f2d053475dd79663468132a1e2b1e.ctex[39m[0m
[  58% ] [90m[1msavepack[22m | 保存文件：res://assets/reanim/tree4.png.import[39m[0m
[  58% ] [90m[1msavepack[22m | 保存文件：res://.godot/imported/tree5.png-734b887f91ceee6bd4619766e179f5a4.ctex[39m[0m
[  58% ] [90m[1msavepack[22m | 保存文件：res://assets/reanim/tree5.png.import[39m[0m
[  58% ] [90m[1msavepack[22m | 保存文件：res://.godot/imported/tree6.jpg-e8bf1ffcda674c1af8d41ab212069f0c.ctex[39m[0m
[  58% ] [90m[1msavepack[22m | 保存文件：res://assets/reanim/tree6.jpg.import[39m[0m
[  58% ] [90m[1msavepack[22m | 保存文件：res://.godot/imported/tree6_.png-4bbaa1953b5f682ba77089db28588a03.ctex[39m[0m
[  58% ] [90m[1msavepack[22m | 保存文件：res://assets/reanim/tree6_.png.import[39m[0m
[  58% ] [90m[1msavepack[22m | 保存文件：res://.godot/imported/tree7.jpg-f5e8751b64f5d26240b5276167dc5bf1.ctex[39m[0m
[  58% ] [90m[1msavepack[22m | 保存文件：res://assets/reanim/tree7.jpg.import[39m[0m
[  58% ] [90m[1msavepack[22m | 保存文件：res://.godot/imported/tree7_.png-54c4a48f7c4616e10dce28e193a2f1d0.ctex[39m[0m
[  58% ] [90m[1msavepack[22m | 保存文件：res://assets/reanim/tree7_.png.import[39m[0m
[  58% ] [90m[1msavepack[22m | 保存文件：res://.godot/imported/tree8.jpg-bc6e5a537a490febe0bfe858d41f353e.ctex[39m[0m
[  58% ] [90m[1msavepack[22m | 保存文件：res://assets/reanim/tree8.jpg.import[39m[0m
[  58% ] [90m[1msavepack[22m | 保存文件：res://.godot/imported/tree8_.png-916609fe1827888400263b3d1ec05a50.ctex[39m[0m
[  58% ] [90m[1msavepack[22m | 保存文件：res://assets/reanim/tree8_.png.import[39m[0m
[  58% ] [90m[1msavepack[22m | 保存文件：res://.godot/imported/tree9.jpg-9f005b8f0548ebbcdc8302bf1496b2ad.ctex[39m[0m
[  58% ] [90m[1msavepack[22m | 保存文件：res://assets/reanim/tree9.jpg.import[39m[0m
[  58% ] [90m[1msavepack[22m | 保存文件：res://.godot/imported/tree9_.png-29e10f0be6c8dc76f2359fc418a9fe13.ctex[39m[0m
[  58% ] [90m[1msavepack[22m | 保存文件：res://assets/reanim/tree9_.png.import[39m[0m
[  58% ] [90m[1msavepack[22m | 保存文件：res://.godot/imported/TreeFood2.png-688949188964726393d599535c9d5db6.ctex[39m[0m
[  58% ] [90m[1msavepack[22m | 保存文件：res://assets/reanim/TreeFood2.png.import[39m[0m
[  58% ] [90m[1msavepack[22m | 保存文件：res://.godot/imported/TreeFood3.png-7a94a8548370fbee67e33fbe574d7c0f.ctex[39m[0m
[  58% ] [90m[1msavepack[22m | 保存文件：res://assets/reanim/TreeFood3.png.import[39m[0m
[  58% ] [90m[1msavepack[22m | 保存文件：res://.godot/imported/TreeFood4.png-c2967f5eae0068e1a088f2bf1cce1b31.ctex[39m[0m
[  58% ] [90m[1msavepack[22m | 保存文件：res://assets/reanim/TreeFood4.png.import[39m[0m
[  58% ] [90m[1msavepack[22m | 保存文件：res://.godot/imported/TreeFood.png-3d3d93420079eedf6cafdbd05cc3b7b5.ctex[39m[0m
[  58% ] [90m[1msavepack[22m | 保存文件：res://assets/reanim/TreeFood.png.import[39m[0m
[  58% ] [90m[1msavepack[22m | 保存文件：res://.godot/imported/tree_bg.jpg-9d07c733ed7a9429e296cec12ca58531.ctex[39m[0m
[  58% ] [90m[1msavepack[22m | 保存文件：res://assets/reanim/tree_bg.jpg.import[39m[0m
[  58% ] [90m[1msavepack[22m | 保存文件：res://.godot/imported/tree_grass.jpg-5410b4318ab1028539dbbb4a5324572a.ctex[39m[0m
[  58% ] [90m[1msavepack[22m | 保存文件：res://assets/reanim/tree_grass.jpg.import[39m[0m
[  58% ] [90m[1msavepack[22m | 保存文件：res://.godot/imported/tree_grass_.png-6b800b4620ddf9469088682a91d13f8e.ctex[39m[0m
[  58% ] [90m[1msavepack[22m | 保存文件：res://assets/reanim/tree_grass_.png.import[39m[0m
[  58% ] [90m[1msavepack[22m | 保存文件：res://.godot/imported/tree_overlay4.png-2777281c021d15d2904513d70059a6ba.ctex[39m[0m
[  58% ] [90m[1msavepack[22m | 保存文件：res://assets/reanim/tree_overlay4.png.import[39m[0m
[  58% ] [90m[1msavepack[22m | 保存文件：res://.godot/imported/tree_overlay5.png-f4a7818346126b31433b8760942e9d38.ctex[39m[0m
[  58% ] [90m[1msavepack[22m | 保存文件：res://assets/reanim/tree_overlay5.png.import[39m[0m
[  58% ] [90m[1msavepack[22m | 保存文件：res://.godot/imported/tree_overlay6.png-654fd479a9f244669e47b611b741c2cd.ctex[39m[0m
[  58% ] [90m[1msavepack[22m | 保存文件：res://assets/reanim/tree_overlay6.png.import[39m[0m
[  58% ] [90m[1msavepack[22m | 保存文件：res://.godot/imported/tree_overlay7.png-f57d2e3996cd298744032968b6cb8423.ctex[39m[0m
[  58% ] [90m[1msavepack[22m | 保存文件：res://assets/reanim/tree_overlay7.png.import[39m[0m
[  59% ] [90m[1msavepack[22m | 保存文件：res://.godot/imported/tree_overlay8.jpg-60cdb52a7ad8e30799a8168fcecc8278.ctex[39m[0m
[  59% ] [90m[1msavepack[22m | 保存文件：res://assets/reanim/tree_overlay8.jpg.import[39m[0m
[  59% ] [90m[1msavepack[22m | 保存文件：res://.godot/imported/tree_overlay8_.png-805875544ab01ab8ea5dc781c00813c6.ctex[39m[0m
[  59% ] [90m[1msavepack[22m | 保存文件：res://assets/reanim/tree_overlay8_.png.import[39m[0m
[  59% ] [90m[1msavepack[22m | 保存文件：res://.godot/imported/tree_overlay9.jpg-512e43d5aad612179c0ddbdc033a2bd7.ctex[39m[0m
[  59% ] [90m[1msavepack[22m | 保存文件：res://assets/reanim/tree_overlay9.jpg.import[39m[0m
[  59% ] [90m[1msavepack[22m | 保存文件：res://.godot/imported/tree_overlay9_.png-42f465ea82a4f0c942989bd1464e5bc2.ctex[39m[0m
[  59% ] [90m[1msavepack[22m | 保存文件：res://assets/reanim/tree_overlay9_.png.import[39m[0m
[  59% ] [90m[1msavepack[22m | 保存文件：res://.godot/imported/TwinSunflower_leaf.png-13451c5425bee6b716b94cb25b0fa75d.ctex[39m[0m
[  59% ] [90m[1msavepack[22m | 保存文件：res://assets/reanim/TwinSunflower_leaf.png.import[39m[0m
[  59% ] [90m[1msavepack[22m | 保存文件：res://.godot/imported/TwinSunflower_stem1.png-65b8040dfa5dde2be1d032ae83c4baaa.ctex[39m[0m
[  59% ] [90m[1msavepack[22m | 保存文件：res://assets/reanim/TwinSunflower_stem1.png.import[39m[0m
[  59% ] [90m[1msavepack[22m | 保存文件：res://.godot/imported/TwinSunflower_stem2.png-d3fa39cbb07858d114020ad9f12a0c6f.ctex[39m[0m
[  59% ] [90m[1msavepack[22m | 保存文件：res://assets/reanim/TwinSunflower_stem2.png.import[39m[0m
[  59% ] [90m[1msavepack[22m | 保存文件：res://.godot/imported/Umbrellaleaf_blink1.png-be53a50284975a05c3b1d8be118f4cb6.ctex[39m[0m
[  59% ] [90m[1msavepack[22m | 保存文件：res://assets/reanim/Umbrellaleaf_blink1.png.import[39m[0m
[  59% ] [90m[1msavepack[22m | 保存文件：res://.godot/imported/Umbrellaleaf_blink2.png-99d033fffd5225dc6dfadb81a659142f.ctex[39m[0m
[  59% ] [90m[1msavepack[22m | 保存文件：res://assets/reanim/Umbrellaleaf_blink2.png.import[39m[0m
[  59% ] [90m[1msavepack[22m | 保存文件：res://.godot/imported/Umbrellaleaf_body.png-36851f9f5a413a723c8b362b42d1b898.ctex[39m[0m
[  59% ] [90m[1msavepack[22m | 保存文件：res://assets/reanim/Umbrellaleaf_body.png.import[39m[0m
[  59% ] [90m[1msavepack[22m | 保存文件：res://.godot/imported/Umbrellaleaf_leaf1.png-cfe02c04f9f23fb38baff5cc1bcf9877.ctex[39m[0m
[  59% ] [90m[1msavepack[22m | 保存文件：res://assets/reanim/Umbrellaleaf_leaf1.png.import[39m[0m
[  59% ] [90m[1msavepack[22m | 保存文件：res://.godot/imported/Umbrellaleaf_leaf2.png-93192135be41428460c6fdbce6917159.ctex[39m[0m
[  59% ] [90m[1msavepack[22m | 保存文件：res://assets/reanim/Umbrellaleaf_leaf2.png.import[39m[0m
[  59% ] [90m[1msavepack[22m | 保存文件：res://.godot/imported/Umbrellaleaf_leaf3.png-c70675d61ea9f6e20c31bd8120610775.ctex[39m[0m
[  59% ] [90m[1msavepack[22m | 保存文件：res://assets/reanim/Umbrellaleaf_leaf3.png.import[39m[0m
[  59% ] [90m[1msavepack[22m | 保存文件：res://.godot/imported/Umbrellaleaf_leaf4.png-f78643239c9fb9a516ef93c5cb4fb6e8.ctex[39m[0m
[  59% ] [90m[1msavepack[22m | 保存文件：res://assets/reanim/Umbrellaleaf_leaf4.png.import[39m[0m
[  59% ] [90m[1msavepack[22m | 保存文件：res://.godot/imported/Umbrellaleaf_leaf5.png-638f07f6477ee9ee654ba3d5f8f1debb.ctex[39m[0m
[  59% ] [90m[1msavepack[22m | 保存文件：res://assets/reanim/Umbrellaleaf_leaf5.png.import[39m[0m
[  59% ] [90m[1msavepack[22m | 保存文件：res://.godot/imported/Umbrellaleaf_leaf6.png-240d05335b7c92b6c3aec17f51f6bd6f.ctex[39m[0m
[  59% ] [90m[1msavepack[22m | 保存文件：res://assets/reanim/Umbrellaleaf_leaf6.png.import[39m[0m
[  59% ] [90m[1msavepack[22m | 保存文件：res://.godot/imported/Umbrellaleaf_leaf7.png-f2089e6e6904fa90819a834351c03d57.ctex[39m[0m
[  59% ] [90m[1msavepack[22m | 保存文件：res://assets/reanim/Umbrellaleaf_leaf7.png.import[39m[0m
[  59% ] [90m[1msavepack[22m | 保存文件：res://.godot/imported/Wallnut_blink1.png-c89abd29e8df657d0c6e95ac7c70f244.ctex[39m[0m
[  59% ] [90m[1msavepack[22m | 保存文件：res://assets/reanim/Wallnut_blink1.png.import[39m[0m
[  59% ] [90m[1msavepack[22m | 保存文件：res://.godot/imported/Wallnut_blink2.png-76ac086e7f7b39cae15575dfc3c15a59.ctex[39m[0m
[  59% ] [90m[1msavepack[22m | 保存文件：res://assets/reanim/Wallnut_blink2.png.import[39m[0m
[  59% ] [90m[1msavepack[22m | 保存文件：res://.godot/imported/Wallnut_body.png-235ccc0c6b67cf21bf32461ec47e5e9e.ctex[39m[0m
[  59% ] [90m[1msavepack[22m | 保存文件：res://assets/reanim/Wallnut_body.png.import[39m[0m
[  59% ] [90m[1msavepack[22m | 保存文件：res://.godot/imported/Wallnut_cracked1.png-9936910b3334bdeed20bd45841d7bfc1.ctex[39m[0m
[  59% ] [90m[1msavepack[22m | 保存文件：res://assets/reanim/Wallnut_cracked1.png.import[39m[0m
[  59% ] [90m[1msavepack[22m | 保存文件：res://.godot/imported/Wallnut_cracked2.png-9f1c1f55601ec6bfaf20ccabbaeb6a54.ctex[39m[0m
[  59% ] [90m[1msavepack[22m | 保存文件：res://assets/reanim/Wallnut_cracked2.png.import[39m[0m
[  59% ] [90m[1msavepack[22m | 保存文件：res://.godot/imported/Wallnut_twitch.png-4b56789d91c2234a15c4b96215008426.ctex[39m[0m
[  59% ] [90m[1msavepack[22m | 保存文件：res://assets/reanim/Wallnut_twitch.png.import[39m[0m
[  59% ] [90m[1msavepack[22m | 保存文件：res://.godot/imported/WinterMelon_basket.png-36494d2d08b8c273c5c67a25ca07df46.ctex[39m[0m
[  59% ] [90m[1msavepack[22m | 保存文件：res://assets/reanim/WinterMelon_basket.png.import[39m[0m
[  59% ] [90m[1msavepack[22m | 保存文件：res://.godot/imported/WinterMelon_basket_overlay.png-17082c05dc5d94063656b617bf57bb81.ctex[39m[0m
[  59% ] [90m[1msavepack[22m | 保存文件：res://assets/reanim/WinterMelon_basket_overlay.png.import[39m[0m
[  59% ] [90m[1msavepack[22m | 保存文件：res://.godot/imported/WinterMelon_blink1.png-db7c6747b6448150663ba7127a425642.ctex[39m[0m
[  59% ] [90m[1msavepack[22m | 保存文件：res://assets/reanim/WinterMelon_blink1.png.import[39m[0m
[  59% ] [90m[1msavepack[22m | 保存文件：res://.godot/imported/WinterMelon_blink2.png-78b203a6a30dc02e51d87df89b306729.ctex[39m[0m
[  59% ] [90m[1msavepack[22m | 保存文件：res://assets/reanim/WinterMelon_blink2.png.import[39m[0m
[  59% ] [90m[1msavepack[22m | 保存文件：res://.godot/imported/WinterMelon_eyebrow.png-be588fa7afc04e511810c2a9e59217af.ctex[39m[0m
[  59% ] [90m[1msavepack[22m | 保存文件：res://assets/reanim/WinterMelon_eyebrow.png.import[39m[0m
[  59% ] [90m[1msavepack[22m | 保存文件：res://.godot/imported/WinterMelon_melon.png-4917551ed5a833ff9367c602644194e8.ctex[39m[0m
[  59% ] [90m[1msavepack[22m | 保存文件：res://assets/reanim/WinterMelon_melon.png.import[39m[0m
[  59% ] [90m[1msavepack[22m | 保存文件：res://.godot/imported/WinterMelon_projectile.png-0ed4c5d1a4043960d048b7168174fca9.ctex[39m[0m
[  59% ] [90m[1msavepack[22m | 保存文件：res://assets/reanim/WinterMelon_projectile.png.import[39m[0m
[  59% ] [90m[1msavepack[22m | 保存文件：res://.godot/imported/WinterMelon_stalk.png-84fc13944d78a74e70937e82e4b21d57.ctex[39m[0m
[  59% ] [90m[1msavepack[22m | 保存文件：res://assets/reanim/WinterMelon_stalk.png.import[39m[0m
[  59% ] [90m[1msavepack[22m | 保存文件：res://.godot/imported/Z.png-ef353141770b37e71f16e14299c621aa.ctex[39m[0m
[  59% ] [90m[1msavepack[22m | 保存文件：res://assets/reanim/Z.png.import[39m[0m
[  59% ] [90m[1msavepack[22m | 保存文件：res://.godot/imported/ZenGarden-wateringcan4.png-df2a143904dde8d20af3efd105660cbc.ctex[39m[0m
[  59% ] [90m[1msavepack[22m | 保存文件：res://assets/reanim/ZenGarden-wateringcan4.png.import[39m[0m
[  59% ] [90m[1msavepack[22m | 保存文件：res://.godot/imported/ZenGarden_bugspray_bottle.png-182da74a492b5b688e58a110363cbf17.ctex[39m[0m
[  59% ] [90m[1msavepack[22m | 保存文件：res://assets/reanim/ZenGarden_bugspray_bottle.png.import[39m[0m
[  59% ] [90m[1msavepack[22m | 保存文件：res://.godot/imported/ZenGarden_bugspray_spray1.png-624bb430a6de9cf50009bd5a8296a2fe.ctex[39m[0m
[  59% ] [90m[1msavepack[22m | 保存文件：res://assets/reanim/ZenGarden_bugspray_spray1.png.import[39m[0m
[  59% ] [90m[1msavepack[22m | 保存文件：res://.godot/imported/ZenGarden_bugspray_spray2.png-65394c23b2a230fdc9a084b16d13801c.ctex[39m[0m
[  59% ] [90m[1msavepack[22m | 保存文件：res://assets/reanim/ZenGarden_bugspray_spray2.png.import[39m[0m
[  59% ] [90m[1msavepack[22m | 保存文件：res://.godot/imported/ZenGarden_bugspray_spray3.png-392dba2186760f51577e0e72d1d519b6.ctex[39m[0m
[  59% ] [90m[1msavepack[22m | 保存文件：res://assets/reanim/ZenGarden_bugspray_spray3.png.import[39m[0m
[  59% ] [90m[1msavepack[22m | 保存文件：res://.godot/imported/ZenGarden_bugspray_spray4.png-8745340c8cb50f68157b3e1b08135e20.ctex[39m[0m
[  59% ] [90m[1msavepack[22m | 保存文件：res://assets/reanim/ZenGarden_bugspray_spray4.png.import[39m[0m
[  60% ] [90m[1msavepack[22m | 保存文件：res://.godot/imported/ZenGarden_bugspray_trigger.png-24b46c2d15ea9e911303bd827fbbd736.ctex[39m[0m
[  60% ] [90m[1msavepack[22m | 保存文件：res://assets/reanim/ZenGarden_bugspray_trigger.png.import[39m[0m
[  60% ] [90m[1msavepack[22m | 保存文件：res://.godot/imported/ZenGarden_fertilizer_bag2.png-58fa26871f502541d8119e4112143f60.ctex[39m[0m
[  60% ] [90m[1msavepack[22m | 保存文件：res://assets/reanim/ZenGarden_fertilizer_bag2.png.import[39m[0m
[  60% ] [90m[1msavepack[22m | 保存文件：res://.godot/imported/ZenGarden_fertilizer_bag3.png-8a7c17cf17252b9feab4f6e7806bdca3.ctex[39m[0m
[  60% ] [90m[1msavepack[22m | 保存文件：res://assets/reanim/ZenGarden_fertilizer_bag3.png.import[39m[0m
[  60% ] [90m[1msavepack[22m | 保存文件：res://.godot/imported/ZenGarden_fertilizer_bag4.png-35a7ec6167c06e22e0ca9ea0582c9229.ctex[39m[0m
[  60% ] [90m[1msavepack[22m | 保存文件：res://assets/reanim/ZenGarden_fertilizer_bag4.png.import[39m[0m
[  60% ] [90m[1msavepack[22m | 保存文件：res://.godot/imported/ZenGarden_fertilizer_seed1.png-0851acf7e7ad1df6f71b4b78f523244b.ctex[39m[0m
[  60% ] [90m[1msavepack[22m | 保存文件：res://assets/reanim/ZenGarden_fertilizer_seed1.png.import[39m[0m
[  60% ] [90m[1msavepack[22m | 保存文件：res://.godot/imported/ZenGarden_fertilizer_seed2.png-f130c9aca7689bc25478ee78920d7505.ctex[39m[0m
[  60% ] [90m[1msavepack[22m | 保存文件：res://assets/reanim/ZenGarden_fertilizer_seed2.png.import[39m[0m
[  60% ] [90m[1msavepack[22m | 保存文件：res://.godot/imported/ZenGarden_fertilizer_seed3.png-d97e526e7e2226cf940e2f779c492a95.ctex[39m[0m
[  60% ] [90m[1msavepack[22m | 保存文件：res://assets/reanim/ZenGarden_fertilizer_seed3.png.import[39m[0m
[  60% ] [90m[1msavepack[22m | 保存文件：res://.godot/imported/ZenGarden_fertilizer_seed4.png-7bce77559dc53402132e157b3f1e9e01.ctex[39m[0m
[  60% ] [90m[1msavepack[22m | 保存文件：res://assets/reanim/ZenGarden_fertilizer_seed4.png.import[39m[0m
[  60% ] [90m[1msavepack[22m | 保存文件：res://.godot/imported/ZenGarden_fertilizer_seed5.png-2f43944003f068a6bc6b2e617254158f.ctex[39m[0m
[  60% ] [90m[1msavepack[22m | 保存文件：res://assets/reanim/ZenGarden_fertilizer_seed5.png.import[39m[0m
[  60% ] [90m[1msavepack[22m | 保存文件：res://.godot/imported/ZenGarden_fertilizer_seed6.png-8f7c6b81ffefbcd214b933e9633e9457.ctex[39m[0m
[  60% ] [90m[1msavepack[22m | 保存文件：res://assets/reanim/ZenGarden_fertilizer_seed6.png.import[39m[0m
[  60% ] [90m[1msavepack[22m | 保存文件：res://.godot/imported/ZenGarden_fertilize_bag1.png-c5bfbe858d56ef7c41edefb06fe45076.ctex[39m[0m
[  60% ] [90m[1msavepack[22m | 保存文件：res://assets/reanim/ZenGarden_fertilize_bag1.png.import[39m[0m
[  60% ] [90m[1msavepack[22m | 保存文件：res://.godot/imported/ZenGarden_fetilizer_seed2.png-4bc89febe4d819e19d1e1de1e11d8814.ctex[39m[0m
[  60% ] [90m[1msavepack[22m | 保存文件：res://assets/reanim/ZenGarden_fetilizer_seed2.png.import[39m[0m
[  60% ] [90m[1msavepack[22m | 保存文件：res://.godot/imported/ZenGarden_phonograph_base.png-193e6f7ee3654f06305668c9b2dee7db.ctex[39m[0m
[  60% ] [90m[1msavepack[22m | 保存文件：res://assets/reanim/ZenGarden_phonograph_base.png.import[39m[0m
[  60% ] [90m[1msavepack[22m | 保存文件：res://.godot/imported/ZenGarden_phonograph_needle.png-1ece76aea447f596cbf6f054224dadc8.ctex[39m[0m
[  60% ] [90m[1msavepack[22m | 保存文件：res://assets/reanim/ZenGarden_phonograph_needle.png.import[39m[0m
[  60% ] [90m[1msavepack[22m | 保存文件：res://.godot/imported/ZenGarden_phonograph_record.png-3d915f920ded08b230ffa6b8e2ef0dac.ctex[39m[0m
[  60% ] [90m[1msavepack[22m | 保存文件：res://assets/reanim/ZenGarden_phonograph_record.png.import[39m[0m
[  60% ] [90m[1msavepack[22m | 保存文件：res://.godot/imported/ZenGarden_phonograph_shaft1.png-756bbb5e7d736614b0da1361f51e32bc.ctex[39m[0m
[  60% ] [90m[1msavepack[22m | 保存文件：res://assets/reanim/ZenGarden_phonograph_shaft1.png.import[39m[0m
[  60% ] [90m[1msavepack[22m | 保存文件：res://.godot/imported/ZenGarden_phonograph_shaft2.png-470c60d86f138ee4b2903d546327e1bf.ctex[39m[0m
[  60% ] [90m[1msavepack[22m | 保存文件：res://assets/reanim/ZenGarden_phonograph_shaft2.png.import[39m[0m
[  60% ] [90m[1msavepack[22m | 保存文件：res://.godot/imported/ZenGarden_wateringcan1.png-6505202b18c6b966912eec9c1206a439.ctex[39m[0m
[  60% ] [90m[1msavepack[22m | 保存文件：res://assets/reanim/ZenGarden_wateringcan1.png.import[39m[0m
[  60% ] [90m[1msavepack[22m | 保存文件：res://.godot/imported/ZenGarden_wateringcan1_gold.png-b64246494e1a7ca9a867f451120b4f80.ctex[39m[0m
[  60% ] [90m[1msavepack[22m | 保存文件：res://assets/reanim/ZenGarden_wateringcan1_gold.png.import[39m[0m
[  60% ] [90m[1msavepack[22m | 保存文件：res://.godot/imported/ZenGarden_wateringcan2.png-ce4ad4988fdfa9556f247b41a5fc1d46.ctex[39m[0m
[  60% ] [90m[1msavepack[22m | 保存文件：res://assets/reanim/ZenGarden_wateringcan2.png.import[39m[0m
[  60% ] [90m[1msavepack[22m | 保存文件：res://.godot/imported/ZenGarden_wateringcan2_gold.png-a7efa918bdd6d39118faac8bfe24ff70.ctex[39m[0m
[  60% ] [90m[1msavepack[22m | 保存文件：res://assets/reanim/ZenGarden_wateringcan2_gold.png.import[39m[0m
[  60% ] [90m[1msavepack[22m | 保存文件：res://.godot/imported/ZenGarden_wateringcan3.png-74396d3c5ffeca820e3573eafe15ef8d.ctex[39m[0m
[  60% ] [90m[1msavepack[22m | 保存文件：res://assets/reanim/ZenGarden_wateringcan3.png.import[39m[0m
[  60% ] [90m[1msavepack[22m | 保存文件：res://.godot/imported/ZenGarden_wateringcan3_gold.png-7d756c51fd11ec3021522db6499bf274.ctex[39m[0m
[  60% ] [90m[1msavepack[22m | 保存文件：res://assets/reanim/ZenGarden_wateringcan3_gold.png.import[39m[0m
[  60% ] [90m[1msavepack[22m | 保存文件：res://.godot/imported/ZenGarden_wateringcan4_gold.png-06ae67d8ca61a3d881b2acc55f4e26d9.ctex[39m[0m
[  60% ] [90m[1msavepack[22m | 保存文件：res://assets/reanim/ZenGarden_wateringcan4_gold.png.import[39m[0m
[  60% ] [90m[1msavepack[22m | 保存文件：res://.godot/imported/ZenGarden_wateringcan_water1.png-a144105015925e025be3cdbd9c488a76.ctex[39m[0m
[  60% ] [90m[1msavepack[22m | 保存文件：res://assets/reanim/ZenGarden_wateringcan_water1.png.import[39m[0m
[  60% ] [90m[1msavepack[22m | 保存文件：res://.godot/imported/ZenGarden_wateringcan_water2.png-8d1c128ca097c718245ca953a5fe823e.ctex[39m[0m
[  60% ] [90m[1msavepack[22m | 保存文件：res://assets/reanim/ZenGarden_wateringcan_water2.png.import[39m[0m
[  60% ] [90m[1msavepack[22m | 保存文件：res://.godot/imported/ZenGarden_wateringcan_water3.png-55c45e0f8f91e938e18b7d47ba020aab.ctex[39m[0m
[  60% ] [90m[1msavepack[22m | 保存文件：res://assets/reanim/ZenGarden_wateringcan_water3.png.import[39m[0m
[  60% ] [90m[1msavepack[22m | 保存文件：res://.godot/imported/ZenGarden_wateringcan_water4.png-ede5113256150e36b73782b352f80707.ctex[39m[0m
[  60% ] [90m[1msavepack[22m | 保存文件：res://assets/reanim/ZenGarden_wateringcan_water4.png.import[39m[0m
[  60% ] [90m[1msavepack[22m | 保存文件：res://.godot/imported/ZenGarden_wateringcan_water5.png-9d0ebfa8bb1de168bcdc7fd03f92aec2.ctex[39m[0m
[  60% ] [90m[1msavepack[22m | 保存文件：res://assets/reanim/ZenGarden_wateringcan_water5.png.import[39m[0m
[  60% ] [90m[1msavepack[22m | 保存文件：res://.godot/imported/ZenGarden_wateringcan_water6.png-f5bb0ceca14fad89adee6096c389a39e.ctex[39m[0m
[  60% ] [90m[1msavepack[22m | 保存文件：res://assets/reanim/ZenGarden_wateringcan_water6.png.import[39m[0m
[  60% ] [90m[1msavepack[22m | 保存文件：res://.godot/imported/ZenGarden_wateringcan_water7.png-bc340f5ed2865020a952a46d0820b0b1.ctex[39m[0m
[  60% ] [90m[1msavepack[22m | 保存文件：res://assets/reanim/ZenGarden_wateringcan_water7.png.import[39m[0m
[  60% ] [90m[1msavepack[22m | 保存文件：res://.godot/imported/ZenGarden_wateringcan_water8.png-a3214b3b7d97972580a7cae1d90ddd3e.ctex[39m[0m
[  60% ] [90m[1msavepack[22m | 保存文件：res://assets/reanim/ZenGarden_wateringcan_water8.png.import[39m[0m
[  60% ] [90m[1msavepack[22m | 保存文件：res://.godot/imported/ZombiesWon.jpg-8875811970bc378a5b309177aa54e8e0.ctex[39m[0m
[  60% ] [90m[1msavepack[22m | 保存文件：res://assets/reanim/ZombiesWon.jpg.import[39m[0m
[  60% ] [90m[1msavepack[22m | 保存文件：res://.godot/imported/ZombiesWonScreen.png-6812115721534f66ba6fcff7a1342fb2.ctex[39m[0m
[  60% ] [90m[1msavepack[22m | 保存文件：res://assets/reanim/ZombiesWonScreen.png.import[39m[0m
[  60% ] [90m[1msavepack[22m | 保存文件：res://.godot/imported/ZombiesWon_.png-0ad1eedbcda5e528fdfcf625fb185189.ctex[39m[0m
[  60% ] [90m[1msavepack[22m | 保存文件：res://assets/reanim/ZombiesWon_.png.import[39m[0m
[  60% ] [90m[1msavepack[22m | 保存文件：res://.godot/imported/Zombie_backup_chops.png-937b5532291072b87a9863f8a8aa6c6b.ctex[39m[0m
[  60% ] [90m[1msavepack[22m | 保存文件：res://assets/reanim/Zombie_backup_chops.png.import[39m[0m
[  60% ] [90m[1msavepack[22m | 保存文件：res://.godot/imported/Zombie_backup_collar_overlay.png-7876d767ddc46a9820f10136dc2696f6.ctex[39m[0m
[  60% ] [90m[1msavepack[22m | 保存文件：res://assets/reanim/Zombie_backup_collar_overlay.png.import[39m[0m
[  61% ] [90m[1msavepack[22m | 保存文件：res://.godot/imported/Zombie_backup_innerarm_lower.png-c5a4a716cdeb8c0e3a34243c77893898.ctex[39m[0m
[  61% ] [90m[1msavepack[22m | 保存文件：res://assets/reanim/Zombie_backup_innerarm_lower.png.import[39m[0m
[  61% ] [90m[1msavepack[22m | 保存文件：res://.godot/imported/Zombie_backup_innerarm_upper.png-a0ca96571de8feafe6bf322a3fe9bddc.ctex[39m[0m
[  61% ] [90m[1msavepack[22m | 保存文件：res://assets/reanim/Zombie_backup_innerarm_upper.png.import[39m[0m
[  61% ] [90m[1msavepack[22m | 保存文件：res://.godot/imported/Zombie_backup_innerfoot.png-b1d95730e9b8564fce63529adad84120.ctex[39m[0m
[  61% ] [90m[1msavepack[22m | 保存文件：res://assets/reanim/Zombie_backup_innerfoot.png.import[39m[0m
[  61% ] [90m[1msavepack[22m | 保存文件：res://.godot/imported/Zombie_backup_innerhand.png-3acf8a2c7f79a46a74d1ed53cc9c34ec.ctex[39m[0m
[  61% ] [90m[1msavepack[22m | 保存文件：res://assets/reanim/Zombie_backup_innerhand.png.import[39m[0m
[  61% ] [90m[1msavepack[22m | 保存文件：res://.godot/imported/Zombie_backup_innerhand_point.png-e9ab159e0a30fd00ecd8c54aec1a7c8e.ctex[39m[0m
[  61% ] [90m[1msavepack[22m | 保存文件：res://assets/reanim/Zombie_backup_innerhand_point.png.import[39m[0m
[  61% ] [90m[1msavepack[22m | 保存文件：res://.godot/imported/Zombie_backup_innerleg_lower.png-57f6aab18280daa3d373e23a149e6e98.ctex[39m[0m
[  61% ] [90m[1msavepack[22m | 保存文件：res://assets/reanim/Zombie_backup_innerleg_lower.png.import[39m[0m
[  61% ] [90m[1msavepack[22m | 保存文件：res://.godot/imported/Zombie_backup_innerleg_upper.png-2288eb71fe1bbf947dccd60ec210b171.ctex[39m[0m
[  61% ] [90m[1msavepack[22m | 保存文件：res://assets/reanim/Zombie_backup_innerleg_upper.png.import[39m[0m
[  61% ] [90m[1msavepack[22m | 保存文件：res://.godot/imported/Zombie_backup_lowerbody.png-200b9a94bd6b273acfe1c4f5ebc2c31f.ctex[39m[0m
[  61% ] [90m[1msavepack[22m | 保存文件：res://assets/reanim/Zombie_backup_lowerbody.png.import[39m[0m
[  61% ] [90m[1msavepack[22m | 保存文件：res://.godot/imported/Zombie_backup_outerarm_lower.png-9afa5b275cba228d0bf6081c9a8d6f31.ctex[39m[0m
[  61% ] [90m[1msavepack[22m | 保存文件：res://assets/reanim/Zombie_backup_outerarm_lower.png.import[39m[0m
[  61% ] [90m[1msavepack[22m | 保存文件：res://.godot/imported/Zombie_backup_outerarm_upper.png-76a622b8e0031fdc3a8ff5539fafd537.ctex[39m[0m
[  61% ] [90m[1msavepack[22m | 保存文件：res://assets/reanim/Zombie_backup_outerarm_upper.png.import[39m[0m
[  61% ] [90m[1msavepack[22m | 保存文件：res://.godot/imported/Zombie_backup_outerarm_upper_bone.png-2be085effd6876e71ddeaa9bff680c72.ctex[39m[0m
[  61% ] [90m[1msavepack[22m | 保存文件：res://assets/reanim/Zombie_backup_outerarm_upper_bone.png.import[39m[0m
[  61% ] [90m[1msavepack[22m | 保存文件：res://.godot/imported/Zombie_backup_outerfoot_lower.png-6790d813afe52d7f5e4a5eeaa8d33f68.ctex[39m[0m
[  61% ] [90m[1msavepack[22m | 保存文件：res://assets/reanim/Zombie_backup_outerfoot_lower.png.import[39m[0m
[  61% ] [90m[1msavepack[22m | 保存文件：res://.godot/imported/Zombie_backup_outerfoot_upper.png-f3c07ca8b9125369a470c44bd1f745f0.ctex[39m[0m
[  61% ] [90m[1msavepack[22m | 保存文件：res://assets/reanim/Zombie_backup_outerfoot_upper.png.import[39m[0m
[  61% ] [90m[1msavepack[22m | 保存文件：res://.godot/imported/Zombie_backup_outerhand.png-e684facd02796e2909aa760a6890fa1b.ctex[39m[0m
[  61% ] [90m[1msavepack[22m | 保存文件：res://assets/reanim/Zombie_backup_outerhand.png.import[39m[0m
[  61% ] [90m[1msavepack[22m | 保存文件：res://.godot/imported/Zombie_backup_outerleg_lower.png-4a2b3e59137f46aa5bde0f1cf7ea732a.ctex[39m[0m
[  61% ] [90m[1msavepack[22m | 保存文件：res://assets/reanim/Zombie_backup_outerleg_lower.png.import[39m[0m
[  61% ] [90m[1msavepack[22m | 保存文件：res://.godot/imported/Zombie_backup_outerleg_upper.png-4a5602691ac075a370b9f5d607e2935e.ctex[39m[0m
[  61% ] [90m[1msavepack[22m | 保存文件：res://assets/reanim/Zombie_backup_outerleg_upper.png.import[39m[0m
[  61% ] [90m[1msavepack[22m | 保存文件：res://.godot/imported/Zombie_backup_stash.png-e6fa55da708cc513be96fe0784dc97ec.ctex[39m[0m
[  61% ] [90m[1msavepack[22m | 保存文件：res://assets/reanim/Zombie_backup_stash.png.import[39m[0m
[  61% ] [90m[1msavepack[22m | 保存文件：res://.godot/imported/Zombie_backup_upperbody.png-876f91511741c89379b77cb887ed2f74.ctex[39m[0m
[  61% ] [90m[1msavepack[22m | 保存文件：res://assets/reanim/Zombie_backup_upperbody.png.import[39m[0m
[  61% ] [90m[1msavepack[22m | 保存文件：res://.godot/imported/Zombie_balloon_body1.png-490cdc9006e56c69132156d2ce4b6ea4.ctex[39m[0m
[  61% ] [90m[1msavepack[22m | 保存文件：res://assets/reanim/Zombie_balloon_body1.png.import[39m[0m
[  61% ] [90m[1msavepack[22m | 保存文件：res://.godot/imported/Zombie_balloon_body2.png-1da67e8f5814001d526adc79ae7c83a4.ctex[39m[0m
[  61% ] [90m[1msavepack[22m | 保存文件：res://assets/reanim/Zombie_balloon_body2.png.import[39m[0m
[  61% ] [90m[1msavepack[22m | 保存文件：res://.godot/imported/Zombie_balloon_bottom.png-514518bb78f4be1f46c9045438750e74.ctex[39m[0m
[  61% ] [90m[1msavepack[22m | 保存文件：res://assets/reanim/Zombie_balloon_bottom.png.import[39m[0m
[  61% ] [90m[1msavepack[22m | 保存文件：res://.godot/imported/Zombie_balloon_hat.png-869f71d40ad0ce9b69b50b74d48f451e.ctex[39m[0m
[  61% ] [90m[1msavepack[22m | 保存文件：res://assets/reanim/Zombie_balloon_hat.png.import[39m[0m
[  61% ] [90m[1msavepack[22m | 保存文件：res://.godot/imported/Zombie_balloon_head.png-55eb2801a123f72728aad59da8312eca.ctex[39m[0m
[  61% ] [90m[1msavepack[22m | 保存文件：res://assets/reanim/Zombie_balloon_head.png.import[39m[0m
[  61% ] [90m[1msavepack[22m | 保存文件：res://.godot/imported/Zombie_balloon_innerarm_lower.png-9e6723a9dd45527d25a13ecbcb18eb1b.ctex[39m[0m
[  61% ] [90m[1msavepack[22m | 保存文件：res://assets/reanim/Zombie_balloon_innerarm_lower.png.import[39m[0m
[  61% ] [90m[1msavepack[22m | 保存文件：res://.godot/imported/Zombie_balloon_innerarm_upper.png-45f21f28bad1dafda74c09f1d0b78ddc.ctex[39m[0m
[  61% ] [90m[1msavepack[22m | 保存文件：res://assets/reanim/Zombie_balloon_innerarm_upper.png.import[39m[0m
[  61% ] [90m[1msavepack[22m | 保存文件：res://.godot/imported/Zombie_balloon_innerleg_foot.png-1d901c56b4bfc67488f3514816a9da31.ctex[39m[0m
[  61% ] [90m[1msavepack[22m | 保存文件：res://assets/reanim/Zombie_balloon_innerleg_foot.png.import[39m[0m
[  61% ] [90m[1msavepack[22m | 保存文件：res://.godot/imported/Zombie_balloon_innerleg_lower.png-e5caeb32228be990fa7b6a604c1c6c2f.ctex[39m[0m
[  61% ] [90m[1msavepack[22m | 保存文件：res://assets/reanim/Zombie_balloon_innerleg_lower.png.import[39m[0m
[  61% ] [90m[1msavepack[22m | 保存文件：res://.godot/imported/Zombie_balloon_innerleg_upper.png-914b1dea0727af9b8b401558df5b8874.ctex[39m[0m
[  61% ] [90m[1msavepack[22m | 保存文件：res://assets/reanim/Zombie_balloon_innerleg_upper.png.import[39m[0m
[  61% ] [90m[1msavepack[22m | 保存文件：res://.godot/imported/Zombie_balloon_jaw.png-04ec9737fe9b124ef295147e47bc4381.ctex[39m[0m
[  61% ] [90m[1msavepack[22m | 保存文件：res://assets/reanim/Zombie_balloon_jaw.png.import[39m[0m
[  61% ] [90m[1msavepack[22m | 保存文件：res://.godot/imported/Zombie_balloon_outerarm_lower.png-e39964666e99190533ef2424a3ab06e0.ctex[39m[0m
[  61% ] [90m[1msavepack[22m | 保存文件：res://assets/reanim/Zombie_balloon_outerarm_lower.png.import[39m[0m
[  61% ] [90m[1msavepack[22m | 保存文件：res://.godot/imported/Zombie_balloon_outerarm_upper2.png-1bd2f011872acfe812641408719ae9b4.ctex[39m[0m
[  61% ] [90m[1msavepack[22m | 保存文件：res://assets/reanim/Zombie_balloon_outerarm_upper2.png.import[39m[0m
[  61% ] [90m[1msavepack[22m | 保存文件：res://.godot/imported/Zombie_balloon_outerarm_upper.png-f000e2ff657f3408b48ab791fa1a8b7b.ctex[39m[0m
[  61% ] [90m[1msavepack[22m | 保存文件：res://assets/reanim/Zombie_balloon_outerarm_upper.png.import[39m[0m
[  61% ] [90m[1msavepack[22m | 保存文件：res://.godot/imported/Zombie_balloon_outerleg_FOOT.png-4a3be692c2060a79f12e7ef05b46deda.ctex[39m[0m
[  61% ] [90m[1msavepack[22m | 保存文件：res://assets/reanim/Zombie_balloon_outerleg_FOOT.png.import[39m[0m
[  61% ] [90m[1msavepack[22m | 保存文件：res://.godot/imported/Zombie_balloon_outerleg_lower.png-15a972c7d8cb9c79ac139f3c0484323d.ctex[39m[0m
[  61% ] [90m[1msavepack[22m | 保存文件：res://assets/reanim/Zombie_balloon_outerleg_lower.png.import[39m[0m
[  61% ] [90m[1msavepack[22m | 保存文件：res://.godot/imported/Zombie_balloon_outerleg_upper.png-a41eed3efd545dca59cbbe5fc1c83bfa.ctex[39m[0m
[  61% ] [90m[1msavepack[22m | 保存文件：res://assets/reanim/Zombie_balloon_outerleg_upper.png.import[39m[0m
[  61% ] [90m[1msavepack[22m | 保存文件：res://.godot/imported/Zombie_balloon_pop1.png-e4fbb544449b2def909c7d3e8c95597e.ctex[39m[0m
[  61% ] [90m[1msavepack[22m | 保存文件：res://assets/reanim/Zombie_balloon_pop1.png.import[39m[0m
[  61% ] [90m[1msavepack[22m | 保存文件：res://.godot/imported/Zombie_balloon_pop2.png-cf1e2038a3accaac58b507780ba42d61.ctex[39m[0m
[  61% ] [90m[1msavepack[22m | 保存文件：res://assets/reanim/Zombie_balloon_pop2.png.import[39m[0m
[  61% ] [90m[1msavepack[22m | 保存文件：res://.godot/imported/Zombie_balloon_propeller2.png-933d57c2923527e030769497457abdce.ctex[39m[0m
[  61% ] [90m[1msavepack[22m | 保存文件：res://assets/reanim/Zombie_balloon_propeller2.png.import[39m[0m
[  62% ] [90m[1msavepack[22m | 保存文件：res://.godot/imported/Zombie_balloon_propeller.png-555154adcd9406d056a0ccac98f59b99.ctex[39m[0m
[  62% ] [90m[1msavepack[22m | 保存文件：res://assets/reanim/Zombie_balloon_propeller.png.import[39m[0m
[  62% ] [90m[1msavepack[22m | 保存文件：res://.godot/imported/Zombie_balloon_string.png-7ad2e51de43ba09eb3a06747b90fae83.ctex[39m[0m
[  62% ] [90m[1msavepack[22m | 保存文件：res://assets/reanim/Zombie_balloon_string.png.import[39m[0m
[  62% ] [90m[1msavepack[22m | 保存文件：res://.godot/imported/Zombie_balloon_top.png-43038d6f62cdbef213a306fb1e738f21.ctex[39m[0m
[  62% ] [90m[1msavepack[22m | 保存文件：res://assets/reanim/Zombie_balloon_top.png.import[39m[0m
[  62% ] [90m[1msavepack[22m | 保存文件：res://.godot/imported/Zombie_bobsled1.png-c13f3e38f437beda002b14653417567e.ctex[39m[0m
[  62% ] [90m[1msavepack[22m | 保存文件：res://assets/reanim/Zombie_bobsled1.png.import[39m[0m
[  62% ] [90m[1msavepack[22m | 保存文件：res://.godot/imported/Zombie_bobsled2.png-67dbe35f087f1f95711a600a28335486.ctex[39m[0m
[  62% ] [90m[1msavepack[22m | 保存文件：res://assets/reanim/Zombie_bobsled2.png.import[39m[0m
[  62% ] [90m[1msavepack[22m | 保存文件：res://.godot/imported/Zombie_bobsled3.png-70e3269a9b7006f4fa40bb07087ff0a8.ctex[39m[0m
[  62% ] [90m[1msavepack[22m | 保存文件：res://assets/reanim/Zombie_bobsled3.png.import[39m[0m
[  62% ] [90m[1msavepack[22m | 保存文件：res://.godot/imported/Zombie_bobsled4.png-43e81ae09e6455ee6a63ed6dc6989670.ctex[39m[0m
[  62% ] [90m[1msavepack[22m | 保存文件：res://assets/reanim/Zombie_bobsled4.png.import[39m[0m
[  62% ] [90m[1msavepack[22m | 保存文件：res://.godot/imported/Zombie_bobsled_body1.png-a2ccd6a4ba4555837f05b76204554c56.ctex[39m[0m
[  62% ] [90m[1msavepack[22m | 保存文件：res://assets/reanim/Zombie_bobsled_body1.png.import[39m[0m
[  62% ] [90m[1msavepack[22m | 保存文件：res://.godot/imported/Zombie_bobsled_body2.png-c805230cee8c3eca13013040e24d98d5.ctex[39m[0m
[  62% ] [90m[1msavepack[22m | 保存文件：res://assets/reanim/Zombie_bobsled_body2.png.import[39m[0m
[  62% ] [90m[1msavepack[22m | 保存文件：res://.godot/imported/Zombie_bobsled_innerarm_hand2.png-1799dd442cc1076302913f5e25b2e443.ctex[39m[0m
[  62% ] [90m[1msavepack[22m | 保存文件：res://assets/reanim/Zombie_bobsled_innerarm_hand2.png.import[39m[0m
[  62% ] [90m[1msavepack[22m | 保存文件：res://.godot/imported/Zombie_bobsled_innerarm_hand.png-8831b79b5085b9d4b649ba5c345f81a7.ctex[39m[0m
[  62% ] [90m[1msavepack[22m | 保存文件：res://assets/reanim/Zombie_bobsled_innerarm_hand.png.import[39m[0m
[  62% ] [90m[1msavepack[22m | 保存文件：res://.godot/imported/Zombie_bobsled_innerarm_lower.png-551195df36a81feee636bcc1c4fce482.ctex[39m[0m
[  62% ] [90m[1msavepack[22m | 保存文件：res://assets/reanim/Zombie_bobsled_innerarm_lower.png.import[39m[0m
[  62% ] [90m[1msavepack[22m | 保存文件：res://.godot/imported/Zombie_bobsled_innerarm_upper.png-a1f54ec9dd376db1c06eef79fccdc616.ctex[39m[0m
[  62% ] [90m[1msavepack[22m | 保存文件：res://assets/reanim/Zombie_bobsled_innerarm_upper.png.import[39m[0m
[  62% ] [90m[1msavepack[22m | 保存文件：res://.godot/imported/Zombie_bobsled_innerleg_foot.png-e635f648a4a1bbc84a2d5688b2948b7a.ctex[39m[0m
[  62% ] [90m[1msavepack[22m | 保存文件：res://assets/reanim/Zombie_bobsled_innerleg_foot.png.import[39m[0m
[  62% ] [90m[1msavepack[22m | 保存文件：res://.godot/imported/Zombie_bobsled_innerleg_lower.png-828bcc8273a78e8d38a62766bd2d8eb8.ctex[39m[0m
[  62% ] [90m[1msavepack[22m | 保存文件：res://assets/reanim/Zombie_bobsled_innerleg_lower.png.import[39m[0m
[  62% ] [90m[1msavepack[22m | 保存文件：res://.godot/imported/Zombie_bobsled_innerleg_upper.png-db4434364e3e2151891beac9c6dcaed3.ctex[39m[0m
[  62% ] [90m[1msavepack[22m | 保存文件：res://assets/reanim/Zombie_bobsled_innerleg_upper.png.import[39m[0m
[  62% ] [90m[1msavepack[22m | 保存文件：res://.godot/imported/Zombie_bobsled_newhead.png-40c15d15bd0f4784baca2e4ef71d7c74.ctex[39m[0m
[  62% ] [90m[1msavepack[22m | 保存文件：res://assets/reanim/Zombie_bobsled_newhead.png.import[39m[0m
[  62% ] [90m[1msavepack[22m | 保存文件：res://.godot/imported/Zombie_bobsled_outerarm_hand2.png-28dab41b3fbf9477ff62becfc4e86e2a.ctex[39m[0m
[  62% ] [90m[1msavepack[22m | 保存文件：res://assets/reanim/Zombie_bobsled_outerarm_hand2.png.import[39m[0m
[  62% ] [90m[1msavepack[22m | 保存文件：res://.godot/imported/Zombie_bobsled_outerarm_hand.png-80ca0f1a189aa50d801d219eb0e761d1.ctex[39m[0m
[  62% ] [90m[1msavepack[22m | 保存文件：res://assets/reanim/Zombie_bobsled_outerarm_hand.png.import[39m[0m
[  62% ] [90m[1msavepack[22m | 保存文件：res://.godot/imported/Zombie_bobsled_outerarm_lower.png-7b11a80b73b8dbd4096d5e7ebe51fc85.ctex[39m[0m
[  62% ] [90m[1msavepack[22m | 保存文件：res://assets/reanim/Zombie_bobsled_outerarm_lower.png.import[39m[0m
[  62% ] [90m[1msavepack[22m | 保存文件：res://.godot/imported/Zombie_bobsled_outerarm_upper2.png-a5efe24de5d205adb0da5217a4034f90.ctex[39m[0m
[  62% ] [90m[1msavepack[22m | 保存文件：res://assets/reanim/Zombie_bobsled_outerarm_upper2.png.import[39m[0m
[  62% ] [90m[1msavepack[22m | 保存文件：res://.godot/imported/Zombie_bobsled_outerarm_upper.png-6b8c61fb58b0727413268ca5ee52e155.ctex[39m[0m
[  62% ] [90m[1msavepack[22m | 保存文件：res://assets/reanim/Zombie_bobsled_outerarm_upper.png.import[39m[0m
[  62% ] [90m[1msavepack[22m | 保存文件：res://.godot/imported/Zombie_bobsled_outerleg_foot1.png-e5ec95c3f513915098a4deb3a917aa74.ctex[39m[0m
[  62% ] [90m[1msavepack[22m | 保存文件：res://assets/reanim/Zombie_bobsled_outerleg_foot1.png.import[39m[0m
[  62% ] [90m[1msavepack[22m | 保存文件：res://.godot/imported/Zombie_bobsled_outerleg_foot2.png-06a806c1fd64d9bd0835d1fcde9c80be.ctex[39m[0m
[  62% ] [90m[1msavepack[22m | 保存文件：res://assets/reanim/Zombie_bobsled_outerleg_foot2.png.import[39m[0m
[  62% ] [90m[1msavepack[22m | 保存文件：res://.godot/imported/Zombie_bobsled_outerleg_lower.png-94e28bdd5cebc367ddaae105e2c67058.ctex[39m[0m
[  62% ] [90m[1msavepack[22m | 保存文件：res://assets/reanim/Zombie_bobsled_outerleg_lower.png.import[39m[0m
[  62% ] [90m[1msavepack[22m | 保存文件：res://.godot/imported/Zombie_bobsled_outerleg_upper.png-07f36db08871dce45fcf364408aba2af.ctex[39m[0m
[  62% ] [90m[1msavepack[22m | 保存文件：res://assets/reanim/Zombie_bobsled_outerleg_upper.png.import[39m[0m
[  62% ] [90m[1msavepack[22m | 保存文件：res://.godot/imported/Zombie_body.png-56446c9670e40fcc1c6c33f8a9356bb7.ctex[39m[0m
[  62% ] [90m[1msavepack[22m | 保存文件：res://assets/reanim/Zombie_body.png.import[39m[0m
[  62% ] [90m[1msavepack[22m | 保存文件：res://.godot/imported/Zombie_bossdriver_body.png-f1c9e44a79f7329cfea7d01ea16332f6.ctex[39m[0m
[  62% ] [90m[1msavepack[22m | 保存文件：res://assets/reanim/Zombie_bossdriver_body.png.import[39m[0m
[  62% ] [90m[1msavepack[22m | 保存文件：res://.godot/imported/Zombie_bossdriver_brain.png-28bb40e207cc810a685d260f7f12256d.ctex[39m[0m
[  62% ] [90m[1msavepack[22m | 保存文件：res://assets/reanim/Zombie_bossdriver_brain.png.import[39m[0m
[  62% ] [90m[1msavepack[22m | 保存文件：res://.godot/imported/Zombie_bossdriver_face2.png-86111ae88ee159ba3ef7fbbdbc6a3b0b.ctex[39m[0m
[  62% ] [90m[1msavepack[22m | 保存文件：res://assets/reanim/Zombie_bossdriver_face2.png.import[39m[0m
[  62% ] [90m[1msavepack[22m | 保存文件：res://.godot/imported/Zombie_bossdriver_face.png-0619c82b03c6d7f54627f519c0e2ee34.ctex[39m[0m
[  62% ] [90m[1msavepack[22m | 保存文件：res://assets/reanim/Zombie_bossdriver_face.png.import[39m[0m
[  62% ] [90m[1msavepack[22m | 保存文件：res://.godot/imported/Zombie_bossdriver_innerhand.png-8c78f89a1f62a0d2ed2bed1e44f8b30b.ctex[39m[0m
[  62% ] [90m[1msavepack[22m | 保存文件：res://assets/reanim/Zombie_bossdriver_innerhand.png.import[39m[0m
[  62% ] [90m[1msavepack[22m | 保存文件：res://.godot/imported/Zombie_bossdriver_jaw2.png-273b8c776d0175b8d5c3212722286bd0.ctex[39m[0m
[  62% ] [90m[1msavepack[22m | 保存文件：res://assets/reanim/Zombie_bossdriver_jaw2.png.import[39m[0m
[  62% ] [90m[1msavepack[22m | 保存文件：res://.godot/imported/Zombie_bossdriver_jaw.png-75e2c26a290af7ff66197ac65cc71986.ctex[39m[0m
[  62% ] [90m[1msavepack[22m | 保存文件：res://assets/reanim/Zombie_bossdriver_jaw.png.import[39m[0m
[  62% ] [90m[1msavepack[22m | 保存文件：res://.godot/imported/Zombie_bossdriver_lowerarm2.png-b2b7616a8df2a4f1c53c8bb5a3cf26ec.ctex[39m[0m
[  62% ] [90m[1msavepack[22m | 保存文件：res://assets/reanim/Zombie_bossdriver_lowerarm2.png.import[39m[0m
[  62% ] [90m[1msavepack[22m | 保存文件：res://.godot/imported/Zombie_bossdriver_lowerarm.png-61e0c1866a801664709777c5160136a9.ctex[39m[0m
[  62% ] [90m[1msavepack[22m | 保存文件：res://assets/reanim/Zombie_bossdriver_lowerarm.png.import[39m[0m
[  62% ] [90m[1msavepack[22m | 保存文件：res://.godot/imported/Zombie_bossdriver_outerhand.png-31ba42d4ce64ec85be01f064b7d192aa.ctex[39m[0m
[  62% ] [90m[1msavepack[22m | 保存文件：res://assets/reanim/Zombie_bossdriver_outerhand.png.import[39m[0m
[  62% ] [90m[1msavepack[22m | 保存文件：res://.godot/imported/Zombie_bossdriver_upperarm.png-08fc2a74da490c57835b35fe23b8432a.ctex[39m[0m
[  62% ] [90m[1msavepack[22m | 保存文件：res://assets/reanim/Zombie_bossdriver_upperarm.png.import[39m[0m
[  63% ] [90m[1msavepack[22m | 保存文件：res://.godot/imported/Zombie_boss_antenna.png-816896df83d4be4052532f4d69152d3f.ctex[39m[0m
[  63% ] [90m[1msavepack[22m | 保存文件：res://assets/reanim/Zombie_boss_antenna.png.import[39m[0m
[  63% ] [90m[1msavepack[22m | 保存文件：res://.godot/imported/Zombie_boss_antenna_lit.png-e0fdd8d22f5d9b6ff973cdb5aa219279.ctex[39m[0m
[  63% ] [90m[1msavepack[22m | 保存文件：res://assets/reanim/Zombie_boss_antenna_lit.png.import[39m[0m
[  63% ] [90m[1msavepack[22m | 保存文件：res://.godot/imported/Zombie_boss_arm_upper2.png-f427d802e06b8e142925a275ef91c2dd.ctex[39m[0m
[  63% ] [90m[1msavepack[22m | 保存文件：res://assets/reanim/Zombie_boss_arm_upper2.png.import[39m[0m
[  63% ] [90m[1msavepack[22m | 保存文件：res://.godot/imported/Zombie_boss_eyeglow.png-a2f9d7570f0ff2f5c45c54649fd1359e.ctex[39m[0m
[  63% ] [90m[1msavepack[22m | 保存文件：res://assets/reanim/Zombie_boss_eyeglow.png.import[39m[0m
[  63% ] [90m[1msavepack[22m | 保存文件：res://.godot/imported/Zombie_boss_eyeglow_black.png-d2053a70a2fc751c4dac2cddab2465f1.ctex[39m[0m
[  63% ] [90m[1msavepack[22m | 保存文件：res://assets/reanim/Zombie_boss_eyeglow_black.png.import[39m[0m
[  63% ] [90m[1msavepack[22m | 保存文件：res://.godot/imported/Zombie_boss_eyeglow_blue.png-d839c30e7c923311f2c88d9b69770237.ctex[39m[0m
[  63% ] [90m[1msavepack[22m | 保存文件：res://assets/reanim/Zombie_boss_eyeglow_blue.png.import[39m[0m
[  63% ] [90m[1msavepack[22m | 保存文件：res://.godot/imported/Zombie_boss_eyeglow_red.png-cfd30227c3600af7b6f19d3467dae3eb.ctex[39m[0m
[  63% ] [90m[1msavepack[22m | 保存文件：res://assets/reanim/Zombie_boss_eyeglow_red.png.import[39m[0m
[  63% ] [90m[1msavepack[22m | 保存文件：res://.godot/imported/Zombie_boss_fireball.png-f9e2d187def3cb7fff9965a248ca8565.ctex[39m[0m
[  63% ] [90m[1msavepack[22m | 保存文件：res://assets/reanim/Zombie_boss_fireball.png.import[39m[0m
[  63% ] [90m[1msavepack[22m | 保存文件：res://.godot/imported/Zombie_boss_fireball_additive.png-0c4e9807eed5dc06f13a4eead18bff59.ctex[39m[0m
[  63% ] [90m[1msavepack[22m | 保存文件：res://assets/reanim/Zombie_boss_fireball_additive.png.import[39m[0m
[  63% ] [90m[1msavepack[22m | 保存文件：res://.godot/imported/Zombie_boss_fireball_black.png-6b8a3108801387c08a6ea03253a1969b.ctex[39m[0m
[  63% ] [90m[1msavepack[22m | 保存文件：res://assets/reanim/Zombie_boss_fireball_black.png.import[39m[0m
[  63% ] [90m[1msavepack[22m | 保存文件：res://.godot/imported/Zombie_boss_fireball_chunks.png-109b11803477da94b40daa4837b9fe8f.ctex[39m[0m
[  63% ] [90m[1msavepack[22m | 保存文件：res://assets/reanim/Zombie_boss_fireball_chunks.png.import[39m[0m
[  63% ] [90m[1msavepack[22m | 保存文件：res://.godot/imported/Zombie_boss_fireball_multiply.png-2f12925035ed6cb0ae39f0d65d9ab02b.ctex[39m[0m
[  63% ] [90m[1msavepack[22m | 保存文件：res://assets/reanim/Zombie_boss_fireball_multiply.png.import[39m[0m
[  63% ] [90m[1msavepack[22m | 保存文件：res://.godot/imported/Zombie_boss_fireball_shadow.png-f1e350c72129f716c296487c36d45b43.ctex[39m[0m
[  63% ] [90m[1msavepack[22m | 保存文件：res://assets/reanim/Zombie_boss_fireball_shadow.png.import[39m[0m
[  63% ] [90m[1msavepack[22m | 保存文件：res://.godot/imported/Zombie_boss_fireball_superglow.png-60bc3b4cf3b5d736b3ae0cad77eb013d.ctex[39m[0m
[  63% ] [90m[1msavepack[22m | 保存文件：res://assets/reanim/Zombie_boss_fireball_superglow.png.import[39m[0m
[  63% ] [90m[1msavepack[22m | 保存文件：res://.godot/imported/Zombie_boss_fireball_superhilight.png-650c4c65e2f12beab8275c32692616d5.ctex[39m[0m
[  63% ] [90m[1msavepack[22m | 保存文件：res://assets/reanim/Zombie_boss_fireball_superhilight.png.import[39m[0m
[  63% ] [90m[1msavepack[22m | 保存文件：res://.godot/imported/Zombie_boss_flag.png-2fa8beb831af7ba569f7a6f2756b54eb.ctex[39m[0m
[  63% ] [90m[1msavepack[22m | 保存文件：res://assets/reanim/Zombie_boss_flag.png.import[39m[0m
[  63% ] [90m[1msavepack[22m | 保存文件：res://.godot/imported/Zombie_boss_flagpole.png-1e2eb780f826e4e719ba1959afe14cd3.ctex[39m[0m
[  63% ] [90m[1msavepack[22m | 保存文件：res://assets/reanim/Zombie_boss_flagpole.png.import[39m[0m
[  63% ] [90m[1msavepack[22m | 保存文件：res://.godot/imported/Zombie_boss_foot.png-d0ec9a5c499f0ea29bd5b656d6db4a56.ctex[39m[0m
[  63% ] [90m[1msavepack[22m | 保存文件：res://assets/reanim/Zombie_boss_foot.png.import[39m[0m
[  63% ] [90m[1msavepack[22m | 保存文件：res://.godot/imported/Zombie_boss_foot_damage1.png-ff399b83c35299ce9a4646bd3b852dd4.ctex[39m[0m
[  63% ] [90m[1msavepack[22m | 保存文件：res://assets/reanim/Zombie_boss_foot_damage1.png.import[39m[0m
[  63% ] [90m[1msavepack[22m | 保存文件：res://.godot/imported/Zombie_boss_foot_damage2.png-94f4c20871cec2172352891546882010.ctex[39m[0m
[  63% ] [90m[1msavepack[22m | 保存文件：res://assets/reanim/Zombie_boss_foot_damage2.png.import[39m[0m
[  63% ] [90m[1msavepack[22m | 保存文件：res://.godot/imported/Zombie_boss_head2.png-44b6a9e23adc86fc173f3470babd107e.ctex[39m[0m
[  63% ] [90m[1msavepack[22m | 保存文件：res://assets/reanim/Zombie_boss_head2.png.import[39m[0m
[  63% ] [90m[1msavepack[22m | 保存文件：res://.godot/imported/Zombie_boss_head.png-4df0ce2ab0710a0c36b350ba82006a21.ctex[39m[0m
[  63% ] [90m[1msavepack[22m | 保存文件：res://assets/reanim/Zombie_boss_head.png.import[39m[0m
[  63% ] [90m[1msavepack[22m | 保存文件：res://.godot/imported/Zombie_boss_head_damage1.png-f82e52e9252d4d79bb6d41a3e9d76fd4.ctex[39m[0m
[  63% ] [90m[1msavepack[22m | 保存文件：res://assets/reanim/Zombie_boss_head_damage1.png.import[39m[0m
[  63% ] [90m[1msavepack[22m | 保存文件：res://.godot/imported/Zombie_boss_head_damage2.png-ae84117b8bba1598fb80d4045a538395.ctex[39m[0m
[  63% ] [90m[1msavepack[22m | 保存文件：res://assets/reanim/Zombie_boss_head_damage2.png.import[39m[0m
[  63% ] [90m[1msavepack[22m | 保存文件：res://.godot/imported/Zombie_boss_iceball.png-1d0cf500611e396c8909f51f093f3a6d.ctex[39m[0m
[  63% ] [90m[1msavepack[22m | 保存文件：res://assets/reanim/Zombie_boss_iceball.png.import[39m[0m
[  63% ] [90m[1msavepack[22m | 保存文件：res://.godot/imported/Zombie_boss_iceball_crystal1.png-21938587611aa5b2fd206932bfc7eb00.ctex[39m[0m
[  63% ] [90m[1msavepack[22m | 保存文件：res://assets/reanim/Zombie_boss_iceball_crystal1.png.import[39m[0m
[  63% ] [90m[1msavepack[22m | 保存文件：res://.godot/imported/Zombie_boss_iceball_crystal2.png-981838d0bfae537ec8b45a84d09b00a4.ctex[39m[0m
[  63% ] [90m[1msavepack[22m | 保存文件：res://assets/reanim/Zombie_boss_iceball_crystal2.png.import[39m[0m
[  63% ] [90m[1msavepack[22m | 保存文件：res://.godot/imported/Zombie_boss_iceball_crystal3.png-9e0bef74ee4ae41a1461b25e88c21d78.ctex[39m[0m
[  63% ] [90m[1msavepack[22m | 保存文件：res://assets/reanim/Zombie_boss_iceball_crystal3.png.import[39m[0m
[  63% ] [90m[1msavepack[22m | 保存文件：res://.godot/imported/Zombie_boss_iceball_grow.png-dbdced681a65ab2cebf98335f503964b.ctex[39m[0m
[  63% ] [90m[1msavepack[22m | 保存文件：res://assets/reanim/Zombie_boss_iceball_grow.png.import[39m[0m
[  63% ] [90m[1msavepack[22m | 保存文件：res://.godot/imported/Zombie_boss_iceball_highlight.png-71f463d687de51148aae624391bd4709.ctex[39m[0m
[  63% ] [90m[1msavepack[22m | 保存文件：res://assets/reanim/Zombie_boss_iceball_highlight.png.import[39m[0m
[  63% ] [90m[1msavepack[22m | 保存文件：res://.godot/imported/Zombie_boss_iceball_multiply.png-d1393888ab5a875161d259d1df7321d0.ctex[39m[0m
[  63% ] [90m[1msavepack[22m | 保存文件：res://assets/reanim/Zombie_boss_iceball_multiply.png.import[39m[0m
[  63% ] [90m[1msavepack[22m | 保存文件：res://.godot/imported/Zombie_boss_iceball_overlay.png-8ffee0587309a8f8327beec5ca4c9e43.ctex[39m[0m
[  63% ] [90m[1msavepack[22m | 保存文件：res://assets/reanim/Zombie_boss_iceball_overlay.png.import[39m[0m
[  63% ] [90m[1msavepack[22m | 保存文件：res://.godot/imported/Zombie_boss_icefire_shadow.png-cbdbee5c80428031d65af827c73866f5.ctex[39m[0m
[  63% ] [90m[1msavepack[22m | 保存文件：res://assets/reanim/Zombie_boss_icefire_shadow.png.import[39m[0m
[  63% ] [90m[1msavepack[22m | 保存文件：res://.godot/imported/Zombie_boss_innerarm_finger.png-802c487867e31ded8051ea6a35e65b13.ctex[39m[0m
[  63% ] [90m[1msavepack[22m | 保存文件：res://assets/reanim/Zombie_boss_innerarm_finger.png.import[39m[0m
[  63% ] [90m[1msavepack[22m | 保存文件：res://.godot/imported/Zombie_boss_innerarm_fingerrope.png-9aca0dbe4845ce1164cfb3d8e07c5daf.ctex[39m[0m
[  63% ] [90m[1msavepack[22m | 保存文件：res://assets/reanim/Zombie_boss_innerarm_fingerrope.png.import[39m[0m
[  63% ] [90m[1msavepack[22m | 保存文件：res://.godot/imported/Zombie_boss_innerarm_hand.png-4779506fe9604ddf0afd87b23763007b.ctex[39m[0m
[  63% ] [90m[1msavepack[22m | 保存文件：res://assets/reanim/Zombie_boss_innerarm_hand.png.import[39m[0m
[  63% ] [90m[1msavepack[22m | 保存文件：res://.godot/imported/Zombie_boss_innerarm_lower.png-5a95c82e01abc2993e8ce31726187401.ctex[39m[0m
[  63% ] [90m[1msavepack[22m | 保存文件：res://assets/reanim/Zombie_boss_innerarm_lower.png.import[39m[0m
[  63% ] [90m[1msavepack[22m | 保存文件：res://.godot/imported/Zombie_boss_innerarm_thumb1.png-2f23bf391c91838892ef3823f177be61.ctex[39m[0m
[  63% ] [90m[1msavepack[22m | 保存文件：res://assets/reanim/Zombie_boss_innerarm_thumb1.png.import[39m[0m
[  64% ] [90m[1msavepack[22m | 保存文件：res://.godot/imported/Zombie_boss_innerarm_thumb2.png-9c0175bc13585dde4462e81b6fc2ee94.ctex[39m[0m
[  64% ] [90m[1msavepack[22m | 保存文件：res://assets/reanim/Zombie_boss_innerarm_thumb2.png.import[39m[0m
[  64% ] [90m[1msavepack[22m | 保存文件：res://.godot/imported/Zombie_boss_innerarm_upper.png-e550e2f9001dc86204a07f262388f0aa.ctex[39m[0m
[  64% ] [90m[1msavepack[22m | 保存文件：res://assets/reanim/Zombie_boss_innerarm_upper.png.import[39m[0m
[  64% ] [90m[1msavepack[22m | 保存文件：res://.godot/imported/Zombie_boss_innerjaw.png-293fe057a8d6781eac2c1ea52be818cd.ctex[39m[0m
[  64% ] [90m[1msavepack[22m | 保存文件：res://assets/reanim/Zombie_boss_innerjaw.png.import[39m[0m
[  64% ] [90m[1msavepack[22m | 保存文件：res://.godot/imported/Zombie_boss_innerleg_upper.png-33e0120db595d7dbe0968d2a53493ffb.ctex[39m[0m
[  64% ] [90m[1msavepack[22m | 保存文件：res://assets/reanim/Zombie_boss_innerleg_upper.png.import[39m[0m
[  64% ] [90m[1msavepack[22m | 保存文件：res://.godot/imported/Zombie_boss_jaw.png-28246058cb08251b5fcc20d44b55ac28.ctex[39m[0m
[  64% ] [90m[1msavepack[22m | 保存文件：res://assets/reanim/Zombie_boss_jaw.png.import[39m[0m
[  64% ] [90m[1msavepack[22m | 保存文件：res://.godot/imported/Zombie_boss_jaw_damage1.png-5ccaaa857263ef0fe2183075416c203d.ctex[39m[0m
[  64% ] [90m[1msavepack[22m | 保存文件：res://assets/reanim/Zombie_boss_jaw_damage1.png.import[39m[0m
[  64% ] [90m[1msavepack[22m | 保存文件：res://.godot/imported/Zombie_boss_jaw_damage2.png-6953b297f12cbaffaee0fd304a404a21.ctex[39m[0m
[  64% ] [90m[1msavepack[22m | 保存文件：res://assets/reanim/Zombie_boss_jaw_damage2.png.import[39m[0m
[  64% ] [90m[1msavepack[22m | 保存文件：res://.godot/imported/Zombie_boss_legbits.png-f22a2d3f64beb577c640fde9a39ef287.ctex[39m[0m
[  64% ] [90m[1msavepack[22m | 保存文件：res://assets/reanim/Zombie_boss_legbits.png.import[39m[0m
[  64% ] [90m[1msavepack[22m | 保存文件：res://.godot/imported/Zombie_boss_leg_lower.png-ecf16c0acd5fe9d5f901bb7d638c9b60.ctex[39m[0m
[  64% ] [90m[1msavepack[22m | 保存文件：res://assets/reanim/Zombie_boss_leg_lower.png.import[39m[0m
[  64% ] [90m[1msavepack[22m | 保存文件：res://.godot/imported/Zombie_boss_lowerbody.png-14dc53cb058b10e1923e07c3f055f4d6.ctex[39m[0m
[  64% ] [90m[1msavepack[22m | 保存文件：res://assets/reanim/Zombie_boss_lowerbody.png.import[39m[0m
[  64% ] [90m[1msavepack[22m | 保存文件：res://.godot/imported/Zombie_boss_mouthglow.png-209fff7fe0abdbe4a07761232762b43b.ctex[39m[0m
[  64% ] [90m[1msavepack[22m | 保存文件：res://assets/reanim/Zombie_boss_mouthglow.png.import[39m[0m
[  64% ] [90m[1msavepack[22m | 保存文件：res://.godot/imported/Zombie_boss_mouthglow_blue.png-3d40a40bc7a82216ad501190f02ebd49.ctex[39m[0m
[  64% ] [90m[1msavepack[22m | 保存文件：res://assets/reanim/Zombie_boss_mouthglow_blue.png.import[39m[0m
[  64% ] [90m[1msavepack[22m | 保存文件：res://.godot/imported/Zombie_boss_mouthglow_red.png-336b96bbb022452f3d619ca37a06d68d.ctex[39m[0m
[  64% ] [90m[1msavepack[22m | 保存文件：res://assets/reanim/Zombie_boss_mouthglow_red.png.import[39m[0m
[  64% ] [90m[1msavepack[22m | 保存文件：res://.godot/imported/Zombie_boss_neck.jpg-f6b9ee531cd94afc0b09f32c8c1e4ca9.ctex[39m[0m
[  64% ] [90m[1msavepack[22m | 保存文件：res://assets/reanim/Zombie_boss_neck.jpg.import[39m[0m
[  64% ] [90m[1msavepack[22m | 保存文件：res://.godot/imported/Zombie_boss_neck.png-b6b2be80b04d11f8bc48ee80809e65cc.ctex[39m[0m
[  64% ] [90m[1msavepack[22m | 保存文件：res://assets/reanim/Zombie_boss_neck.png.import[39m[0m
[  64% ] [90m[1msavepack[22m | 保存文件：res://.godot/imported/Zombie_boss_neck_.png-fd4d7c2a8899aaa4483237d2f61fbda1.ctex[39m[0m
[  64% ] [90m[1msavepack[22m | 保存文件：res://assets/reanim/Zombie_boss_neck_.png.import[39m[0m
[  64% ] [90m[1msavepack[22m | 保存文件：res://.godot/imported/Zombie_boss_outerarm_finger1.png-575263b67ecce698b898f8e26acf761d.ctex[39m[0m
[  64% ] [90m[1msavepack[22m | 保存文件：res://assets/reanim/Zombie_boss_outerarm_finger1.png.import[39m[0m
[  64% ] [90m[1msavepack[22m | 保存文件：res://.godot/imported/Zombie_boss_outerarm_finger2.png-94d2ade131ab11522dce194afc61fd45.ctex[39m[0m
[  64% ] [90m[1msavepack[22m | 保存文件：res://assets/reanim/Zombie_boss_outerarm_finger2.png.import[39m[0m
[  64% ] [90m[1msavepack[22m | 保存文件：res://.godot/imported/Zombie_boss_outerarm_hand.png-ef43ff9726449bb11d04028e8ce57605.ctex[39m[0m
[  64% ] [90m[1msavepack[22m | 保存文件：res://assets/reanim/Zombie_boss_outerarm_hand.png.import[39m[0m
[  64% ] [90m[1msavepack[22m | 保存文件：res://.godot/imported/Zombie_boss_outerarm_hand_damage1.png-ce67cc74f0d56e8de67cb1b3c41f4bc1.ctex[39m[0m
[  64% ] [90m[1msavepack[22m | 保存文件：res://assets/reanim/Zombie_boss_outerarm_hand_damage1.png.import[39m[0m
[  64% ] [90m[1msavepack[22m | 保存文件：res://.godot/imported/Zombie_boss_outerarm_hand_damage2.png-e9721f558e121b7975641d704bb03d6e.ctex[39m[0m
[  64% ] [90m[1msavepack[22m | 保存文件：res://assets/reanim/Zombie_boss_outerarm_hand_damage2.png.import[39m[0m
[  64% ] [90m[1msavepack[22m | 保存文件：res://.godot/imported/Zombie_boss_outerarm_lower.png-8ece19b357c5d2f2835a55a31b84ef39.ctex[39m[0m
[  64% ] [90m[1msavepack[22m | 保存文件：res://assets/reanim/Zombie_boss_outerarm_lower.png.import[39m[0m
[  64% ] [90m[1msavepack[22m | 保存文件：res://.godot/imported/Zombie_boss_outerarm_thumb1.png-a3b0c0e154ba5d0c9972bdabb51be16f.ctex[39m[0m
[  64% ] [90m[1msavepack[22m | 保存文件：res://assets/reanim/Zombie_boss_outerarm_thumb1.png.import[39m[0m
[  64% ] [90m[1msavepack[22m | 保存文件：res://.godot/imported/Zombie_boss_outerarm_thumb2.png-f179b0edb10c73cd72d0d2815a264d7b.ctex[39m[0m
[  64% ] [90m[1msavepack[22m | 保存文件：res://assets/reanim/Zombie_boss_outerarm_thumb2.png.import[39m[0m
[  64% ] [90m[1msavepack[22m | 保存文件：res://.godot/imported/Zombie_boss_outerarm_thumb_damage1.png-2cfeb6b2dbec162bdf60686e41c60d04.ctex[39m[0m
[  64% ] [90m[1msavepack[22m | 保存文件：res://assets/reanim/Zombie_boss_outerarm_thumb_damage1.png.import[39m[0m
[  64% ] [90m[1msavepack[22m | 保存文件：res://.godot/imported/Zombie_boss_outerarm_thumb_damage2.png-46dcb700833242fddd9bdaf801c734b3.ctex[39m[0m
[  64% ] [90m[1msavepack[22m | 保存文件：res://assets/reanim/Zombie_boss_outerarm_thumb_damage2.png.import[39m[0m
[  64% ] [90m[1msavepack[22m | 保存文件：res://.godot/imported/Zombie_boss_outerarm_upper.png-4ca299da22eaf5684b31d585ed5668fa.ctex[39m[0m
[  64% ] [90m[1msavepack[22m | 保存文件：res://assets/reanim/Zombie_boss_outerarm_upper.png.import[39m[0m
[  64% ] [90m[1msavepack[22m | 保存文件：res://.godot/imported/Zombie_boss_outerleg_upper.png-c76f9342ff577767b5ecff2fcc6c0926.ctex[39m[0m
[  64% ] [90m[1msavepack[22m | 保存文件：res://assets/reanim/Zombie_boss_outerleg_upper.png.import[39m[0m
[  64% ] [90m[1msavepack[22m | 保存文件：res://.godot/imported/Zombie_boss_rv2.png-5e13809803465dad6d8247589a852e95.ctex[39m[0m
[  64% ] [90m[1msavepack[22m | 保存文件：res://assets/reanim/Zombie_boss_rv2.png.import[39m[0m
[  64% ] [90m[1msavepack[22m | 保存文件：res://.godot/imported/Zombie_boss_rv.png-247cd3f09a8e2361caaa3dc900735ed7.ctex[39m[0m
[  64% ] [90m[1msavepack[22m | 保存文件：res://assets/reanim/Zombie_boss_rv.png.import[39m[0m
[  64% ] [90m[1msavepack[22m | 保存文件：res://.godot/imported/Zombie_boss_RVwheel.png-f4c3ad0a86bacbacf91b102efef1e343.ctex[39m[0m
[  64% ] [90m[1msavepack[22m | 保存文件：res://assets/reanim/Zombie_boss_RVwheel.png.import[39m[0m
[  64% ] [90m[1msavepack[22m | 保存文件：res://.godot/imported/Zombie_boss_upperbody.jpg-dd37120af9c8b7addf1f5981d1822a8f.ctex[39m[0m
[  64% ] [90m[1msavepack[22m | 保存文件：res://assets/reanim/Zombie_boss_upperbody.jpg.import[39m[0m
[  64% ] [90m[1msavepack[22m | 保存文件：res://.godot/imported/Zombie_boss_upperbody.png-1050131c1073ef108cfcfbfe8cfa9559.ctex[39m[0m
[  64% ] [90m[1msavepack[22m | 保存文件：res://assets/reanim/Zombie_boss_upperbody.png.import[39m[0m
[  64% ] [90m[1msavepack[22m | 保存文件：res://.godot/imported/Zombie_boss_upperbody_.png-79f083ef9043061733a0b9742b0fe2be.ctex[39m[0m
[  64% ] [90m[1msavepack[22m | 保存文件：res://assets/reanim/Zombie_boss_upperbody_.png.import[39m[0m
[  64% ] [90m[1msavepack[22m | 保存文件：res://.godot/imported/Zombie_bucket1.png-f616a30edfa8a2c6170b9c3a4638c9e2.ctex[39m[0m
[  64% ] [90m[1msavepack[22m | 保存文件：res://assets/reanim/Zombie_bucket1.png.import[39m[0m
[  64% ] [90m[1msavepack[22m | 保存文件：res://.godot/imported/Zombie_bucket2.png-9f74ed76bdddcd997c4631a9af3497cc.ctex[39m[0m
[  64% ] [90m[1msavepack[22m | 保存文件：res://assets/reanim/Zombie_bucket2.png.import[39m[0m
[  64% ] [90m[1msavepack[22m | 保存文件：res://.godot/imported/Zombie_bucket3.png-587ebd6f36b96680cd6286311e9d5462.ctex[39m[0m
[  64% ] [90m[1msavepack[22m | 保存文件：res://assets/reanim/Zombie_bucket3.png.import[39m[0m
[  65% ] [90m[1msavepack[22m | 保存文件：res://.godot/imported/Zombie_bungi_body2.png-7fc2dcd53272c9691790f096006f62f6.ctex[39m[0m
[  65% ] [90m[1msavepack[22m | 保存文件：res://assets/reanim/Zombie_bungi_body2.png.import[39m[0m
[  65% ] [90m[1msavepack[22m | 保存文件：res://.godot/imported/Zombie_bungi_body.png-18a928b07a92e02ed7c3c8bcfeca767d.ctex[39m[0m
[  65% ] [90m[1msavepack[22m | 保存文件：res://assets/reanim/Zombie_bungi_body.png.import[39m[0m
[  65% ] [90m[1msavepack[22m | 保存文件：res://.godot/imported/Zombie_bungi_foot.png-b1489d4a96312f867ef9d8e0ea26cea5.ctex[39m[0m
[  65% ] [90m[1msavepack[22m | 保存文件：res://assets/reanim/Zombie_bungi_foot.png.import[39m[0m
[  65% ] [90m[1msavepack[22m | 保存文件：res://.godot/imported/Zombie_bungi_hair.png-a979ee1cede2ee1becd10cbf55f13c87.ctex[39m[0m
[  65% ] [90m[1msavepack[22m | 保存文件：res://assets/reanim/Zombie_bungi_hair.png.import[39m[0m
[  65% ] [90m[1msavepack[22m | 保存文件：res://.godot/imported/Zombie_bungi_hand2.png-e9f5c08f9c949574ba858ad0fec8f716.ctex[39m[0m
[  65% ] [90m[1msavepack[22m | 保存文件：res://assets/reanim/Zombie_bungi_hand2.png.import[39m[0m
[  65% ] [90m[1msavepack[22m | 保存文件：res://.godot/imported/Zombie_bungi_hand.png-08e976fe174e17db1b82d680bcd60fef.ctex[39m[0m
[  65% ] [90m[1msavepack[22m | 保存文件：res://assets/reanim/Zombie_bungi_hand.png.import[39m[0m
[  65% ] [90m[1msavepack[22m | 保存文件：res://.godot/imported/Zombie_bungi_head.png-d9bc92c9abc408f09f08f1927aa6ea62.ctex[39m[0m
[  65% ] [90m[1msavepack[22m | 保存文件：res://assets/reanim/Zombie_bungi_head.png.import[39m[0m
[  65% ] [90m[1msavepack[22m | 保存文件：res://.godot/imported/Zombie_bungi_head_scared.png-da0668527add0edff281632d0d8eacfc.ctex[39m[0m
[  65% ] [90m[1msavepack[22m | 保存文件：res://assets/reanim/Zombie_bungi_head_scared.png.import[39m[0m
[  65% ] [90m[1msavepack[22m | 保存文件：res://.godot/imported/Zombie_bungi_jaw.png-326e9a2cdd2fa57ebc59f2d41c199331.ctex[39m[0m
[  65% ] [90m[1msavepack[22m | 保存文件：res://assets/reanim/Zombie_bungi_jaw.png.import[39m[0m
[  65% ] [90m[1msavepack[22m | 保存文件：res://.godot/imported/Zombie_bungi_leftarm_lower2.png-c96a93c4cb2692f969921e9e5a363294.ctex[39m[0m
[  65% ] [90m[1msavepack[22m | 保存文件：res://assets/reanim/Zombie_bungi_leftarm_lower2.png.import[39m[0m
[  65% ] [90m[1msavepack[22m | 保存文件：res://.godot/imported/Zombie_bungi_leftarm_lower.png-88cc48bbffd228d0544f2b3b746dac1b.ctex[39m[0m
[  65% ] [90m[1msavepack[22m | 保存文件：res://assets/reanim/Zombie_bungi_leftarm_lower.png.import[39m[0m
[  65% ] [90m[1msavepack[22m | 保存文件：res://.godot/imported/Zombie_bungi_leftarm_upper2.png-148c4286e3a930771f52e217be9a8db7.ctex[39m[0m
[  65% ] [90m[1msavepack[22m | 保存文件：res://assets/reanim/Zombie_bungi_leftarm_upper2.png.import[39m[0m
[  65% ] [90m[1msavepack[22m | 保存文件：res://.godot/imported/Zombie_bungi_leftarm_upper.png-4c96e0d1bd9d6931dcb4bd3a9ecb2a0e.ctex[39m[0m
[  65% ] [90m[1msavepack[22m | 保存文件：res://assets/reanim/Zombie_bungi_leftarm_upper.png.import[39m[0m
[  65% ] [90m[1msavepack[22m | 保存文件：res://.godot/imported/Zombie_bungi_leftleg_lower.png-f7c36d356da77f12a0a9361f0490656c.ctex[39m[0m
[  65% ] [90m[1msavepack[22m | 保存文件：res://assets/reanim/Zombie_bungi_leftleg_lower.png.import[39m[0m
[  65% ] [90m[1msavepack[22m | 保存文件：res://.godot/imported/Zombie_bungi_leftleg_tatter.png-51258fa152ed9e69bbb1bc0d30d633a8.ctex[39m[0m
[  65% ] [90m[1msavepack[22m | 保存文件：res://assets/reanim/Zombie_bungi_leftleg_tatter.png.import[39m[0m
[  65% ] [90m[1msavepack[22m | 保存文件：res://.godot/imported/Zombie_bungi_leftleg_upper.png-04675488fa1dbbfbc6af516fa431e3ec.ctex[39m[0m
[  65% ] [90m[1msavepack[22m | 保存文件：res://assets/reanim/Zombie_bungi_leftleg_upper.png.import[39m[0m
[  65% ] [90m[1msavepack[22m | 保存文件：res://.godot/imported/Zombie_bungi_leftshirt.png-3a56443ffe6d3f58df151758d2f269de.ctex[39m[0m
[  65% ] [90m[1msavepack[22m | 保存文件：res://assets/reanim/Zombie_bungi_leftshirt.png.import[39m[0m
[  65% ] [90m[1msavepack[22m | 保存文件：res://.godot/imported/Zombie_bungi_left_tatter.png-e35c5781fedac939f97076491d92eb42.ctex[39m[0m
[  65% ] [90m[1msavepack[22m | 保存文件：res://assets/reanim/Zombie_bungi_left_tatter.png.import[39m[0m
[  65% ] [90m[1msavepack[22m | 保存文件：res://.godot/imported/Zombie_bungi_rightarm_cuff.png-6243a0b4abff081d4b77eddefed4443e.ctex[39m[0m
[  65% ] [90m[1msavepack[22m | 保存文件：res://assets/reanim/Zombie_bungi_rightarm_cuff.png.import[39m[0m
[  65% ] [90m[1msavepack[22m | 保存文件：res://.godot/imported/Zombie_bungi_rightarm_lower2.png-53fb2a3aee5ae3cdc9f4dd2f81ee2f90.ctex[39m[0m
[  65% ] [90m[1msavepack[22m | 保存文件：res://assets/reanim/Zombie_bungi_rightarm_lower2.png.import[39m[0m
[  65% ] [90m[1msavepack[22m | 保存文件：res://.godot/imported/Zombie_bungi_rightarm_lower.png-aea6e1d44795d3fc18b0407dcc29070a.ctex[39m[0m
[  65% ] [90m[1msavepack[22m | 保存文件：res://assets/reanim/Zombie_bungi_rightarm_lower.png.import[39m[0m
[  65% ] [90m[1msavepack[22m | 保存文件：res://.godot/imported/Zombie_bungi_rightarm_upper2.png-565d53aebbe08406c6462a46684822be.ctex[39m[0m
[  65% ] [90m[1msavepack[22m | 保存文件：res://assets/reanim/Zombie_bungi_rightarm_upper2.png.import[39m[0m
[  65% ] [90m[1msavepack[22m | 保存文件：res://.godot/imported/Zombie_bungi_rightarm_upper.png-b4c33b10d8707b104d1a7febc5f77cb9.ctex[39m[0m
[  65% ] [90m[1msavepack[22m | 保存文件：res://assets/reanim/Zombie_bungi_rightarm_upper.png.import[39m[0m
[  65% ] [90m[1msavepack[22m | 保存文件：res://.godot/imported/Zombie_bungi_rightleg_lower.png-431b32bae68f9e0324df783da915bba9.ctex[39m[0m
[  65% ] [90m[1msavepack[22m | 保存文件：res://assets/reanim/Zombie_bungi_rightleg_lower.png.import[39m[0m
[  65% ] [90m[1msavepack[22m | 保存文件：res://.godot/imported/Zombie_bungi_rightleg_upper.png-ef216782e936ff7d04f21510f6a9fccd.ctex[39m[0m
[  65% ] [90m[1msavepack[22m | 保存文件：res://assets/reanim/Zombie_bungi_rightleg_upper.png.import[39m[0m
[  65% ] [90m[1msavepack[22m | 保存文件：res://.godot/imported/Zombie_bungi_rightshirt.png-0a20e106803bde47ca20c92717c476c4.ctex[39m[0m
[  65% ] [90m[1msavepack[22m | 保存文件：res://assets/reanim/Zombie_bungi_rightshirt.png.import[39m[0m
[  65% ] [90m[1msavepack[22m | 保存文件：res://.godot/imported/Zombie_bungi_tongue.png-82b8bbd49bee43477d95be6fadfbdddd.ctex[39m[0m
[  65% ] [90m[1msavepack[22m | 保存文件：res://assets/reanim/Zombie_bungi_tongue.png.import[39m[0m
[  65% ] [90m[1msavepack[22m | 保存文件：res://.godot/imported/Zombie_catapult_basket.png-cd0d343ada76ee7d77b782d894eda43c.ctex[39m[0m
[  65% ] [90m[1msavepack[22m | 保存文件：res://assets/reanim/Zombie_catapult_basket.png.import[39m[0m
[  65% ] [90m[1msavepack[22m | 保存文件：res://.godot/imported/Zombie_catapult_basketball.png-f390e830d69551df18ba0751239d386c.ctex[39m[0m
[  65% ] [90m[1msavepack[22m | 保存文件：res://assets/reanim/Zombie_catapult_basketball.png.import[39m[0m
[  65% ] [90m[1msavepack[22m | 保存文件：res://.godot/imported/Zombie_catapult_basket_overlay.png-280f57d2a3a4c41203ca786cba69776b.ctex[39m[0m
[  65% ] [90m[1msavepack[22m | 保存文件：res://assets/reanim/Zombie_catapult_basket_overlay.png.import[39m[0m
[  65% ] [90m[1msavepack[22m | 保存文件：res://.godot/imported/Zombie_catapult_body.png-c0710aad58d120b332e015501a59725f.ctex[39m[0m
[  65% ] [90m[1msavepack[22m | 保存文件：res://assets/reanim/Zombie_catapult_body.png.import[39m[0m
[  65% ] [90m[1msavepack[22m | 保存文件：res://.godot/imported/Zombie_catapult_body_overlay1.png-3f98016742012df30c23f08e0a4ce515.ctex[39m[0m
[  65% ] [90m[1msavepack[22m | 保存文件：res://assets/reanim/Zombie_catapult_body_overlay1.png.import[39m[0m
[  65% ] [90m[1msavepack[22m | 保存文件：res://.godot/imported/Zombie_catapult_body_overlay2.png-5e6499cb64128df43494253faa929f5e.ctex[39m[0m
[  65% ] [90m[1msavepack[22m | 保存文件：res://assets/reanim/Zombie_catapult_body_overlay2.png.import[39m[0m
[  65% ] [90m[1msavepack[22m | 保存文件：res://.godot/imported/Zombie_catapult_crank.png-cdae63737ad002b2184ed92ff3a4dc4a.ctex[39m[0m
[  65% ] [90m[1msavepack[22m | 保存文件：res://assets/reanim/Zombie_catapult_crank.png.import[39m[0m
[  65% ] [90m[1msavepack[22m | 保存文件：res://.godot/imported/Zombie_catapult_crankarm.png-83f5edabcd7a12dda0471945714aeaa1.ctex[39m[0m
[  65% ] [90m[1msavepack[22m | 保存文件：res://assets/reanim/Zombie_catapult_crankarm.png.import[39m[0m
[  65% ] [90m[1msavepack[22m | 保存文件：res://.godot/imported/Zombie_catapult_driver_body.png-8f65c01bea9792f62934a4b3bcea6eae.ctex[39m[0m
[  65% ] [90m[1msavepack[22m | 保存文件：res://assets/reanim/Zombie_catapult_driver_body.png.import[39m[0m
[  65% ] [90m[1msavepack[22m | 保存文件：res://.godot/imported/Zombie_catapult_driver_hankie.png-f88425849c215fbf6e6d4bb2393397af.ctex[39m[0m
[  65% ] [90m[1msavepack[22m | 保存文件：res://assets/reanim/Zombie_catapult_driver_hankie.png.import[39m[0m
[  65% ] [90m[1msavepack[22m | 保存文件：res://.godot/imported/Zombie_catapult_driver_head.png-7fcd25b6fccf125645d03d6713cf1ba0.ctex[39m[0m
[  65% ] [90m[1msavepack[22m | 保存文件：res://assets/reanim/Zombie_catapult_driver_head.png.import[39m[0m
[  66% ] [90m[1msavepack[22m | 保存文件：res://.godot/imported/Zombie_catapult_driver_innerarm_hand.png-e9a9a2f935d015f7168a8f22ef0ad77d.ctex[39m[0m
[  66% ] [90m[1msavepack[22m | 保存文件：res://assets/reanim/Zombie_catapult_driver_innerarm_hand.png.import[39m[0m
[  66% ] [90m[1msavepack[22m | 保存文件：res://.godot/imported/Zombie_catapult_driver_innerarm_lower.png-2145d30156982e89df3e4b7e2f8d7011.ctex[39m[0m
[  66% ] [90m[1msavepack[22m | 保存文件：res://assets/reanim/Zombie_catapult_driver_innerarm_lower.png.import[39m[0m
[  66% ] [90m[1msavepack[22m | 保存文件：res://.godot/imported/Zombie_catapult_driver_innerarm_upper.png-79067498003135fc245bc2e74b22d1a9.ctex[39m[0m
[  66% ] [90m[1msavepack[22m | 保存文件：res://assets/reanim/Zombie_catapult_driver_innerarm_upper.png.import[39m[0m
[  66% ] [90m[1msavepack[22m | 保存文件：res://.godot/imported/Zombie_catapult_driver_innerleg_foot.png-f7cc558833e5e36eb933f05cba4ceb47.ctex[39m[0m
[  66% ] [90m[1msavepack[22m | 保存文件：res://assets/reanim/Zombie_catapult_driver_innerleg_foot.png.import[39m[0m
[  66% ] [90m[1msavepack[22m | 保存文件：res://.godot/imported/Zombie_catapult_driver_innerleg_lower.png-ce04e8ccd4a6ecb9f3eef1bdad782e68.ctex[39m[0m
[  66% ] [90m[1msavepack[22m | 保存文件：res://assets/reanim/Zombie_catapult_driver_innerleg_lower.png.import[39m[0m
[  66% ] [90m[1msavepack[22m | 保存文件：res://.godot/imported/Zombie_catapult_driver_innerleg_upper.png-6ed24bd8d7f4dc4ebb4d11b7e8107aa9.ctex[39m[0m
[  66% ] [90m[1msavepack[22m | 保存文件：res://assets/reanim/Zombie_catapult_driver_innerleg_upper.png.import[39m[0m
[  66% ] [90m[1msavepack[22m | 保存文件：res://.godot/imported/Zombie_catapult_driver_mouth.png-d5ec28a83323704f8fc22caa8dbb06ec.ctex[39m[0m
[  66% ] [90m[1msavepack[22m | 保存文件：res://assets/reanim/Zombie_catapult_driver_mouth.png.import[39m[0m
[  66% ] [90m[1msavepack[22m | 保存文件：res://.godot/imported/Zombie_catapult_driver_outerarm_hand.png-29d8e1dc78266969b2278fadb6b4a181.ctex[39m[0m
[  66% ] [90m[1msavepack[22m | 保存文件：res://assets/reanim/Zombie_catapult_driver_outerarm_hand.png.import[39m[0m
[  66% ] [90m[1msavepack[22m | 保存文件：res://.godot/imported/Zombie_catapult_driver_outerarm_lower.png-f3b04c175ab084683627a2f6cab95611.ctex[39m[0m
[  66% ] [90m[1msavepack[22m | 保存文件：res://assets/reanim/Zombie_catapult_driver_outerarm_lower.png.import[39m[0m
[  66% ] [90m[1msavepack[22m | 保存文件：res://.godot/imported/Zombie_catapult_driver_outerarm_upper.png-034522b9382d2ee9e0ab6e143a15b85f.ctex[39m[0m
[  66% ] [90m[1msavepack[22m | 保存文件：res://assets/reanim/Zombie_catapult_driver_outerarm_upper.png.import[39m[0m
[  66% ] [90m[1msavepack[22m | 保存文件：res://.godot/imported/Zombie_catapult_driver_outerleg_foot.png-3563e18be9fe8ec016eeb7dc8518185b.ctex[39m[0m
[  66% ] [90m[1msavepack[22m | 保存文件：res://assets/reanim/Zombie_catapult_driver_outerleg_foot.png.import[39m[0m
[  66% ] [90m[1msavepack[22m | 保存文件：res://.godot/imported/Zombie_catapult_driver_outerleg_lower.png-9183d72d520bbf2c8ae81565f171ed29.ctex[39m[0m
[  66% ] [90m[1msavepack[22m | 保存文件：res://assets/reanim/Zombie_catapult_driver_outerleg_lower.png.import[39m[0m
[  66% ] [90m[1msavepack[22m | 保存文件：res://.godot/imported/Zombie_catapult_driver_outerleg_upper.png-663c876e10ebceba3ff06ac91aceb57a.ctex[39m[0m
[  66% ] [90m[1msavepack[22m | 保存文件：res://assets/reanim/Zombie_catapult_driver_outerleg_upper.png.import[39m[0m
[  66% ] [90m[1msavepack[22m | 保存文件：res://.godot/imported/Zombie_catapult_engine.png-911793642cd400bbd3fa12a21def4920.ctex[39m[0m
[  66% ] [90m[1msavepack[22m | 保存文件：res://assets/reanim/Zombie_catapult_engine.png.import[39m[0m
[  66% ] [90m[1msavepack[22m | 保存文件：res://.godot/imported/Zombie_catapult_manhole.png-952467b1e7893b989bddb86f2bf92cb7.ctex[39m[0m
[  66% ] [90m[1msavepack[22m | 保存文件：res://assets/reanim/Zombie_catapult_manhole.png.import[39m[0m
[  66% ] [90m[1msavepack[22m | 保存文件：res://.godot/imported/Zombie_catapult_manhole_overlay.png-d03ac0c3096a60f73ab681254f33a7c3.ctex[39m[0m
[  66% ] [90m[1msavepack[22m | 保存文件：res://assets/reanim/Zombie_catapult_manhole_overlay.png.import[39m[0m
[  66% ] [90m[1msavepack[22m | 保存文件：res://.godot/imported/Zombie_catapult_pole.png-4769d169a8b0508bc54b469c248faed8.ctex[39m[0m
[  66% ] [90m[1msavepack[22m | 保存文件：res://assets/reanim/Zombie_catapult_pole.png.import[39m[0m
[  66% ] [90m[1msavepack[22m | 保存文件：res://.godot/imported/Zombie_catapult_pole_damage.png-4f2c2846ea0e914d84fd2d9d54cb87c1.ctex[39m[0m
[  66% ] [90m[1msavepack[22m | 保存文件：res://assets/reanim/Zombie_catapult_pole_damage.png.import[39m[0m
[  66% ] [90m[1msavepack[22m | 保存文件：res://.godot/imported/Zombie_catapult_pole_damage_withball.png-c94ebd13a907d100ab77ae2f9324bce1.ctex[39m[0m
[  66% ] [90m[1msavepack[22m | 保存文件：res://assets/reanim/Zombie_catapult_pole_damage_withball.png.import[39m[0m
[  66% ] [90m[1msavepack[22m | 保存文件：res://.godot/imported/Zombie_catapult_pole_withball.png-ad980da9a3d5e1c688d48ac2a0be6e58.ctex[39m[0m
[  66% ] [90m[1msavepack[22m | 保存文件：res://assets/reanim/Zombie_catapult_pole_withball.png.import[39m[0m
[  66% ] [90m[1msavepack[22m | 保存文件：res://.godot/imported/Zombie_catapult_siding.png-29909af29f4d5093f079cee4b6e70edf.ctex[39m[0m
[  66% ] [90m[1msavepack[22m | 保存文件：res://assets/reanim/Zombie_catapult_siding.png.import[39m[0m
[  66% ] [90m[1msavepack[22m | 保存文件：res://.godot/imported/Zombie_catapult_siding_damage.png-5f0e2f7e0509196c681a542b50db795b.ctex[39m[0m
[  66% ] [90m[1msavepack[22m | 保存文件：res://assets/reanim/Zombie_catapult_siding_damage.png.import[39m[0m
[  66% ] [90m[1msavepack[22m | 保存文件：res://.godot/imported/Zombie_catapult_spring.png-b99a8e9985dc932df52a7b4bb24ab356.ctex[39m[0m
[  66% ] [90m[1msavepack[22m | 保存文件：res://assets/reanim/Zombie_catapult_spring.png.import[39m[0m
[  66% ] [90m[1msavepack[22m | 保存文件：res://.godot/imported/Zombie_catapult_tape.png-8111cccebd8442814d76f7d415cc1a4a.ctex[39m[0m
[  66% ] [90m[1msavepack[22m | 保存文件：res://assets/reanim/Zombie_catapult_tape.png.import[39m[0m
[  66% ] [90m[1msavepack[22m | 保存文件：res://.godot/imported/Zombie_charred1.png-9081832c85add32cf7fe2eac9fdc480b.ctex[39m[0m
[  66% ] [90m[1msavepack[22m | 保存文件：res://assets/reanim/Zombie_charred1.png.import[39m[0m
[  66% ] [90m[1msavepack[22m | 保存文件：res://.godot/imported/Zombie_charred2.png-3adf85b3388e784fd93973be29ae7008.ctex[39m[0m
[  66% ] [90m[1msavepack[22m | 保存文件：res://assets/reanim/Zombie_charred2.png.import[39m[0m
[  66% ] [90m[1msavepack[22m | 保存文件：res://.godot/imported/Zombie_charred3.png-f6726f2bed659e5917e46d6f0d3b0b32.ctex[39m[0m
[  66% ] [90m[1msavepack[22m | 保存文件：res://assets/reanim/Zombie_charred3.png.import[39m[0m
[  66% ] [90m[1msavepack[22m | 保存文件：res://.godot/imported/Zombie_charred4.png-2dcb90a9a19d067f297c16ce1d89125c.ctex[39m[0m
[  66% ] [90m[1msavepack[22m | 保存文件：res://assets/reanim/Zombie_charred4.png.import[39m[0m
[  66% ] [90m[1msavepack[22m | 保存文件：res://.godot/imported/Zombie_charred5.png-9d285d55678c32af5db142cf40cf4a1c.ctex[39m[0m
[  66% ] [90m[1msavepack[22m | 保存文件：res://assets/reanim/Zombie_charred5.png.import[39m[0m
[  66% ] [90m[1msavepack[22m | 保存文件：res://.godot/imported/Zombie_charred6.png-7659e1ea887894a6e0d5742f5b9f566b.ctex[39m[0m
[  66% ] [90m[1msavepack[22m | 保存文件：res://assets/reanim/Zombie_charred6.png.import[39m[0m
[  66% ] [90m[1msavepack[22m | 保存文件：res://.godot/imported/Zombie_charred7.png-d4ab5ff97320b36327ce112cf6a5c8ea.ctex[39m[0m
[  66% ] [90m[1msavepack[22m | 保存文件：res://assets/reanim/Zombie_charred7.png.import[39m[0m
[  66% ] [90m[1msavepack[22m | 保存文件：res://.godot/imported/Zombie_charred8.png-7fa7f0eca3bf28ea9ec2e120ae08c6e3.ctex[39m[0m
[  66% ] [90m[1msavepack[22m | 保存文件：res://assets/reanim/Zombie_charred8.png.import[39m[0m
[  66% ] [90m[1msavepack[22m | 保存文件：res://.godot/imported/Zombie_charred9.png-5a8a765e5352c7a6cd4e8a40242a76ff.ctex[39m[0m
[  66% ] [90m[1msavepack[22m | 保存文件：res://assets/reanim/Zombie_charred9.png.import[39m[0m
[  66% ] [90m[1msavepack[22m | 保存文件：res://.godot/imported/Zombie_charred10.png-bb749388fddd59c9626fcb3e8a427283.ctex[39m[0m
[  66% ] [90m[1msavepack[22m | 保存文件：res://assets/reanim/Zombie_charred10.png.import[39m[0m
[  66% ] [90m[1msavepack[22m | 保存文件：res://.godot/imported/Zombie_charred_catapult1.png-6d0f5e4154a49c44569f2c90bedbe01f.ctex[39m[0m
[  66% ] [90m[1msavepack[22m | 保存文件：res://assets/reanim/Zombie_charred_catapult1.png.import[39m[0m
[  66% ] [90m[1msavepack[22m | 保存文件：res://.godot/imported/Zombie_charred_catapult2.png-5c1aa6b723555d2eb2769cd1a3794435.ctex[39m[0m
[  66% ] [90m[1msavepack[22m | 保存文件：res://assets/reanim/Zombie_charred_catapult2.png.import[39m[0m
[  66% ] [90m[1msavepack[22m | 保存文件：res://.godot/imported/Zombie_charred_catapult3.png-cdae7d5b7caa994f532f7a8cfbc0ebd2.ctex[39m[0m
[  66% ] [90m[1msavepack[22m | 保存文件：res://assets/reanim/Zombie_charred_catapult3.png.import[39m[0m
[  66% ] [90m[1msavepack[22m | 保存文件：res://.godot/imported/Zombie_charred_catapult4.png-b4cea59d3372e465695dace3d86d8600.ctex[39m[0m
[  66% ] [90m[1msavepack[22m | 保存文件：res://assets/reanim/Zombie_charred_catapult4.png.import[39m[0m
[  66% ] [90m[1msavepack[22m | 保存文件：res://.godot/imported/Zombie_charred_catapult5.png-3769872893e65e4ca823b0f1c4fc21ff.ctex[39m[0m
[  66% ] [90m[1msavepack[22m | 保存文件：res://assets/reanim/Zombie_charred_catapult5.png.import[39m[0m
[  66% ] [90m[1msavepack[22m | 保存文件：res://.godot/imported/Zombie_charred_catapult6.png-0845da70fb600415ae033e1f32762787.ctex[39m[0m
[  66% ] [90m[1msavepack[22m | 保存文件：res://assets/reanim/Zombie_charred_catapult6.png.import[39m[0m
[  66% ] [90m[1msavepack[22m | 保存文件：res://.godot/imported/Zombie_charred_catapult7.png-883970c401194279d4aee65ae10fad2b.ctex[39m[0m
[  66% ] [90m[1msavepack[22m | 保存文件：res://assets/reanim/Zombie_charred_catapult7.png.import[39m[0m
[  66% ] [90m[1msavepack[22m | 保存文件：res://.godot/imported/Zombie_charred_catapult8.png-a546a0f20beddda9d8bf7aab8af8c678.ctex[39m[0m
[  66% ] [90m[1msavepack[22m | 保存文件：res://assets/reanim/Zombie_charred_catapult8.png.import[39m[0m
[  66% ] [90m[1msavepack[22m | 保存文件：res://.godot/imported/Zombie_charred_catapult9.png-667831e1009263cdb9e0b9dd7a1155f4.ctex[39m[0m
[  66% ] [90m[1msavepack[22m | 保存文件：res://assets/reanim/Zombie_charred_catapult9.png.import[39m[0m
[  66% ] [90m[1msavepack[22m | 保存文件：res://.godot/imported/Zombie_charred_catapult_blink1.png-5dac410bd18cf69879d16425d0e603aa.ctex[39m[0m
[  66% ] [90m[1msavepack[22m | 保存文件：res://assets/reanim/Zombie_charred_catapult_blink1.png.import[39m[0m
[  66% ] [90m[1msavepack[22m | 保存文件：res://.godot/imported/Zombie_charred_catapult_blink2.png-02ebc856fe66752e7c67201314269fbd.ctex[39m[0m
[  66% ] [90m[1msavepack[22m | 保存文件：res://assets/reanim/Zombie_charred_catapult_blink2.png.import[39m[0m
[  66% ] [90m[1msavepack[22m | 保存文件：res://.godot/imported/Zombie_charred_catapult_head.png-11f829422adc3ac42ab7ec90c83aeef6.ctex[39m[0m
[  66% ] [90m[1msavepack[22m | 保存文件：res://assets/reanim/Zombie_charred_catapult_head.png.import[39m[0m
[  66% ] [90m[1msavepack[22m | 保存文件：res://.godot/imported/Zombie_charred_diggeraxe.png-e67e28b4d0cf257f6aa435342cced9ab.ctex[39m[0m
[  66% ] [90m[1msavepack[22m | 保存文件：res://assets/reanim/Zombie_charred_diggeraxe.png.import[39m[0m
[  66% ] [90m[1msavepack[22m | 保存文件：res://.godot/imported/Zombie_charred_diggerblink1.png-32d7795f524bca411f8fbca2b848e935.ctex[39m[0m
[  66% ] [90m[1msavepack[22m | 保存文件：res://assets/reanim/Zombie_charred_diggerblink1.png.import[39m[0m
[  66% ] [90m[1msavepack[22m | 保存文件：res://.godot/imported/Zombie_charred_diggerblink2.png-5e1cdf4f4b8999330f0410de0a98d6e2.ctex[39m[0m
[  66% ] [90m[1msavepack[22m | 保存文件：res://assets/reanim/Zombie_charred_diggerblink2.png.import[39m[0m
[  66% ] [90m[1msavepack[22m | 保存文件：res://.godot/imported/Zombie_charred_diggerbody1.png-3630e464f157aa0a6048076f5a50736b.ctex[39m[0m
[  66% ] [90m[1msavepack[22m | 保存文件：res://assets/reanim/Zombie_charred_diggerbody1.png.import[39m[0m
[  66% ] [90m[1msavepack[22m | 保存文件：res://.godot/imported/Zombie_charred_diggerbody1_noaxe.png-879797d8417f68a6bdf85b132a7767dc.ctex[39m[0m
[  66% ] [90m[1msavepack[22m | 保存文件：res://assets/reanim/Zombie_charred_diggerbody1_noaxe.png.import[39m[0m
[  66% ] [90m[1msavepack[22m | 保存文件：res://.godot/imported/Zombie_charred_diggerbody2.png-eed6ce69f0be9ec077aed16b4cd2a88e.ctex[39m[0m
[  66% ] [90m[1msavepack[22m | 保存文件：res://assets/reanim/Zombie_charred_diggerbody2.png.import[39m[0m
[  66% ] [90m[1msavepack[22m | 保存文件：res://.godot/imported/Zombie_charred_diggerbody2_noaxe.png-51edb5f6932525267cb8bdf5af402129.ctex[39m[0m
[  66% ] [90m[1msavepack[22m | 保存文件：res://assets/reanim/Zombie_charred_diggerbody2_noaxe.png.import[39m[0m
[  66% ] [90m[1msavepack[22m | 保存文件：res://.godot/imported/Zombie_charred_diggerbody3.png-f42c135eebeb75549d8c19a4b3e7725e.ctex[39m[0m
[  66% ] [90m[1msavepack[22m | 保存文件：res://assets/reanim/Zombie_charred_diggerbody3.png.import[39m[0m
[  66% ] [90m[1msavepack[22m | 保存文件：res://.godot/imported/Zombie_charred_diggerbody3_noaxe.png-61129162bb149d82949d9ffdba0c94ab.ctex[39m[0m
[  66% ] [90m[1msavepack[22m | 保存文件：res://assets/reanim/Zombie_charred_diggerbody3_noaxe.png.import[39m[0m
[  66% ] [90m[1msavepack[22m | 保存文件：res://.godot/imported/Zombie_charred_diggerbody4.png-bd3f5dcb8464ff7e7f5001b806021875.ctex[39m[0m
[  66% ] [90m[1msavepack[22m | 保存文件：res://assets/reanim/Zombie_charred_diggerbody4.png.import[39m[0m
[  66% ] [90m[1msavepack[22m | 保存文件：res://.godot/imported/Zombie_charred_diggerbody4_noaxe.png-025b775a98e2b0140c557b5909e43e29.ctex[39m[0m
[  66% ] [90m[1msavepack[22m | 保存文件：res://assets/reanim/Zombie_charred_diggerbody4_noaxe.png.import[39m[0m
[  66% ] [90m[1msavepack[22m | 保存文件：res://.godot/imported/Zombie_charred_diggerbody5.png-7e1722fba0aba9c59a61bdccd450aa5b.ctex[39m[0m
[  66% ] [90m[1msavepack[22m | 保存文件：res://assets/reanim/Zombie_charred_diggerbody5.png.import[39m[0m
[  66% ] [90m[1msavepack[22m | 保存文件：res://.godot/imported/Zombie_charred_diggerbody6.png-8e95dd87f81ca3cd0e5e856dd2eeb371.ctex[39m[0m
[  66% ] [90m[1msavepack[22m | 保存文件：res://assets/reanim/Zombie_charred_diggerbody6.png.import[39m[0m
[  66% ] [90m[1msavepack[22m | 保存文件：res://.godot/imported/Zombie_charred_diggerbody7.png-d02bb97dea34a01c7023d26925bbe0b9.ctex[39m[0m
[  66% ] [90m[1msavepack[22m | 保存文件：res://assets/reanim/Zombie_charred_diggerbody7.png.import[39m[0m
[  66% ] [90m[1msavepack[22m | 保存文件：res://.godot/imported/Zombie_charred_diggerbody8.png-79cbec97e6924371a0d4ab04bcf9a31b.ctex[39m[0m
[  66% ] [90m[1msavepack[22m | 保存文件：res://assets/reanim/Zombie_charred_diggerbody8.png.import[39m[0m
[  66% ] [90m[1msavepack[22m | 保存文件：res://.godot/imported/Zombie_charred_diggerbody9.png-8f81927aae7aa97332a6765f4787da59.ctex[39m[0m
[  66% ] [90m[1msavepack[22m | 保存文件：res://assets/reanim/Zombie_charred_diggerbody9.png.import[39m[0m
[  66% ] [90m[1msavepack[22m | 保存文件：res://.godot/imported/Zombie_charred_diggerhead.png-aa3652fcd404aa651d277666b172f395.ctex[39m[0m
[  66% ] [90m[1msavepack[22m | 保存文件：res://assets/reanim/Zombie_charred_diggerhead.png.import[39m[0m
[  66% ] [90m[1msavepack[22m | 保存文件：res://.godot/imported/Zombie_charred_eyes1.png-354a9e0884b53eecc558922d88a150cb.ctex[39m[0m
[  66% ] [90m[1msavepack[22m | 保存文件：res://assets/reanim/Zombie_charred_eyes1.png.import[39m[0m
[  66% ] [90m[1msavepack[22m | 保存文件：res://.godot/imported/Zombie_charred_eyes2.png-1837ec07b774d004bc649fcba0873154.ctex[39m[0m
[  66% ] [90m[1msavepack[22m | 保存文件：res://assets/reanim/Zombie_charred_eyes2.png.import[39m[0m
[  66% ] [90m[1msavepack[22m | 保存文件：res://.godot/imported/Zombie_charred_gargantuar1.png-78047d0aecf7113909b82970cd98c48c.ctex[39m[0m
[  66% ] [90m[1msavepack[22m | 保存文件：res://assets/reanim/Zombie_charred_gargantuar1.png.import[39m[0m
[  66% ] [90m[1msavepack[22m | 保存文件：res://.godot/imported/Zombie_charred_gargantuar2.png-70cce8d1b584a923ed27e54a7bd8c9b4.ctex[39m[0m
[  66% ] [90m[1msavepack[22m | 保存文件：res://assets/reanim/Zombie_charred_gargantuar2.png.import[39m[0m
[  66% ] [90m[1msavepack[22m | 保存文件：res://.godot/imported/Zombie_charred_gargantuar3.png-585efd5b60789454d81bb1858f68b561.ctex[39m[0m
[  66% ] [90m[1msavepack[22m | 保存文件：res://assets/reanim/Zombie_charred_gargantuar3.png.import[39m[0m
[  66% ] [90m[1msavepack[22m | 保存文件：res://.godot/imported/Zombie_charred_gargantuar4.png-dce44c259381c1d0cae6db2b475135ec.ctex[39m[0m
[  66% ] [90m[1msavepack[22m | 保存文件：res://assets/reanim/Zombie_charred_gargantuar4.png.import[39m[0m
[  66% ] [90m[1msavepack[22m | 保存文件：res://.godot/imported/Zombie_charred_gargantuar5.png-7f3e95e506dc81957ffab8059572424c.ctex[39m[0m
[  66% ] [90m[1msavepack[22m | 保存文件：res://assets/reanim/Zombie_charred_gargantuar5.png.import[39m[0m
[  66% ] [90m[1msavepack[22m | 保存文件：res://.godot/imported/Zombie_charred_gargantuar6.png-35faeae6dc69c01e5ffe52b2f22a1630.ctex[39m[0m
[  66% ] [90m[1msavepack[22m | 保存文件：res://assets/reanim/Zombie_charred_gargantuar6.png.import[39m[0m
[  66% ] [90m[1msavepack[22m | 保存文件：res://.godot/imported/Zombie_charred_gargantuar7.png-9fb28d48034fc2baf47439988fa68d14.ctex[39m[0m
[  66% ] [90m[1msavepack[22m | 保存文件：res://assets/reanim/Zombie_charred_gargantuar7.png.import[39m[0m
[  66% ] [90m[1msavepack[22m | 保存文件：res://.godot/imported/Zombie_charred_gargantuar8.png-df6d968864b4bcf6798ab1136fcfd1c6.ctex[39m[0m
[  66% ] [90m[1msavepack[22m | 保存文件：res://assets/reanim/Zombie_charred_gargantuar8.png.import[39m[0m
[  66% ] [90m[1msavepack[22m | 保存文件：res://.godot/imported/Zombie_charred_gargantuar9.png-a159250aec405ddd4768172f49b86d3f.ctex[39m[0m
[  66% ] [90m[1msavepack[22m | 保存文件：res://assets/reanim/Zombie_charred_gargantuar9.png.import[39m[0m
[  66% ] [90m[1msavepack[22m | 保存文件：res://.godot/imported/Zombie_charred_gargantuar10.png-2feeeb7ce45b5b34d5ab8abb1a9378a7.ctex[39m[0m
[  66% ] [90m[1msavepack[22m | 保存文件：res://assets/reanim/Zombie_charred_gargantuar10.png.import[39m[0m
[  67% ] [90m[1msavepack[22m | 保存文件：res://.godot/imported/Zombie_charred_gargantuar11.png-a393880a8572bb51195598276a87f534.ctex[39m[0m
[  67% ] [90m[1msavepack[22m | 保存文件：res://assets/reanim/Zombie_charred_gargantuar11.png.import[39m[0m
[  67% ] [90m[1msavepack[22m | 保存文件：res://.godot/imported/Zombie_charred_gargantuar_arm.png-31b5aa600359b58a552b0eabba6d0850.ctex[39m[0m
[  67% ] [90m[1msavepack[22m | 保存文件：res://assets/reanim/Zombie_charred_gargantuar_arm.png.import[39m[0m
[  67% ] [90m[1msavepack[22m | 保存文件：res://.godot/imported/Zombie_charred_gargantuar_blink1.png-fcab1df465bb4a6338c5075cc6a75fba.ctex[39m[0m
[  67% ] [90m[1msavepack[22m | 保存文件：res://assets/reanim/Zombie_charred_gargantuar_blink1.png.import[39m[0m
[  67% ] [90m[1msavepack[22m | 保存文件：res://.godot/imported/Zombie_charred_gargantuar_blink2.png-b6548cafabd5df0a40c1f4a5c21192e0.ctex[39m[0m
[  67% ] [90m[1msavepack[22m | 保存文件：res://assets/reanim/Zombie_charred_gargantuar_blink2.png.import[39m[0m
[  67% ] [90m[1msavepack[22m | 保存文件：res://.godot/imported/Zombie_charred_gargantuar_head.png-6e950f95207c2f0d13650c909d969cb4.ctex[39m[0m
[  67% ] [90m[1msavepack[22m | 保存文件：res://assets/reanim/Zombie_charred_gargantuar_head.png.import[39m[0m
[  67% ] [90m[1msavepack[22m | 保存文件：res://.godot/imported/Zombie_charred_gargantuar_impblink1.png-4c5cd1ce980de3480ca122f5cd9965cc.ctex[39m[0m
[  67% ] [90m[1msavepack[22m | 保存文件：res://assets/reanim/Zombie_charred_gargantuar_impblink1.png.import[39m[0m
[  67% ] [90m[1msavepack[22m | 保存文件：res://.godot/imported/Zombie_charred_gargantuar_impblink2.png-3880779f46d958be31feba912aee356d.ctex[39m[0m
[  67% ] [90m[1msavepack[22m | 保存文件：res://assets/reanim/Zombie_charred_gargantuar_impblink2.png.import[39m[0m
[  67% ] [90m[1msavepack[22m | 保存文件：res://.godot/imported/Zombie_charred_gargantuar_imphead.png-2d8a341466ac51744a8a6f8e96493a64.ctex[39m[0m
[  67% ] [90m[1msavepack[22m | 保存文件：res://assets/reanim/Zombie_charred_gargantuar_imphead.png.import[39m[0m
[  67% ] [90m[1msavepack[22m | 保存文件：res://.godot/imported/Zombie_charred_head.png-f2008d9ccc8813b092b6644dcbd224c3.ctex[39m[0m
[  67% ] [90m[1msavepack[22m | 保存文件：res://assets/reanim/Zombie_charred_head.png.import[39m[0m
[  67% ] [90m[1msavepack[22m | 保存文件：res://.godot/imported/Zombie_charred_impblink1.png-1b10247c631c77d9e623465fd01b08a7.ctex[39m[0m
[  67% ] [90m[1msavepack[22m | 保存文件：res://assets/reanim/Zombie_charred_impblink1.png.import[39m[0m
[  67% ] [90m[1msavepack[22m | 保存文件：res://.godot/imported/Zombie_charred_impblink2.png-ed44fe5bd55f65b914868a2d00de8541.ctex[39m[0m
[  67% ] [90m[1msavepack[22m | 保存文件：res://assets/reanim/Zombie_charred_impblink2.png.import[39m[0m
[  67% ] [90m[1msavepack[22m | 保存文件：res://.godot/imported/Zombie_charred_impbody1.png-fea8d33faf3465fd015962fcc175ea6a.ctex[39m[0m
[  67% ] [90m[1msavepack[22m | 保存文件：res://assets/reanim/Zombie_charred_impbody1.png.import[39m[0m
[  67% ] [90m[1msavepack[22m | 保存文件：res://.godot/imported/Zombie_charred_impbody2.png-38cc4c969a8e88d44c424d309a4d62f0.ctex[39m[0m
[  67% ] [90m[1msavepack[22m | 保存文件：res://assets/reanim/Zombie_charred_impbody2.png.import[39m[0m
[  67% ] [90m[1msavepack[22m | 保存文件：res://.godot/imported/Zombie_charred_impbody3.png-b0e3d79dc8cad51c69f12a80fd42a9bd.ctex[39m[0m
[  67% ] [90m[1msavepack[22m | 保存文件：res://assets/reanim/Zombie_charred_impbody3.png.import[39m[0m
[  67% ] [90m[1msavepack[22m | 保存文件：res://.godot/imported/Zombie_charred_impbody4.png-03ec6e3960449d9c814553366130ec48.ctex[39m[0m
[  67% ] [90m[1msavepack[22m | 保存文件：res://assets/reanim/Zombie_charred_impbody4.png.import[39m[0m
[  67% ] [90m[1msavepack[22m | 保存文件：res://.godot/imported/Zombie_charred_impbody5.png-4cb8bcccac45e32afc26aa7398caa3d8.ctex[39m[0m
[  67% ] [90m[1msavepack[22m | 保存文件：res://assets/reanim/Zombie_charred_impbody5.png.import[39m[0m
[  67% ] [90m[1msavepack[22m | 保存文件：res://.godot/imported/Zombie_charred_impbody6.png-5b8023388f35f40a9a1739e1a30ef44a.ctex[39m[0m
[  67% ] [90m[1msavepack[22m | 保存文件：res://assets/reanim/Zombie_charred_impbody6.png.import[39m[0m
[  67% ] [90m[1msavepack[22m | 保存文件：res://.godot/imported/Zombie_charred_imphead.png-e1bfda8a6661b5c0060c764648676c99.ctex[39m[0m
[  67% ] [90m[1msavepack[22m | 保存文件：res://assets/reanim/Zombie_charred_imphead.png.import[39m[0m
[  67% ] [90m[1msavepack[22m | 保存文件：res://.godot/imported/Zombie_charred_pile1.png-faa99a12e400122077577f9f392fea71.ctex[39m[0m
[  67% ] [90m[1msavepack[22m | 保存文件：res://assets/reanim/Zombie_charred_pile1.png.import[39m[0m
[  67% ] [90m[1msavepack[22m | 保存文件：res://.godot/imported/Zombie_charred_pile2.png-f3a099502129e2337573b9363710dca0.ctex[39m[0m
[  67% ] [90m[1msavepack[22m | 保存文件：res://assets/reanim/Zombie_charred_pile2.png.import[39m[0m
[  67% ] [90m[1msavepack[22m | 保存文件：res://.godot/imported/Zombie_charred_tail.png-b7c9cc12d747a0cacf361e304eda676e.ctex[39m[0m
[  67% ] [90m[1msavepack[22m | 保存文件：res://assets/reanim/Zombie_charred_tail.png.import[39m[0m
[  67% ] [90m[1msavepack[22m | 保存文件：res://.godot/imported/Zombie_charred_zamboni1.png-b6eaced1c873c54414e8fed48e54bcf0.ctex[39m[0m
[  67% ] [90m[1msavepack[22m | 保存文件：res://assets/reanim/Zombie_charred_zamboni1.png.import[39m[0m
[  67% ] [90m[1msavepack[22m | 保存文件：res://.godot/imported/Zombie_charred_zamboni2.png-f101253df97b4b5c603a81e3dd4389b5.ctex[39m[0m
[  67% ] [90m[1msavepack[22m | 保存文件：res://assets/reanim/Zombie_charred_zamboni2.png.import[39m[0m
[  67% ] [90m[1msavepack[22m | 保存文件：res://.godot/imported/Zombie_charred_zamboni3.png-55602c5d37350847ad602a2525089d9c.ctex[39m[0m
[  67% ] [90m[1msavepack[22m | 保存文件：res://assets/reanim/Zombie_charred_zamboni3.png.import[39m[0m
[  67% ] [90m[1msavepack[22m | 保存文件：res://.godot/imported/Zombie_charred_zamboni4.png-f713f85ab701c8b3205b5958492f8e45.ctex[39m[0m
[  67% ] [90m[1msavepack[22m | 保存文件：res://assets/reanim/Zombie_charred_zamboni4.png.import[39m[0m
[  67% ] [90m[1msavepack[22m | 保存文件：res://.godot/imported/Zombie_charred_zamboni5.png-b960843619a3ea7aae49dda4ca197da7.ctex[39m[0m
[  67% ] [90m[1msavepack[22m | 保存文件：res://assets/reanim/Zombie_charred_zamboni5.png.import[39m[0m
[  67% ] [90m[1msavepack[22m | 保存文件：res://.godot/imported/Zombie_charred_zamboni6 .png-13468cd9e6bce0604dd474f79752fa6c.ctex[39m[0m
[  67% ] [90m[1msavepack[22m | 保存文件：res://assets/reanim/Zombie_charred_zamboni6 .png.import[39m[0m
[  67% ] [90m[1msavepack[22m | 保存文件：res://.godot/imported/Zombie_charred_zamboni6.png-52579df9d2b40062aff3275b6ecfb152.ctex[39m[0m
[  67% ] [90m[1msavepack[22m | 保存文件：res://assets/reanim/Zombie_charred_zamboni6.png.import[39m[0m
[  67% ] [90m[1msavepack[22m | 保存文件：res://.godot/imported/Zombie_charred_zamboni7.png-c7b04e4db7918e38897e1db43c59dd97.ctex[39m[0m
[  67% ] [90m[1msavepack[22m | 保存文件：res://assets/reanim/Zombie_charred_zamboni7.png.import[39m[0m
[  67% ] [90m[1msavepack[22m | 保存文件：res://.godot/imported/Zombie_charred_zamboni8.png-6895d770d7b271f6b027b78e35de8c7c.ctex[39m[0m
[  67% ] [90m[1msavepack[22m | 保存文件：res://assets/reanim/Zombie_charred_zamboni8.png.import[39m[0m
[  67% ] [90m[1msavepack[22m | 保存文件：res://.godot/imported/Zombie_charred_zamboni9.png-9caf4e05bb78a9aab01e62ff18f627f4.ctex[39m[0m
[  67% ] [90m[1msavepack[22m | 保存文件：res://assets/reanim/Zombie_charred_zamboni9.png.import[39m[0m
[  67% ] [90m[1msavepack[22m | 保存文件：res://.godot/imported/Zombie_charred_zamboni10.png-9f6ee80a3bf882528d22fac15d0bf6c9.ctex[39m[0m
[  67% ] [90m[1msavepack[22m | 保存文件：res://assets/reanim/Zombie_charred_zamboni10.png.import[39m[0m
[  67% ] [90m[1msavepack[22m | 保存文件：res://.godot/imported/Zombie_charred_zamboni11.png-97ed0336985e21be98cc25a1cb2b1f9c.ctex[39m[0m
[  67% ] [90m[1msavepack[22m | 保存文件：res://assets/reanim/Zombie_charred_zamboni11.png.import[39m[0m
[  67% ] [90m[1msavepack[22m | 保存文件：res://.godot/imported/Zombie_charred_zamboni12.png-2319e6c040b6a77536efa3020059e46e.ctex[39m[0m
[  67% ] [90m[1msavepack[22m | 保存文件：res://assets/reanim/Zombie_charred_zamboni12.png.import[39m[0m
[  67% ] [90m[1msavepack[22m | 保存文件：res://.godot/imported/Zombie_charred_zamboni13.png-272325079cd417a6d576b28562acd341.ctex[39m[0m
[  67% ] [90m[1msavepack[22m | 保存文件：res://assets/reanim/Zombie_charred_zamboni13.png.import[39m[0m
[  67% ] [90m[1msavepack[22m | 保存文件：res://.godot/imported/Zombie_charred_zamboni14.png-f6a0334a08be8eeb681984c93dc71677.ctex[39m[0m
[  67% ] [90m[1msavepack[22m | 保存文件：res://assets/reanim/Zombie_charred_zamboni14.png.import[39m[0m
[  67% ] [90m[1msavepack[22m | 保存文件：res://.godot/imported/Zombie_charred_zamboniblink1.png-0d1621317edcaf0090dae0c1b0328a5c.ctex[39m[0m
[  67% ] [90m[1msavepack[22m | 保存文件：res://assets/reanim/Zombie_charred_zamboniblink1.png.import[39m[0m
[  67% ] [90m[1msavepack[22m | 保存文件：res://.godot/imported/Zombie_charred_zamboniblink2.png-e2cc4040a5cc0250aefdd2cf77096edd.ctex[39m[0m
[  67% ] [90m[1msavepack[22m | 保存文件：res://assets/reanim/Zombie_charred_zamboniblink2.png.import[39m[0m
[  68% ] [90m[1msavepack[22m | 保存文件：res://.godot/imported/Zombie_charred_zambonihead.png-a4df600e76208b626ff67dedf33750f3.ctex[39m[0m
[  68% ] [90m[1msavepack[22m | 保存文件：res://assets/reanim/Zombie_charred_zambonihead.png.import[39m[0m
[  68% ] [90m[1msavepack[22m | 保存文件：res://.godot/imported/Zombie_charred_zambonitail.png-e7ad68147a320e6a6d9d808976fe9d66.ctex[39m[0m
[  68% ] [90m[1msavepack[22m | 保存文件：res://assets/reanim/Zombie_charred_zambonitail.png.import[39m[0m
[  68% ] [90m[1msavepack[22m | 保存文件：res://.godot/imported/Zombie_cone1.png-0f05b70b493e992d4a2876eae78c46ce.ctex[39m[0m
[  68% ] [90m[1msavepack[22m | 保存文件：res://assets/reanim/Zombie_cone1.png.import[39m[0m
[  68% ] [90m[1msavepack[22m | 保存文件：res://.godot/imported/Zombie_cone2.png-b75ba212eaf945f93cadb409ace563a7.ctex[39m[0m
[  68% ] [90m[1msavepack[22m | 保存文件：res://assets/reanim/Zombie_cone2.png.import[39m[0m
[  68% ] [90m[1msavepack[22m | 保存文件：res://.godot/imported/Zombie_cone3.png-c6debcdc9fe217b3be8708f4512bf743.ctex[39m[0m
[  68% ] [90m[1msavepack[22m | 保存文件：res://assets/reanim/Zombie_cone3.png.import[39m[0m
[  68% ] [90m[1msavepack[22m | 保存文件：res://.godot/imported/Zombie_cord.png-29e37d21df156b382a26c808c6edbe2b.ctex[39m[0m
[  68% ] [90m[1msavepack[22m | 保存文件：res://assets/reanim/Zombie_cord.png.import[39m[0m
[  68% ] [90m[1msavepack[22m | 保存文件：res://.godot/imported/Zombie_dancer_belt.png-0202f285ad230adb83f60ae7cca15b5d.ctex[39m[0m
[  68% ] [90m[1msavepack[22m | 保存文件：res://assets/reanim/Zombie_dancer_belt.png.import[39m[0m
[  68% ] [90m[1msavepack[22m | 保存文件：res://.godot/imported/Zombie_dancer_body1.png-1da428b36af0feb7fb40acdbb992ae11.ctex[39m[0m
[  68% ] [90m[1msavepack[22m | 保存文件：res://assets/reanim/Zombie_dancer_body1.png.import[39m[0m
[  68% ] [90m[1msavepack[22m | 保存文件：res://.godot/imported/Zombie_dancer_body2.png-8c238c1a3039a1cd8c3be4d27bc2d223.ctex[39m[0m
[  68% ] [90m[1msavepack[22m | 保存文件：res://assets/reanim/Zombie_dancer_body2.png.import[39m[0m
[  68% ] [90m[1msavepack[22m | 保存文件：res://.godot/imported/Zombie_dancer_colar.png-b408ff734b130b9000816de69369edd3.ctex[39m[0m
[  68% ] [90m[1msavepack[22m | 保存文件：res://assets/reanim/Zombie_dancer_colar.png.import[39m[0m
[  68% ] [90m[1msavepack[22m | 保存文件：res://.godot/imported/Zombie_dancer_earing.png-05d499517fe6ec919062d778f17cf769.ctex[39m[0m
[  68% ] [90m[1msavepack[22m | 保存文件：res://assets/reanim/Zombie_dancer_earing.png.import[39m[0m
[  68% ] [90m[1msavepack[22m | 保存文件：res://.godot/imported/Zombie_dancer_hair.png-7d57a700d4234424746733943a73e2de.ctex[39m[0m
[  68% ] [90m[1msavepack[22m | 保存文件：res://assets/reanim/Zombie_dancer_hair.png.import[39m[0m
[  68% ] [90m[1msavepack[22m | 保存文件：res://.godot/imported/Zombie_dancer_innerarm_hand.png-faf029c847a8d431450f286d4d477d63.ctex[39m[0m
[  68% ] [90m[1msavepack[22m | 保存文件：res://assets/reanim/Zombie_dancer_innerarm_hand.png.import[39m[0m
[  68% ] [90m[1msavepack[22m | 保存文件：res://.godot/imported/Zombie_dancer_innerarm_lower.png-9fe7c3cedd3790cb1a127167ef64120e.ctex[39m[0m
[  68% ] [90m[1msavepack[22m | 保存文件：res://assets/reanim/Zombie_dancer_innerarm_lower.png.import[39m[0m
[  68% ] [90m[1msavepack[22m | 保存文件：res://.godot/imported/Zombie_dancer_innerarm_upper.png-6b4c925d9788b667772ee41c1b180d17.ctex[39m[0m
[  68% ] [90m[1msavepack[22m | 保存文件：res://assets/reanim/Zombie_dancer_innerarm_upper.png.import[39m[0m
[  68% ] [90m[1msavepack[22m | 保存文件：res://.godot/imported/Zombie_dancer_innerleg_foot.png-1c7e46de3a070a19c17019b00d793db7.ctex[39m[0m
[  68% ] [90m[1msavepack[22m | 保存文件：res://assets/reanim/Zombie_dancer_innerleg_foot.png.import[39m[0m
[  68% ] [90m[1msavepack[22m | 保存文件：res://.godot/imported/Zombie_dancer_innerleg_lower.png-b0b87409df067106e7ed1db53c294e82.ctex[39m[0m
[  68% ] [90m[1msavepack[22m | 保存文件：res://assets/reanim/Zombie_dancer_innerleg_lower.png.import[39m[0m
[  68% ] [90m[1msavepack[22m | 保存文件：res://.godot/imported/Zombie_dancer_innerleg_upper.png-8a9b5ecef1d901d37fb59a2b015aa52a.ctex[39m[0m
[  68% ] [90m[1msavepack[22m | 保存文件：res://assets/reanim/Zombie_dancer_innerleg_upper.png.import[39m[0m
[  68% ] [90m[1msavepack[22m | 保存文件：res://.godot/imported/Zombie_dancer_outerarm_hand.png-6b6baa2a914d5e1d55adec1f0f1f3cb7.ctex[39m[0m
[  68% ] [90m[1msavepack[22m | 保存文件：res://assets/reanim/Zombie_dancer_outerarm_hand.png.import[39m[0m
[  68% ] [90m[1msavepack[22m | 保存文件：res://.godot/imported/Zombie_dancer_outerarm_lower.png-0a208d0131840914adc86ba453f3c816.ctex[39m[0m
[  68% ] [90m[1msavepack[22m | 保存文件：res://assets/reanim/Zombie_dancer_outerarm_lower.png.import[39m[0m
[  68% ] [90m[1msavepack[22m | 保存文件：res://.godot/imported/Zombie_dancer_outerarm_upper.png-4f7f8a9032af3fb1012a264a3d7c6f6a.ctex[39m[0m
[  68% ] [90m[1msavepack[22m | 保存文件：res://assets/reanim/Zombie_dancer_outerarm_upper.png.import[39m[0m
[  68% ] [90m[1msavepack[22m | 保存文件：res://.godot/imported/Zombie_dancer_outerleg_foot.png-e4aae9e7791e30246a6ec8afd3d0f0d1.ctex[39m[0m
[  68% ] [90m[1msavepack[22m | 保存文件：res://assets/reanim/Zombie_dancer_outerleg_foot.png.import[39m[0m
[  68% ] [90m[1msavepack[22m | 保存文件：res://.godot/imported/Zombie_dancer_outerleg_lower.png-63145e619f4e1daf281cc29fd60aec3d.ctex[39m[0m
[  68% ] [90m[1msavepack[22m | 保存文件：res://assets/reanim/Zombie_dancer_outerleg_lower.png.import[39m[0m
[  68% ] [90m[1msavepack[22m | 保存文件：res://.godot/imported/Zombie_dancer_outerleg_toe.png-8e2f148e51b7e18697aff1373837ab31.ctex[39m[0m
[  68% ] [90m[1msavepack[22m | 保存文件：res://assets/reanim/Zombie_dancer_outerleg_toe.png.import[39m[0m
[  68% ] [90m[1msavepack[22m | 保存文件：res://.godot/imported/Zombie_dancer_outerleg_upper.png-29fb1a02760764a40f1122761808e25b.ctex[39m[0m
[  68% ] [90m[1msavepack[22m | 保存文件：res://assets/reanim/Zombie_dancer_outerleg_upper.png.import[39m[0m
[  68% ] [90m[1msavepack[22m | 保存文件：res://.godot/imported/Zombie_dancer__head.png-9ac4774f9d705cc1d15ca0867274b222.ctex[39m[0m
[  68% ] [90m[1msavepack[22m | 保存文件：res://assets/reanim/Zombie_dancer__head.png.import[39m[0m
[  68% ] [90m[1msavepack[22m | 保存文件：res://.godot/imported/Zombie_digger_body.png-654a7fe1005fcea0354a49411fc24203.ctex[39m[0m
[  68% ] [90m[1msavepack[22m | 保存文件：res://assets/reanim/Zombie_digger_body.png.import[39m[0m
[  68% ] [90m[1msavepack[22m | 保存文件：res://.godot/imported/Zombie_digger_dig0.png-6deb38188a677f2bd8046c17956bbb89.ctex[39m[0m
[  68% ] [90m[1msavepack[22m | 保存文件：res://assets/reanim/Zombie_digger_dig0.png.import[39m[0m
[  68% ] [90m[1msavepack[22m | 保存文件：res://.godot/imported/Zombie_digger_dig1.png-6e04db621d7a50163f205d1e9eb63f5e.ctex[39m[0m
[  68% ] [90m[1msavepack[22m | 保存文件：res://assets/reanim/Zombie_digger_dig1.png.import[39m[0m
[  68% ] [90m[1msavepack[22m | 保存文件：res://.godot/imported/Zombie_digger_dig2.png-cba03564d0d23143c010c90d726c09fb.ctex[39m[0m
[  68% ] [90m[1msavepack[22m | 保存文件：res://assets/reanim/Zombie_digger_dig2.png.import[39m[0m
[  68% ] [90m[1msavepack[22m | 保存文件：res://.godot/imported/Zombie_digger_dig3.png-a808cbfde8e014f629b8ef17099997d8.ctex[39m[0m
[  68% ] [90m[1msavepack[22m | 保存文件：res://assets/reanim/Zombie_digger_dig3.png.import[39m[0m
[  68% ] [90m[1msavepack[22m | 保存文件：res://.godot/imported/Zombie_digger_dig4.png-689b117d4c87b69bc6290a4724401a5d.ctex[39m[0m
[  68% ] [90m[1msavepack[22m | 保存文件：res://assets/reanim/Zombie_digger_dig4.png.import[39m[0m
[  68% ] [90m[1msavepack[22m | 保存文件：res://.godot/imported/Zombie_digger_dig5.png-8c152fcf24cc3febc066eafed8dedb7e.ctex[39m[0m
[  68% ] [90m[1msavepack[22m | 保存文件：res://assets/reanim/Zombie_digger_dig5.png.import[39m[0m
[  68% ] [90m[1msavepack[22m | 保存文件：res://.godot/imported/Zombie_digger_dirt.png-01468aebdf86fa20ca5145679b40dbb4.ctex[39m[0m
[  68% ] [90m[1msavepack[22m | 保存文件：res://assets/reanim/Zombie_digger_dirt.png.import[39m[0m
[  68% ] [90m[1msavepack[22m | 保存文件：res://.godot/imported/Zombie_digger_hardhat2.png-9d4ab921b4820ac21f0f4c183adfc9e5.ctex[39m[0m
[  68% ] [90m[1msavepack[22m | 保存文件：res://assets/reanim/Zombie_digger_hardhat2.png.import[39m[0m
[  68% ] [90m[1msavepack[22m | 保存文件：res://.godot/imported/Zombie_digger_hardhat3.png-bce9307b4cd6aa8427135060523abbaf.ctex[39m[0m
[  68% ] [90m[1msavepack[22m | 保存文件：res://assets/reanim/Zombie_digger_hardhat3.png.import[39m[0m
[  68% ] [90m[1msavepack[22m | 保存文件：res://.godot/imported/Zombie_digger_hardhat.png-662de9081ab099c7d32809f7ba6d0b96.ctex[39m[0m
[  68% ] [90m[1msavepack[22m | 保存文件：res://assets/reanim/Zombie_digger_hardhat.png.import[39m[0m
[  68% ] [90m[1msavepack[22m | 保存文件：res://.godot/imported/Zombie_digger_head2.png-5a4ac9f693ae2592fa6bebb3bb829de9.ctex[39m[0m
[  68% ] [90m[1msavepack[22m | 保存文件：res://assets/reanim/Zombie_digger_head2.png.import[39m[0m
[  69% ] [90m[1msavepack[22m | 保存文件：res://.godot/imported/Zombie_digger_head.png-9a4a1419981537ba6ecad7f9a6a82c10.ctex[39m[0m
[  69% ] [90m[1msavepack[22m | 保存文件：res://assets/reanim/Zombie_digger_head.png.import[39m[0m
[  69% ] [90m[1msavepack[22m | 保存文件：res://.godot/imported/Zombie_digger_head_eye.png-9b78a44981648c51a7b63d30ea21d59d.ctex[39m[0m
[  69% ] [90m[1msavepack[22m | 保存文件：res://assets/reanim/Zombie_digger_head_eye.png.import[39m[0m
[  69% ] [90m[1msavepack[22m | 保存文件：res://.godot/imported/Zombie_digger_innerarm_hand.png-39242fb3f014ca44555e3acb34748273.ctex[39m[0m
[  69% ] [90m[1msavepack[22m | 保存文件：res://assets/reanim/Zombie_digger_innerarm_hand.png.import[39m[0m
[  69% ] [90m[1msavepack[22m | 保存文件：res://.godot/imported/Zombie_digger_innerarm_lower.png-685a5fc494736a3c8d4e5cec1b0e5728.ctex[39m[0m
[  69% ] [90m[1msavepack[22m | 保存文件：res://assets/reanim/Zombie_digger_innerarm_lower.png.import[39m[0m
[  69% ] [90m[1msavepack[22m | 保存文件：res://.godot/imported/Zombie_digger_innerarm_upper.png-d3a64d55a996e2974189ba2ea7751b9a.ctex[39m[0m
[  69% ] [90m[1msavepack[22m | 保存文件：res://assets/reanim/Zombie_digger_innerarm_upper.png.import[39m[0m
[  69% ] [90m[1msavepack[22m | 保存文件：res://.godot/imported/Zombie_digger_innerleg_foot.png-8c6d53b96adb67aed0cc938748867971.ctex[39m[0m
[  69% ] [90m[1msavepack[22m | 保存文件：res://assets/reanim/Zombie_digger_innerleg_foot.png.import[39m[0m
[  69% ] [90m[1msavepack[22m | 保存文件：res://.godot/imported/Zombie_digger_innerleg_lower.png-989d3f037f1d1cfa78a9c2f212de228b.ctex[39m[0m
[  69% ] [90m[1msavepack[22m | 保存文件：res://assets/reanim/Zombie_digger_innerleg_lower.png.import[39m[0m
[  69% ] [90m[1msavepack[22m | 保存文件：res://.godot/imported/Zombie_digger_innerleg_upper.png-d11f74b96960bb7b214cbcca4f0c12f4.ctex[39m[0m
[  69% ] [90m[1msavepack[22m | 保存文件：res://assets/reanim/Zombie_digger_innerleg_upper.png.import[39m[0m
[  69% ] [90m[1msavepack[22m | 保存文件：res://.godot/imported/Zombie_digger_jaw.png-7bafac71e87dbdf551dd67af78ae1c53.ctex[39m[0m
[  69% ] [90m[1msavepack[22m | 保存文件：res://assets/reanim/Zombie_digger_jaw.png.import[39m[0m
[  69% ] [90m[1msavepack[22m | 保存文件：res://.godot/imported/Zombie_digger_outerarm_hand.png-3f5c077dea428acad3e4931bc83bf78d.ctex[39m[0m
[  69% ] [90m[1msavepack[22m | 保存文件：res://assets/reanim/Zombie_digger_outerarm_hand.png.import[39m[0m
[  69% ] [90m[1msavepack[22m | 保存文件：res://.godot/imported/Zombie_digger_outerarm_lower.png-3688d9904b4e31a96f6aa0dc29126d66.ctex[39m[0m
[  69% ] [90m[1msavepack[22m | 保存文件：res://assets/reanim/Zombie_digger_outerarm_lower.png.import[39m[0m
[  69% ] [90m[1msavepack[22m | 保存文件：res://.godot/imported/Zombie_digger_outerarm_upper2.png-1f12ae9bd4578dc2759e1f341f6f692b.ctex[39m[0m
[  69% ] [90m[1msavepack[22m | 保存文件：res://assets/reanim/Zombie_digger_outerarm_upper2.png.import[39m[0m
[  69% ] [90m[1msavepack[22m | 保存文件：res://.godot/imported/Zombie_digger_outerarm_upper.png-328f719233756e7c266376f0fc5082ae.ctex[39m[0m
[  69% ] [90m[1msavepack[22m | 保存文件：res://assets/reanim/Zombie_digger_outerarm_upper.png.import[39m[0m
[  69% ] [90m[1msavepack[22m | 保存文件：res://.godot/imported/Zombie_digger_outerleg_fool.png-a6227448c1578a5c24cf1eba03fcec54.ctex[39m[0m
[  69% ] [90m[1msavepack[22m | 保存文件：res://assets/reanim/Zombie_digger_outerleg_fool.png.import[39m[0m
[  69% ] [90m[1msavepack[22m | 保存文件：res://.godot/imported/Zombie_digger_outerleg_lower.png-5fb2851e265bae52885ecf6baa7b630e.ctex[39m[0m
[  69% ] [90m[1msavepack[22m | 保存文件：res://assets/reanim/Zombie_digger_outerleg_lower.png.import[39m[0m
[  69% ] [90m[1msavepack[22m | 保存文件：res://.godot/imported/Zombie_digger_outerleg_upper.png-2d0dfc22322ac2fbe353819deb7900a3.ctex[39m[0m
[  69% ] [90m[1msavepack[22m | 保存文件：res://assets/reanim/Zombie_digger_outerleg_upper.png.import[39m[0m
[  69% ] [90m[1msavepack[22m | 保存文件：res://.godot/imported/Zombie_digger_pickaxe.png-125b92247b9d48758616ac302c62b1a4.ctex[39m[0m
[  69% ] [90m[1msavepack[22m | 保存文件：res://assets/reanim/Zombie_digger_pickaxe.png.import[39m[0m
[  69% ] [90m[1msavepack[22m | 保存文件：res://.godot/imported/Zombie_digger_rise2.png-efb41665b3fb5a1e8fd31af5baf13595.ctex[39m[0m
[  69% ] [90m[1msavepack[22m | 保存文件：res://assets/reanim/Zombie_digger_rise2.png.import[39m[0m
[  69% ] [90m[1msavepack[22m | 保存文件：res://.godot/imported/Zombie_digger_rise3.png-9cad54e46cbf2e4995d1d5597cace79f.ctex[39m[0m
[  69% ] [90m[1msavepack[22m | 保存文件：res://assets/reanim/Zombie_digger_rise3.png.import[39m[0m
[  69% ] [90m[1msavepack[22m | 保存文件：res://.godot/imported/Zombie_digger_rise4.png-a16a903df07fe1b4d77f163f9d411cd2.ctex[39m[0m
[  69% ] [90m[1msavepack[22m | 保存文件：res://assets/reanim/Zombie_digger_rise4.png.import[39m[0m
[  69% ] [90m[1msavepack[22m | 保存文件：res://.godot/imported/Zombie_digger_rise5.png-7847a5c0b31d156c767dcf6a62ef379a.ctex[39m[0m
[  69% ] [90m[1msavepack[22m | 保存文件：res://assets/reanim/Zombie_digger_rise5.png.import[39m[0m
[  69% ] [90m[1msavepack[22m | 保存文件：res://.godot/imported/Zombie_digger_rise6.png-baee03e2e6c24206592cd9763705727c.ctex[39m[0m
[  69% ] [90m[1msavepack[22m | 保存文件：res://assets/reanim/Zombie_digger_rise6.png.import[39m[0m
[  69% ] [90m[1msavepack[22m | 保存文件：res://.godot/imported/Zombie_digger_rise_ground.png-ba02a3971b66531ba9a65eea81b46c63.ctex[39m[0m
[  69% ] [90m[1msavepack[22m | 保存文件：res://assets/reanim/Zombie_digger_rise_ground.png.import[39m[0m
[  69% ] [90m[1msavepack[22m | 保存文件：res://.godot/imported/Zombie_disco_chops.png-cf1aebc5970a5996daa0e289f05ad82e.ctex[39m[0m
[  69% ] [90m[1msavepack[22m | 保存文件：res://assets/reanim/Zombie_disco_chops.png.import[39m[0m
[  69% ] [90m[1msavepack[22m | 保存文件：res://.godot/imported/Zombie_disco_collar_overlay.png-ce7347e0b7cbaa66cc5b092f3a2fd471.ctex[39m[0m
[  69% ] [90m[1msavepack[22m | 保存文件：res://assets/reanim/Zombie_disco_collar_overlay.png.import[39m[0m
[  69% ] [90m[1msavepack[22m | 保存文件：res://.godot/imported/Zombie_disco_fish.png-31a2d7e09cf07cba3d7197fb7b56c557.ctex[39m[0m
[  69% ] [90m[1msavepack[22m | 保存文件：res://assets/reanim/Zombie_disco_fish.png.import[39m[0m
[  69% ] [90m[1msavepack[22m | 保存文件：res://.godot/imported/Zombie_disco_glasses.png-0a94aadf9d8e5fbcc3694ea499eebf87.ctex[39m[0m
[  69% ] [90m[1msavepack[22m | 保存文件：res://assets/reanim/Zombie_disco_glasses.png.import[39m[0m
[  69% ] [90m[1msavepack[22m | 保存文件：res://.godot/imported/Zombie_disco_hair.png-e5e79d962f9b2c3fd66d77cf9316533f.ctex[39m[0m
[  69% ] [90m[1msavepack[22m | 保存文件：res://assets/reanim/Zombie_disco_hair.png.import[39m[0m
[  69% ] [90m[1msavepack[22m | 保存文件：res://.godot/imported/Zombie_disco_innerarm_lower.png-b5e49189ce1cccebcebc15e82cb359c0.ctex[39m[0m
[  69% ] [90m[1msavepack[22m | 保存文件：res://assets/reanim/Zombie_disco_innerarm_lower.png.import[39m[0m
[  69% ] [90m[1msavepack[22m | 保存文件：res://.godot/imported/Zombie_disco_innerarm_lowercuff.png-adfa657b3146cc482b97f4e17f856ead.ctex[39m[0m
[  69% ] [90m[1msavepack[22m | 保存文件：res://assets/reanim/Zombie_disco_innerarm_lowercuff.png.import[39m[0m
[  69% ] [90m[1msavepack[22m | 保存文件：res://.godot/imported/Zombie_disco_innerarm_upper.png-80f3894788600510bed4f47879df1c6b.ctex[39m[0m
[  69% ] [90m[1msavepack[22m | 保存文件：res://assets/reanim/Zombie_disco_innerarm_upper.png.import[39m[0m
[  69% ] [90m[1msavepack[22m | 保存文件：res://.godot/imported/Zombie_disco_innerfoot.png-f2999f4484926dd66b8541ba2dbde74f.ctex[39m[0m
[  69% ] [90m[1msavepack[22m | 保存文件：res://assets/reanim/Zombie_disco_innerfoot.png.import[39m[0m
[  69% ] [90m[1msavepack[22m | 保存文件：res://.godot/imported/Zombie_disco_innerhand.png-e8d411f9a8403010182fbb4b4807f1bd.ctex[39m[0m
[  69% ] [90m[1msavepack[22m | 保存文件：res://assets/reanim/Zombie_disco_innerhand.png.import[39m[0m
[  69% ] [90m[1msavepack[22m | 保存文件：res://.godot/imported/Zombie_disco_innerhand_point.png-1e53404c67596dac3100b9b2b3af071a.ctex[39m[0m
[  69% ] [90m[1msavepack[22m | 保存文件：res://assets/reanim/Zombie_disco_innerhand_point.png.import[39m[0m
[  69% ] [90m[1msavepack[22m | 保存文件：res://.godot/imported/Zombie_disco_innerleg_lower.png-35c82e8753e982b2f8aef36df20a806e.ctex[39m[0m
[  69% ] [90m[1msavepack[22m | 保存文件：res://assets/reanim/Zombie_disco_innerleg_lower.png.import[39m[0m
[  69% ] [90m[1msavepack[22m | 保存文件：res://.godot/imported/Zombie_disco_innerleg_upper.png-aceb0945d5691cb77b404c0f7bb7fdb4.ctex[39m[0m
[  69% ] [90m[1msavepack[22m | 保存文件：res://assets/reanim/Zombie_disco_innerleg_upper.png.import[39m[0m
[  69% ] [90m[1msavepack[22m | 保存文件：res://.godot/imported/Zombie_disco_lowerbody.png-858fed21b4e40795188146f7306e07ce.ctex[39m[0m
[  69% ] [90m[1msavepack[22m | 保存文件：res://assets/reanim/Zombie_disco_lowerbody.png.import[39m[0m
[  69% ] [90m[1msavepack[22m | 保存文件：res://.godot/imported/Zombie_disco_medalion.png-adabdcae66174ba9f86dc20cdc4b1e10.ctex[39m[0m
[  69% ] [90m[1msavepack[22m | 保存文件：res://assets/reanim/Zombie_disco_medalion.png.import[39m[0m
[  70% ] [90m[1msavepack[22m | 保存文件：res://.godot/imported/Zombie_disco_outerarm_lower.png-e08690945af94d3aa292df20cc15cc5b.ctex[39m[0m
[  70% ] [90m[1msavepack[22m | 保存文件：res://assets/reanim/Zombie_disco_outerarm_lower.png.import[39m[0m
[  70% ] [90m[1msavepack[22m | 保存文件：res://.godot/imported/Zombie_disco_outerarm_upper.png-b26c6d4887f295dc528e4e8a9323c415.ctex[39m[0m
[  70% ] [90m[1msavepack[22m | 保存文件：res://assets/reanim/Zombie_disco_outerarm_upper.png.import[39m[0m
[  70% ] [90m[1msavepack[22m | 保存文件：res://.godot/imported/Zombie_disco_outerarm_upper_bone.png-f4fd74e9628530640e9e7331a8e6546a.ctex[39m[0m
[  70% ] [90m[1msavepack[22m | 保存文件：res://assets/reanim/Zombie_disco_outerarm_upper_bone.png.import[39m[0m
[  70% ] [90m[1msavepack[22m | 保存文件：res://.godot/imported/Zombie_disco_outerfoot_lower.png-9c6a8c72e212814aa26971b7d6c03a7c.ctex[39m[0m
[  70% ] [90m[1msavepack[22m | 保存文件：res://assets/reanim/Zombie_disco_outerfoot_lower.png.import[39m[0m
[  70% ] [90m[1msavepack[22m | 保存文件：res://.godot/imported/Zombie_disco_outerfoot_lower_overlay.png-a065e2ecc5046b6eff559422ec7b6af2.ctex[39m[0m
[  70% ] [90m[1msavepack[22m | 保存文件：res://assets/reanim/Zombie_disco_outerfoot_lower_overlay.png.import[39m[0m
[  70% ] [90m[1msavepack[22m | 保存文件：res://.godot/imported/Zombie_disco_outerfoot_upper.png-c2198b4c2289e235d5c59b708d64fa40.ctex[39m[0m
[  70% ] [90m[1msavepack[22m | 保存文件：res://assets/reanim/Zombie_disco_outerfoot_upper.png.import[39m[0m
[  70% ] [90m[1msavepack[22m | 保存文件：res://.godot/imported/Zombie_disco_outerhand.png-f73facbd1f16e9003b1acd6f65104dd8.ctex[39m[0m
[  70% ] [90m[1msavepack[22m | 保存文件：res://assets/reanim/Zombie_disco_outerhand.png.import[39m[0m
[  70% ] [90m[1msavepack[22m | 保存文件：res://.godot/imported/Zombie_disco_outerhand_point.png-860b59a8ff61044d6288740a1f09f9d6.ctex[39m[0m
[  70% ] [90m[1msavepack[22m | 保存文件：res://assets/reanim/Zombie_disco_outerhand_point.png.import[39m[0m
[  70% ] [90m[1msavepack[22m | 保存文件：res://.godot/imported/Zombie_disco_outerleg_lower.png-0265570f276f0e3758debcac3d99c6e1.ctex[39m[0m
[  70% ] [90m[1msavepack[22m | 保存文件：res://assets/reanim/Zombie_disco_outerleg_lower.png.import[39m[0m
[  70% ] [90m[1msavepack[22m | 保存文件：res://.godot/imported/Zombie_disco_outerleg_upper.png-e046170d9840c41eec7da996800bb35f.ctex[39m[0m
[  70% ] [90m[1msavepack[22m | 保存文件：res://assets/reanim/Zombie_disco_outerleg_upper.png.import[39m[0m
[  70% ] [90m[1msavepack[22m | 保存文件：res://.godot/imported/Zombie_disco_upperbody.png-f887b4842daf21989ba2e56fc10f86c1.ctex[39m[0m
[  70% ] [90m[1msavepack[22m | 保存文件：res://assets/reanim/Zombie_disco_upperbody.png.import[39m[0m
[  70% ] [90m[1msavepack[22m | 保存文件：res://.godot/imported/Zombie_dolphinrider_body1.png-968a68f0fe0b74d62cf017b591a08fae.ctex[39m[0m
[  70% ] [90m[1msavepack[22m | 保存文件：res://assets/reanim/Zombie_dolphinrider_body1.png.import[39m[0m
[  70% ] [90m[1msavepack[22m | 保存文件：res://.godot/imported/Zombie_dolphinrider_body2.png-f9db1f460efa687b65d5c7c2c53f58d2.ctex[39m[0m
[  70% ] [90m[1msavepack[22m | 保存文件：res://assets/reanim/Zombie_dolphinrider_body2.png.import[39m[0m
[  70% ] [90m[1msavepack[22m | 保存文件：res://.godot/imported/Zombie_dolphinrider_dolphinbody1.png-736deac630ede4901d94c27f3deaf8fe.ctex[39m[0m
[  70% ] [90m[1msavepack[22m | 保存文件：res://assets/reanim/Zombie_dolphinrider_dolphinbody1.png.import[39m[0m
[  70% ] [90m[1msavepack[22m | 保存文件：res://.godot/imported/Zombie_dolphinrider_dolphinbody2.png-887a28b7a8dddaf12d9df48bb9fa394e.ctex[39m[0m
[  70% ] [90m[1msavepack[22m | 保存文件：res://assets/reanim/Zombie_dolphinrider_dolphinbody2.png.import[39m[0m
[  70% ] [90m[1msavepack[22m | 保存文件：res://.godot/imported/Zombie_dolphinrider_dolphinfin1.png-a331199540ffeb6ad46d7642a374ae28.ctex[39m[0m
[  70% ] [90m[1msavepack[22m | 保存文件：res://assets/reanim/Zombie_dolphinrider_dolphinfin1.png.import[39m[0m
[  70% ] [90m[1msavepack[22m | 保存文件：res://.godot/imported/Zombie_dolphinrider_dolphinfin2.png-eeb17a8ab7ddd3825df78070fa8192c3.ctex[39m[0m
[  70% ] [90m[1msavepack[22m | 保存文件：res://assets/reanim/Zombie_dolphinrider_dolphinfin2.png.import[39m[0m
[  70% ] [90m[1msavepack[22m | 保存文件：res://.godot/imported/Zombie_dolphinrider_dolphininwater.png-c937b154075011a7d1cb964add541ecd.ctex[39m[0m
[  70% ] [90m[1msavepack[22m | 保存文件：res://assets/reanim/Zombie_dolphinrider_dolphininwater.png.import[39m[0m
[  70% ] [90m[1msavepack[22m | 保存文件：res://.godot/imported/Zombie_dolphinrider_dolphinjaw.png-601312fbcdbdd22ee4175d9fcfee2ce2.ctex[39m[0m
[  70% ] [90m[1msavepack[22m | 保存文件：res://assets/reanim/Zombie_dolphinrider_dolphinjaw.png.import[39m[0m
[  70% ] [90m[1msavepack[22m | 保存文件：res://.godot/imported/Zombie_dolphinrider_head.png-7e98cb24500eb994345aedee7eb8ecfc.ctex[39m[0m
[  70% ] [90m[1msavepack[22m | 保存文件：res://assets/reanim/Zombie_dolphinrider_head.png.import[39m[0m
[  70% ] [90m[1msavepack[22m | 保存文件：res://.godot/imported/Zombie_dolphinrider_innerarm_hand.png-2fb2caacffcdc8b14203ceadf98ccdab.ctex[39m[0m
[  70% ] [90m[1msavepack[22m | 保存文件：res://assets/reanim/Zombie_dolphinrider_innerarm_hand.png.import[39m[0m
[  70% ] [90m[1msavepack[22m | 保存文件：res://.godot/imported/Zombie_dolphinrider_innerarm_lower.png-22b012a730bbd68569c6b487a70925bc.ctex[39m[0m
[  70% ] [90m[1msavepack[22m | 保存文件：res://assets/reanim/Zombie_dolphinrider_innerarm_lower.png.import[39m[0m
[  70% ] [90m[1msavepack[22m | 保存文件：res://.godot/imported/Zombie_dolphinrider_innerarm_upper.png-11b58bb84376e68241e81b32873a3ddb.ctex[39m[0m
[  70% ] [90m[1msavepack[22m | 保存文件：res://assets/reanim/Zombie_dolphinrider_innerarm_upper.png.import[39m[0m
[  70% ] [90m[1msavepack[22m | 保存文件：res://.godot/imported/Zombie_dolphinrider_innerleg_foot.png-729058c8603b537d0f62305fb4b4a81e.ctex[39m[0m
[  70% ] [90m[1msavepack[22m | 保存文件：res://assets/reanim/Zombie_dolphinrider_innerleg_foot.png.import[39m[0m
[  70% ] [90m[1msavepack[22m | 保存文件：res://.godot/imported/Zombie_dolphinrider_innerleg_lower.png-b7715b1f8981de18074f08eca9a400bc.ctex[39m[0m
[  70% ] [90m[1msavepack[22m | 保存文件：res://assets/reanim/Zombie_dolphinrider_innerleg_lower.png.import[39m[0m
[  70% ] [90m[1msavepack[22m | 保存文件：res://.godot/imported/Zombie_dolphinrider_innerleg_upper.png-de8a3d052c07a3a7c4b96b7a2b69c9c2.ctex[39m[0m
[  70% ] [90m[1msavepack[22m | 保存文件：res://assets/reanim/Zombie_dolphinrider_innerleg_upper.png.import[39m[0m
[  70% ] [90m[1msavepack[22m | 保存文件：res://.godot/imported/Zombie_dolphinrider_jaw.png-dcad63d5205d1e790fb31c8fb3a9b9b2.ctex[39m[0m
[  70% ] [90m[1msavepack[22m | 保存文件：res://assets/reanim/Zombie_dolphinrider_jaw.png.import[39m[0m
[  70% ] [90m[1msavepack[22m | 保存文件：res://.godot/imported/Zombie_dolphinrider_outerarm_hand.png-3158dcc99fdde9bae2f875e0eff7297f.ctex[39m[0m
[  70% ] [90m[1msavepack[22m | 保存文件：res://assets/reanim/Zombie_dolphinrider_outerarm_hand.png.import[39m[0m
[  70% ] [90m[1msavepack[22m | 保存文件：res://.godot/imported/Zombie_dolphinrider_outerarm_lower.png-0433b0603d08be75951e7060ab358d6d.ctex[39m[0m
[  70% ] [90m[1msavepack[22m | 保存文件：res://assets/reanim/Zombie_dolphinrider_outerarm_lower.png.import[39m[0m
[  70% ] [90m[1msavepack[22m | 保存文件：res://.godot/imported/Zombie_dolphinrider_outerarm_upper2.png-e6488fb8ae2029f3950ef33968a6a572.ctex[39m[0m
[  70% ] [90m[1msavepack[22m | 保存文件：res://assets/reanim/Zombie_dolphinrider_outerarm_upper2.png.import[39m[0m
[  70% ] [90m[1msavepack[22m | 保存文件：res://.godot/imported/Zombie_dolphinrider_outerarm_upper.png-35fd79ca19087de1831b35add25af8fa.ctex[39m[0m
[  70% ] [90m[1msavepack[22m | 保存文件：res://assets/reanim/Zombie_dolphinrider_outerarm_upper.png.import[39m[0m
[  70% ] [90m[1msavepack[22m | 保存文件：res://.godot/imported/Zombie_dolphinrider_outerleg_foot1.png-0af86d8cec2e6206057c783f36594404.ctex[39m[0m
[  70% ] [90m[1msavepack[22m | 保存文件：res://assets/reanim/Zombie_dolphinrider_outerleg_foot1.png.import[39m[0m
[  70% ] [90m[1msavepack[22m | 保存文件：res://.godot/imported/Zombie_dolphinrider_outerleg_foot2.png-ce139c869a4f88a02bcba4828336f626.ctex[39m[0m
[  70% ] [90m[1msavepack[22m | 保存文件：res://assets/reanim/Zombie_dolphinrider_outerleg_foot2.png.import[39m[0m
[  70% ] [90m[1msavepack[22m | 保存文件：res://.godot/imported/Zombie_dolphinrider_outerleg_lower.png-e23f35dea518f5e54103035335bb90a6.ctex[39m[0m
[  70% ] [90m[1msavepack[22m | 保存文件：res://assets/reanim/Zombie_dolphinrider_outerleg_lower.png.import[39m[0m
[  70% ] [90m[1msavepack[22m | 保存文件：res://.godot/imported/Zombie_dolphinrider_outerleg_upper.png-620a92ad9895503817d88ce49db40bf1.ctex[39m[0m
[  70% ] [90m[1msavepack[22m | 保存文件：res://assets/reanim/Zombie_dolphinrider_outerleg_upper.png.import[39m[0m
[  70% ] [90m[1msavepack[22m | 保存文件：res://.godot/imported/Zombie_dolphinrider_watershadow.png-f0368292320040fe41148d52ff0aca7d.ctex[39m[0m
[  70% ] [90m[1msavepack[22m | 保存文件：res://assets/reanim/Zombie_dolphinrider_watershadow.png.import[39m[0m
[  70% ] [90m[1msavepack[22m | 保存文件：res://.godot/imported/Zombie_dolphinrider_whitewater1.png-ae543068fd83fb94a170ec94b4e71cba.ctex[39m[0m
[  70% ] [90m[1msavepack[22m | 保存文件：res://assets/reanim/Zombie_dolphinrider_whitewater1.png.import[39m[0m
[  71% ] [90m[1msavepack[22m | 保存文件：res://.godot/imported/Zombie_dolphinrider_whitewater2.png-0c8dc62b4d0c1e002023601089a03443.ctex[39m[0m
[  71% ] [90m[1msavepack[22m | 保存文件：res://assets/reanim/Zombie_dolphinrider_whitewater2.png.import[39m[0m
[  71% ] [90m[1msavepack[22m | 保存文件：res://.godot/imported/Zombie_dolphinrider_whitewater3.png-6238e9012e2d926947adb552bc5a4a32.ctex[39m[0m
[  71% ] [90m[1msavepack[22m | 保存文件：res://assets/reanim/Zombie_dolphinrider_whitewater3.png.import[39m[0m
[  71% ] [90m[1msavepack[22m | 保存文件：res://.godot/imported/Zombie_duckytube.png-33d2943161c5ae101db2e36a1ff088d4.ctex[39m[0m
[  71% ] [90m[1msavepack[22m | 保存文件：res://assets/reanim/Zombie_duckytube.png.import[39m[0m
[  71% ] [90m[1msavepack[22m | 保存文件：res://.godot/imported/Zombie_duckytubehead.png-f21053a7c8d27d3521fa94ccb8c6cf62.ctex[39m[0m
[  71% ] [90m[1msavepack[22m | 保存文件：res://assets/reanim/Zombie_duckytubehead.png.import[39m[0m
[  71% ] [90m[1msavepack[22m | 保存文件：res://.godot/imported/Zombie_duckytube_inwater.png-e62a16530a7dc761c648ed7e14a0e2bd.ctex[39m[0m
[  71% ] [90m[1msavepack[22m | 保存文件：res://assets/reanim/Zombie_duckytube_inwater.png.import[39m[0m
[  71% ] [90m[1msavepack[22m | 保存文件：res://.godot/imported/Zombie_duckytube_whole.png-80d1c3b56144d0274bf744cd1b2fc631.ctex[39m[0m
[  71% ] [90m[1msavepack[22m | 保存文件：res://assets/reanim/Zombie_duckytube_whole.png.import[39m[0m
[  71% ] [90m[1msavepack[22m | 保存文件：res://.godot/imported/Zombie_eye.png-049c921fa9690d17958545b6b6393773.ctex[39m[0m
[  71% ] [90m[1msavepack[22m | 保存文件：res://assets/reanim/Zombie_eye.png.import[39m[0m
[  71% ] [90m[1msavepack[22m | 保存文件：res://.godot/imported/Zombie_flag1.png-96feed2c0de176bf0694241e4bdc2254.ctex[39m[0m
[  71% ] [90m[1msavepack[22m | 保存文件：res://assets/reanim/Zombie_flag1.png.import[39m[0m
[  71% ] [90m[1msavepack[22m | 保存文件：res://.godot/imported/Zombie_flag3.png-0450772ed2337ca2ecda239930a6bf6f.ctex[39m[0m
[  71% ] [90m[1msavepack[22m | 保存文件：res://assets/reanim/Zombie_flag3.png.import[39m[0m
[  71% ] [90m[1msavepack[22m | 保存文件：res://.godot/imported/Zombie_flaghand.png-ab2fb6e5cdb8740d21f7f31deccbd070.ctex[39m[0m
[  71% ] [90m[1msavepack[22m | 保存文件：res://assets/reanim/Zombie_flaghand.png.import[39m[0m
[  71% ] [90m[1msavepack[22m | 保存文件：res://.godot/imported/Zombie_flagpole.png-9bb1db58dc6aea06c6d04c33b7ef2b07.ctex[39m[0m
[  71% ] [90m[1msavepack[22m | 保存文件：res://assets/reanim/Zombie_flagpole.png.import[39m[0m
[  71% ] [90m[1msavepack[22m | 保存文件：res://.godot/imported/Zombie_football_head.png-205368f9fea78930a20493bef730f915.ctex[39m[0m
[  71% ] [90m[1msavepack[22m | 保存文件：res://assets/reanim/Zombie_football_head.png.import[39m[0m
[  71% ] [90m[1msavepack[22m | 保存文件：res://.godot/imported/Zombie_football_helmet2.png-e990cc2b024ad0e7d6951f06554936ae.ctex[39m[0m
[  71% ] [90m[1msavepack[22m | 保存文件：res://assets/reanim/Zombie_football_helmet2.png.import[39m[0m
[  71% ] [90m[1msavepack[22m | 保存文件：res://.godot/imported/Zombie_football_helmet3.png-677d34b420d79ed3689a3129650dbdef.ctex[39m[0m
[  71% ] [90m[1msavepack[22m | 保存文件：res://assets/reanim/Zombie_football_helmet3.png.import[39m[0m
[  71% ] [90m[1msavepack[22m | 保存文件：res://.godot/imported/Zombie_football_helmet.png-f94c2efa00e6839d466076d7b58984d6.ctex[39m[0m
[  71% ] [90m[1msavepack[22m | 保存文件：res://assets/reanim/Zombie_football_helmet.png.import[39m[0m
[  71% ] [90m[1msavepack[22m | 保存文件：res://.godot/imported/Zombie_football_leftarm_eatinghand.png-79c0e90d603111b4b6ed4db5b6c09232.ctex[39m[0m
[  71% ] [90m[1msavepack[22m | 保存文件：res://assets/reanim/Zombie_football_leftarm_eatinghand.png.import[39m[0m
[  71% ] [90m[1msavepack[22m | 保存文件：res://.godot/imported/Zombie_football_leftarm_eatinglower.png-ad68eefddcd9a1ee2bd1a9f8f01cb763.ctex[39m[0m
[  71% ] [90m[1msavepack[22m | 保存文件：res://assets/reanim/Zombie_football_leftarm_eatinglower.png.import[39m[0m
[  71% ] [90m[1msavepack[22m | 保存文件：res://.godot/imported/Zombie_football_leftarm_hand.png-368c182f1281cba8f091a67c343f0b7c.ctex[39m[0m
[  71% ] [90m[1msavepack[22m | 保存文件：res://assets/reanim/Zombie_football_leftarm_hand.png.import[39m[0m
[  71% ] [90m[1msavepack[22m | 保存文件：res://.godot/imported/Zombie_football_leftarm_lower.png-45c76c4079e0b443f32b6d2bb712aedb.ctex[39m[0m
[  71% ] [90m[1msavepack[22m | 保存文件：res://assets/reanim/Zombie_football_leftarm_lower.png.import[39m[0m
[  71% ] [90m[1msavepack[22m | 保存文件：res://.godot/imported/zombie_football_leftarm_upper2.png-20950c4e4d299d2f508b26de5ecdc5b2.ctex[39m[0m
[  71% ] [90m[1msavepack[22m | 保存文件：res://assets/reanim/zombie_football_leftarm_upper2.png.import[39m[0m
[  71% ] [90m[1msavepack[22m | 保存文件：res://.godot/imported/zombie_football_leftarm_upper.png-4f585bd92d1a4a9dd05441236dc50610.ctex[39m[0m
[  71% ] [90m[1msavepack[22m | 保存文件：res://assets/reanim/zombie_football_leftarm_upper.png.import[39m[0m
[  71% ] [90m[1msavepack[22m | 保存文件：res://.godot/imported/Zombie_football_leftleg_foot.png-8e654cd0aeefec6f01379a59fec589c5.ctex[39m[0m
[  71% ] [90m[1msavepack[22m | 保存文件：res://assets/reanim/Zombie_football_leftleg_foot.png.import[39m[0m
[  71% ] [90m[1msavepack[22m | 保存文件：res://.godot/imported/Zombie_football_leftleg_lower.png-cd7c55ca018b9ab4c078ce470fe6d9c3.ctex[39m[0m
[  71% ] [90m[1msavepack[22m | 保存文件：res://assets/reanim/Zombie_football_leftleg_lower.png.import[39m[0m
[  71% ] [90m[1msavepack[22m | 保存文件：res://.godot/imported/Zombie_football_leftleg_upper.png-28f218daea67405ce62e8fdbeced5cc3.ctex[39m[0m
[  71% ] [90m[1msavepack[22m | 保存文件：res://assets/reanim/Zombie_football_leftleg_upper.png.import[39m[0m
[  71% ] [90m[1msavepack[22m | 保存文件：res://.godot/imported/Zombie_football_lowerbody.png-324a70371987256a8ece78d757156e60.ctex[39m[0m
[  71% ] [90m[1msavepack[22m | 保存文件：res://assets/reanim/Zombie_football_lowerbody.png.import[39m[0m
[  71% ] [90m[1msavepack[22m | 保存文件：res://.godot/imported/Zombie_football_outerarm_eatinghand.png-00584db6918ce7cffc5507fd1043d9a5.ctex[39m[0m
[  71% ] [90m[1msavepack[22m | 保存文件：res://assets/reanim/Zombie_football_outerarm_eatinghand.png.import[39m[0m
[  71% ] [90m[1msavepack[22m | 保存文件：res://.godot/imported/zombie_football_rightarm_hand.png-692faf3af46ff12ee4c7d16dc462dc41.ctex[39m[0m
[  71% ] [90m[1msavepack[22m | 保存文件：res://assets/reanim/zombie_football_rightarm_hand.png.import[39m[0m
[  71% ] [90m[1msavepack[22m | 保存文件：res://.godot/imported/zombie_football_rightarm_lower.png-74bd5d428848b72562b35cdb136a71ce.ctex[39m[0m
[  71% ] [90m[1msavepack[22m | 保存文件：res://assets/reanim/zombie_football_rightarm_lower.png.import[39m[0m
[  71% ] [90m[1msavepack[22m | 保存文件：res://.godot/imported/zombie_football_rightarm_upper.png-b0232e6f0d1d2d81d1be70def52124a8.ctex[39m[0m
[  71% ] [90m[1msavepack[22m | 保存文件：res://assets/reanim/zombie_football_rightarm_upper.png.import[39m[0m
[  71% ] [90m[1msavepack[22m | 保存文件：res://.godot/imported/Zombie_football_rightleg_foot.png-922b1701996760a75e02cad42425f9b2.ctex[39m[0m
[  71% ] [90m[1msavepack[22m | 保存文件：res://assets/reanim/Zombie_football_rightleg_foot.png.import[39m[0m
[  71% ] [90m[1msavepack[22m | 保存文件：res://.godot/imported/Zombie_football_rightleg_lower.png-cf8b342c2ff04338530a85434fc1aec1.ctex[39m[0m
[  71% ] [90m[1msavepack[22m | 保存文件：res://assets/reanim/Zombie_football_rightleg_lower.png.import[39m[0m
[  71% ] [90m[1msavepack[22m | 保存文件：res://.godot/imported/Zombie_football_rightleg_upper.png-689ece9c7e3b8ee0e829eaf4f05c93a5.ctex[39m[0m
[  71% ] [90m[1msavepack[22m | 保存文件：res://assets/reanim/Zombie_football_rightleg_upper.png.import[39m[0m
[  71% ] [90m[1msavepack[22m | 保存文件：res://.godot/imported/Zombie_football_upperbody2.png-7314745b7e13d8c9a9af98cbe90659f7.ctex[39m[0m
[  71% ] [90m[1msavepack[22m | 保存文件：res://assets/reanim/Zombie_football_upperbody2.png.import[39m[0m
[  71% ] [90m[1msavepack[22m | 保存文件：res://.godot/imported/Zombie_football_upperbody3.png-47cd46733042c1f544a5e23c834249d2.ctex[39m[0m
[  71% ] [90m[1msavepack[22m | 保存文件：res://assets/reanim/Zombie_football_upperbody3.png.import[39m[0m
[  71% ] [90m[1msavepack[22m | 保存文件：res://.godot/imported/Zombie_football_upperbody.png-1b67d98bae194e992aa375df7a47deca.ctex[39m[0m
[  71% ] [90m[1msavepack[22m | 保存文件：res://assets/reanim/Zombie_football_upperbody.png.import[39m[0m
[  71% ] [90m[1msavepack[22m | 保存文件：res://.godot/imported/Zombie_gargantuar_body1.png-376942eb4ff3348d10267a410640cd62.ctex[39m[0m
[  71% ] [90m[1msavepack[22m | 保存文件：res://assets/reanim/Zombie_gargantuar_body1.png.import[39m[0m
[  71% ] [90m[1msavepack[22m | 保存文件：res://.godot/imported/Zombie_gargantuar_body1_2.png-41936b6f031dbc0434dd24b9a8cfc957.ctex[39m[0m
[  71% ] [90m[1msavepack[22m | 保存文件：res://assets/reanim/Zombie_gargantuar_body1_2.png.import[39m[0m
[  71% ] [90m[1msavepack[22m | 保存文件：res://.godot/imported/Zombie_gargantuar_body1_3.png-ec0aec5f585ae266122bac94e5d12c42.ctex[39m[0m
[  71% ] [90m[1msavepack[22m | 保存文件：res://assets/reanim/Zombie_gargantuar_body1_3.png.import[39m[0m
[  72% ] [90m[1msavepack[22m | 保存文件：res://.godot/imported/Zombie_gargantuar_body2.png-2b04a2b665a01bd8a5d633cba75a5be3.ctex[39m[0m
[  72% ] [90m[1msavepack[22m | 保存文件：res://assets/reanim/Zombie_gargantuar_body2.png.import[39m[0m
[  72% ] [90m[1msavepack[22m | 保存文件：res://.godot/imported/Zombie_gargantuar_duckxing.png-84b380b7ddbb732f6bb9913adf8598fe.ctex[39m[0m
[  72% ] [90m[1msavepack[22m | 保存文件：res://assets/reanim/Zombie_gargantuar_duckxing.png.import[39m[0m
[  72% ] [90m[1msavepack[22m | 保存文件：res://.godot/imported/Zombie_gargantuar_foot2.png-028125f0792f8ad128d85350bf6545bd.ctex[39m[0m
[  72% ] [90m[1msavepack[22m | 保存文件：res://assets/reanim/Zombie_gargantuar_foot2.png.import[39m[0m
[  72% ] [90m[1msavepack[22m | 保存文件：res://.godot/imported/Zombie_gargantuar_foot.png-f2960006c341121daaf65ea164cc84c2.ctex[39m[0m
[  72% ] [90m[1msavepack[22m | 保存文件：res://assets/reanim/Zombie_gargantuar_foot.png.import[39m[0m
[  72% ] [90m[1msavepack[22m | 保存文件：res://.godot/imported/Zombie_gargantuar_head2.png-7759d2efe248d64ad94adf2089a930d6.ctex[39m[0m
[  72% ] [90m[1msavepack[22m | 保存文件：res://assets/reanim/Zombie_gargantuar_head2.png.import[39m[0m
[  72% ] [90m[1msavepack[22m | 保存文件：res://.godot/imported/Zombie_gargantuar_head2_redeye.png-4e9036e56cba35e861dac30849db0772.ctex[39m[0m
[  72% ] [90m[1msavepack[22m | 保存文件：res://assets/reanim/Zombie_gargantuar_head2_redeye.png.import[39m[0m
[  72% ] [90m[1msavepack[22m | 保存文件：res://.godot/imported/Zombie_gargantuar_head.png-c7aeed5e6c17e6331a8536057b10982b.ctex[39m[0m
[  72% ] [90m[1msavepack[22m | 保存文件：res://assets/reanim/Zombie_gargantuar_head.png.import[39m[0m
[  72% ] [90m[1msavepack[22m | 保存文件：res://.godot/imported/Zombie_gargantuar_head_redeye.png-734766f22735bc51f8896b1d99994a59.ctex[39m[0m
[  72% ] [90m[1msavepack[22m | 保存文件：res://assets/reanim/Zombie_gargantuar_head_redeye.png.import[39m[0m
[  72% ] [90m[1msavepack[22m | 保存文件：res://.godot/imported/Zombie_gargantuar_innerarm_hand.png-2cbf95fda875678c2416e0358a412bac.ctex[39m[0m
[  72% ] [90m[1msavepack[22m | 保存文件：res://assets/reanim/Zombie_gargantuar_innerarm_hand.png.import[39m[0m
[  72% ] [90m[1msavepack[22m | 保存文件：res://.godot/imported/Zombie_gargantuar_innerarm_lower.png-0a4f7c901ac9c2419467583e5988f305.ctex[39m[0m
[  72% ] [90m[1msavepack[22m | 保存文件：res://assets/reanim/Zombie_gargantuar_innerarm_lower.png.import[39m[0m
[  72% ] [90m[1msavepack[22m | 保存文件：res://.godot/imported/Zombie_gargantuar_innerarm_thumb.png-d23248d893c3657e454354dedc6e78f1.ctex[39m[0m
[  72% ] [90m[1msavepack[22m | 保存文件：res://assets/reanim/Zombie_gargantuar_innerarm_thumb.png.import[39m[0m
[  72% ] [90m[1msavepack[22m | 保存文件：res://.godot/imported/Zombie_gargantuar_innerarm_upper.png-96195f758b4b40666085a26493df3b33.ctex[39m[0m
[  72% ] [90m[1msavepack[22m | 保存文件：res://assets/reanim/Zombie_gargantuar_innerarm_upper.png.import[39m[0m
[  72% ] [90m[1msavepack[22m | 保存文件：res://.godot/imported/Zombie_gargantuar_innerleg_lower.png-fc66b7dce3d6d8d8470d90299c8c6c6e.ctex[39m[0m
[  72% ] [90m[1msavepack[22m | 保存文件：res://assets/reanim/Zombie_gargantuar_innerleg_lower.png.import[39m[0m
[  72% ] [90m[1msavepack[22m | 保存文件：res://.godot/imported/Zombie_gargantuar_innerleg_upper.png-0bb4dbb90272dc5ae002f24bf860978c.ctex[39m[0m
[  72% ] [90m[1msavepack[22m | 保存文件：res://assets/reanim/Zombie_gargantuar_innerleg_upper.png.import[39m[0m
[  72% ] [90m[1msavepack[22m | 保存文件：res://.godot/imported/Zombie_gargantuar_jaw.png-363db744a229a451d9a6eb07a347ebde.ctex[39m[0m
[  72% ] [90m[1msavepack[22m | 保存文件：res://assets/reanim/Zombie_gargantuar_jaw.png.import[39m[0m
[  72% ] [90m[1msavepack[22m | 保存文件：res://.godot/imported/Zombie_gargantuar_outerarm_hand.png-082f3fb7a672b107ceb0a0307b9137e9.ctex[39m[0m
[  72% ] [90m[1msavepack[22m | 保存文件：res://assets/reanim/Zombie_gargantuar_outerarm_hand.png.import[39m[0m
[  72% ] [90m[1msavepack[22m | 保存文件：res://.godot/imported/Zombie_gargantuar_outerarm_lower2.png-f12595a9e3b448e8741d95bd94a03fc7.ctex[39m[0m
[  72% ] [90m[1msavepack[22m | 保存文件：res://assets/reanim/Zombie_gargantuar_outerarm_lower2.png.import[39m[0m
[  72% ] [90m[1msavepack[22m | 保存文件：res://.godot/imported/Zombie_gargantuar_outerarm_lower.png-58d8297b8df5727e31fc139fe78c99ec.ctex[39m[0m
[  72% ] [90m[1msavepack[22m | 保存文件：res://assets/reanim/Zombie_gargantuar_outerarm_lower.png.import[39m[0m
[  72% ] [90m[1msavepack[22m | 保存文件：res://.godot/imported/Zombie_gargantuar_outerarm_upper.png-489d21998ea61af9ddf5747d4fb5bf40.ctex[39m[0m
[  72% ] [90m[1msavepack[22m | 保存文件：res://assets/reanim/Zombie_gargantuar_outerarm_upper.png.import[39m[0m
[  72% ] [90m[1msavepack[22m | 保存文件：res://.godot/imported/Zombie_gargantuar_outerleg_lower.png-d8f0fe62011ccc0bb501b7fdcc6db82f.ctex[39m[0m
[  72% ] [90m[1msavepack[22m | 保存文件：res://assets/reanim/Zombie_gargantuar_outerleg_lower.png.import[39m[0m
[  72% ] [90m[1msavepack[22m | 保存文件：res://.godot/imported/Zombie_gargantuar_outerleg_upper.png-dc6acad235c074debe4bfab0bd4bfac0.ctex[39m[0m
[  72% ] [90m[1msavepack[22m | 保存文件：res://assets/reanim/Zombie_gargantuar_outerleg_upper.png.import[39m[0m
[  72% ] [90m[1msavepack[22m | 保存文件：res://.godot/imported/Zombie_gargantuar_rope.png-c25e876ed60a8b210d43e4f5296b6428.ctex[39m[0m
[  72% ] [90m[1msavepack[22m | 保存文件：res://assets/reanim/Zombie_gargantuar_rope.png.import[39m[0m
[  72% ] [90m[1msavepack[22m | 保存文件：res://.godot/imported/Zombie_gargantuar_telephonepole.png-875bec43080cc578c1373cfe51df9a07.ctex[39m[0m
[  72% ] [90m[1msavepack[22m | 保存文件：res://assets/reanim/Zombie_gargantuar_telephonepole.png.import[39m[0m
[  72% ] [90m[1msavepack[22m | 保存文件：res://.godot/imported/Zombie_gargantuar_trashcan1.png-e0458aff77833c34c200ed5ac2a3a2c7.ctex[39m[0m
[  72% ] [90m[1msavepack[22m | 保存文件：res://assets/reanim/Zombie_gargantuar_trashcan1.png.import[39m[0m
[  72% ] [90m[1msavepack[22m | 保存文件：res://.godot/imported/Zombie_gargantuar_trashcan2.png-0b0526e86c0cc3696f06ff699b6f0951.ctex[39m[0m
[  72% ] [90m[1msavepack[22m | 保存文件：res://assets/reanim/Zombie_gargantuar_trashcan2.png.import[39m[0m
[  72% ] [90m[1msavepack[22m | 保存文件：res://.godot/imported/Zombie_gargantuar_whiterope.png-22e6287bf8be2d0e7f7bf5c087e8ce8e.ctex[39m[0m
[  72% ] [90m[1msavepack[22m | 保存文件：res://assets/reanim/Zombie_gargantuar_whiterope.png.import[39m[0m
[  72% ] [90m[1msavepack[22m | 保存文件：res://.godot/imported/Zombie_gargantuar_zombie.png-25550af9c9854630c2e813a2f7b1f54f.ctex[39m[0m
[  72% ] [90m[1msavepack[22m | 保存文件：res://assets/reanim/Zombie_gargantuar_zombie.png.import[39m[0m
[  72% ] [90m[1msavepack[22m | 保存文件：res://.godot/imported/Zombie_glasses.png-634a6691a81c8da96936951de29e891c.ctex[39m[0m
[  72% ] [90m[1msavepack[22m | 保存文件：res://assets/reanim/Zombie_glasses.png.import[39m[0m
[  72% ] [90m[1msavepack[22m | 保存文件：res://.godot/imported/Zombie_hair.png-b6a8b0759853d3c60ccee1f4c2a7e8b8.ctex[39m[0m
[  72% ] [90m[1msavepack[22m | 保存文件：res://assets/reanim/Zombie_hair.png.import[39m[0m
[  72% ] [90m[1msavepack[22m | 保存文件：res://.godot/imported/Zombie_hand_arm.png-0ec929415aa934ad719f1a04b718aa36.ctex[39m[0m
[  72% ] [90m[1msavepack[22m | 保存文件：res://assets/reanim/Zombie_hand_arm.png.import[39m[0m
[  72% ] [90m[1msavepack[22m | 保存文件：res://.godot/imported/Zombie_hand_finger1_1.png-8c5f6850425b00ae97e75caabad1f95a.ctex[39m[0m
[  72% ] [90m[1msavepack[22m | 保存文件：res://assets/reanim/Zombie_hand_finger1_1.png.import[39m[0m
[  72% ] [90m[1msavepack[22m | 保存文件：res://.godot/imported/Zombie_hand_finger1_2.png-cb9196217a360305226d39aaee03f84e.ctex[39m[0m
[  72% ] [90m[1msavepack[22m | 保存文件：res://assets/reanim/Zombie_hand_finger1_2.png.import[39m[0m
[  72% ] [90m[1msavepack[22m | 保存文件：res://.godot/imported/Zombie_hand_finger2_1.png-90326db0fab431c1095e3bf58afbd915.ctex[39m[0m
[  72% ] [90m[1msavepack[22m | 保存文件：res://assets/reanim/Zombie_hand_finger2_1.png.import[39m[0m
[  72% ] [90m[1msavepack[22m | 保存文件：res://.godot/imported/Zombie_hand_finger2_2.png-003e7f1ebdcc7f0026cbf29f1f8e3926.ctex[39m[0m
[  72% ] [90m[1msavepack[22m | 保存文件：res://assets/reanim/Zombie_hand_finger2_2.png.import[39m[0m
[  72% ] [90m[1msavepack[22m | 保存文件：res://.godot/imported/Zombie_hand_finger3_1.png-4aa73afc5cd6ba04276c8bf059165922.ctex[39m[0m
[  72% ] [90m[1msavepack[22m | 保存文件：res://assets/reanim/Zombie_hand_finger3_1.png.import[39m[0m
[  72% ] [90m[1msavepack[22m | 保存文件：res://.godot/imported/Zombie_hand_finger3_2.png-c110a0e6f7013b9c111dbb40a994078e.ctex[39m[0m
[  72% ] [90m[1msavepack[22m | 保存文件：res://assets/reanim/Zombie_hand_finger3_2.png.import[39m[0m
[  72% ] [90m[1msavepack[22m | 保存文件：res://.godot/imported/Zombie_hand_finger4_1.png-b76f1a17ea84efee5836e64e83cdccd1.ctex[39m[0m
[  72% ] [90m[1msavepack[22m | 保存文件：res://assets/reanim/Zombie_hand_finger4_1.png.import[39m[0m
[  72% ] [90m[1msavepack[22m | 保存文件：res://.godot/imported/Zombie_hand_finger4_2.png-d9391ec0fdb12a82065ecfa679357465.ctex[39m[0m
[  72% ] [90m[1msavepack[22m | 保存文件：res://assets/reanim/Zombie_hand_finger4_2.png.import[39m[0m
[  73% ] [90m[1msavepack[22m | 保存文件：res://.godot/imported/Zombie_hand_hand.png-7ae13b5a3e1816d80e810da2a9c5744b.ctex[39m[0m
[  73% ] [90m[1msavepack[22m | 保存文件：res://assets/reanim/Zombie_hand_hand.png.import[39m[0m
[  73% ] [90m[1msavepack[22m | 保存文件：res://.godot/imported/Zombie_hand_overlay.png-a0b152aacd1bc775774bd25aacec5281.ctex[39m[0m
[  73% ] [90m[1msavepack[22m | 保存文件：res://assets/reanim/Zombie_hand_overlay.png.import[39m[0m
[  73% ] [90m[1msavepack[22m | 保存文件：res://.godot/imported/Zombie_hand_rock1.png-19375d959cc5c3bfadcc03c82a1e383e.ctex[39m[0m
[  73% ] [90m[1msavepack[22m | 保存文件：res://assets/reanim/Zombie_hand_rock1.png.import[39m[0m
[  73% ] [90m[1msavepack[22m | 保存文件：res://.godot/imported/Zombie_hand_rock2.png-c9174505ee8a050a42f2ba9530296c3e.ctex[39m[0m
[  73% ] [90m[1msavepack[22m | 保存文件：res://assets/reanim/Zombie_hand_rock2.png.import[39m[0m
[  73% ] [90m[1msavepack[22m | 保存文件：res://.godot/imported/Zombie_hand_rock3.png-1752290f147143838124f2beb9375a29.ctex[39m[0m
[  73% ] [90m[1msavepack[22m | 保存文件：res://assets/reanim/Zombie_hand_rock3.png.import[39m[0m
[  73% ] [90m[1msavepack[22m | 保存文件：res://.godot/imported/Zombie_hand_rock4.png-eeabf21fdf1b3ae9c35acada7b655c3f.ctex[39m[0m
[  73% ] [90m[1msavepack[22m | 保存文件：res://assets/reanim/Zombie_hand_rock4.png.import[39m[0m
[  73% ] [90m[1msavepack[22m | 保存文件：res://.godot/imported/Zombie_hand_rock5.png-2475a70950d7755e5099b112a5fb5f59.ctex[39m[0m
[  73% ] [90m[1msavepack[22m | 保存文件：res://assets/reanim/Zombie_hand_rock5.png.import[39m[0m
[  73% ] [90m[1msavepack[22m | 保存文件：res://.godot/imported/Zombie_hand_rock6.png-62a5889ec622081fed89423ed3b3bd38.ctex[39m[0m
[  73% ] [90m[1msavepack[22m | 保存文件：res://assets/reanim/Zombie_hand_rock6.png.import[39m[0m
[  73% ] [90m[1msavepack[22m | 保存文件：res://.godot/imported/Zombie_hand_rock 7.png-5cbbf03c6803980319405d0c6619ad3e.ctex[39m[0m
[  73% ] [90m[1msavepack[22m | 保存文件：res://assets/reanim/Zombie_hand_rock 7.png.import[39m[0m
[  73% ] [90m[1msavepack[22m | 保存文件：res://.godot/imported/Zombie_head2.png-85b7d003864552bffa89d371e4dc99b1.ctex[39m[0m
[  73% ] [90m[1msavepack[22m | 保存文件：res://assets/reanim/Zombie_head2.png.import[39m[0m
[  73% ] [90m[1msavepack[22m | 保存文件：res://.godot/imported/Zombie_head.png-0b91a36beda7a827528a0e0a89376f37.ctex[39m[0m
[  73% ] [90m[1msavepack[22m | 保存文件：res://assets/reanim/Zombie_head.png.import[39m[0m
[  73% ] [90m[1msavepack[22m | 保存文件：res://.godot/imported/Zombie_head_grossout.png-b245c9086ad84fa39e94b35c70beb86e.ctex[39m[0m
[  73% ] [90m[1msavepack[22m | 保存文件：res://assets/reanim/Zombie_head_grossout.png.import[39m[0m
[  73% ] [90m[1msavepack[22m | 保存文件：res://.godot/imported/Zombie_head_sunglasses1.png-540f9f87919751a9051929ae2ab4ecd9.ctex[39m[0m
[  73% ] [90m[1msavepack[22m | 保存文件：res://assets/reanim/Zombie_head_sunglasses1.png.import[39m[0m
[  73% ] [90m[1msavepack[22m | 保存文件：res://.godot/imported/Zombie_head_sunglasses2.png-c131fcf474837a0ddb5a6baed5d4cb97.ctex[39m[0m
[  73% ] [90m[1msavepack[22m | 保存文件：res://assets/reanim/Zombie_head_sunglasses2.png.import[39m[0m
[  73% ] [90m[1msavepack[22m | 保存文件：res://.godot/imported/Zombie_head_sunglasses3.png-6d6a64960b6dbf60ae633eb0901c17f0.ctex[39m[0m
[  73% ] [90m[1msavepack[22m | 保存文件：res://assets/reanim/Zombie_head_sunglasses3.png.import[39m[0m
[  73% ] [90m[1msavepack[22m | 保存文件：res://.godot/imported/Zombie_head_sunglasses4.png-93321c896d17ce97c8cdc211d29c5f1d.ctex[39m[0m
[  73% ] [90m[1msavepack[22m | 保存文件：res://assets/reanim/Zombie_head_sunglasses4.png.import[39m[0m
[  73% ] [90m[1msavepack[22m | 保存文件：res://.godot/imported/Zombie_imp_arm1.png-001b18759534058a834ec078c721ccf0.ctex[39m[0m
[  73% ] [90m[1msavepack[22m | 保存文件：res://assets/reanim/Zombie_imp_arm1.png.import[39m[0m
[  73% ] [90m[1msavepack[22m | 保存文件：res://.godot/imported/Zombie_imp_arm1_bone.png-26b3752a87aed8cc313d7c6c044adac5.ctex[39m[0m
[  73% ] [90m[1msavepack[22m | 保存文件：res://assets/reanim/Zombie_imp_arm1_bone.png.import[39m[0m
[  73% ] [90m[1msavepack[22m | 保存文件：res://.godot/imported/Zombie_imp_arm2.png-165d042705e6433d29a7c5e9d58faf6c.ctex[39m[0m
[  73% ] [90m[1msavepack[22m | 保存文件：res://assets/reanim/Zombie_imp_arm2.png.import[39m[0m
[  73% ] [90m[1msavepack[22m | 保存文件：res://.godot/imported/Zombie_imp_body1.png-d632f258f462306320a238b6db768342.ctex[39m[0m
[  73% ] [90m[1msavepack[22m | 保存文件：res://assets/reanim/Zombie_imp_body1.png.import[39m[0m
[  73% ] [90m[1msavepack[22m | 保存文件：res://.godot/imported/Zombie_imp_body2.png-1d2de145120bb286d6b737954487d74d.ctex[39m[0m
[  73% ] [90m[1msavepack[22m | 保存文件：res://assets/reanim/Zombie_imp_body2.png.import[39m[0m
[  73% ] [90m[1msavepack[22m | 保存文件：res://.godot/imported/Zombie_imp_body3.png-9621e80ff1cb91ce77256e4694a0dab0.ctex[39m[0m
[  73% ] [90m[1msavepack[22m | 保存文件：res://assets/reanim/Zombie_imp_body3.png.import[39m[0m
[  73% ] [90m[1msavepack[22m | 保存文件：res://.godot/imported/Zombie_imp_body4.png-1b55d2bac66eb10a789788dae94cfa1c.ctex[39m[0m
[  73% ] [90m[1msavepack[22m | 保存文件：res://assets/reanim/Zombie_imp_body4.png.import[39m[0m
[  73% ] [90m[1msavepack[22m | 保存文件：res://.godot/imported/Zombie_imp_head.png-ed3edfbd137700fd8105edc2936d7dd2.ctex[39m[0m
[  73% ] [90m[1msavepack[22m | 保存文件：res://assets/reanim/Zombie_imp_head.png.import[39m[0m
[  73% ] [90m[1msavepack[22m | 保存文件：res://.godot/imported/Zombie_imp_innerleg_foot.png-652c9c2d9f721f0cac1e48e718967258.ctex[39m[0m
[  73% ] [90m[1msavepack[22m | 保存文件：res://assets/reanim/Zombie_imp_innerleg_foot.png.import[39m[0m
[  73% ] [90m[1msavepack[22m | 保存文件：res://.godot/imported/Zombie_imp_innerleg_lower.png-77a8c41889b48a5a671bdcfa7fae6fa9.ctex[39m[0m
[  73% ] [90m[1msavepack[22m | 保存文件：res://assets/reanim/Zombie_imp_innerleg_lower.png.import[39m[0m
[  73% ] [90m[1msavepack[22m | 保存文件：res://.godot/imported/Zombie_imp_innerleg_upper.png-854068544fab6db3213f18cab029883a.ctex[39m[0m
[  73% ] [90m[1msavepack[22m | 保存文件：res://assets/reanim/Zombie_imp_innerleg_upper.png.import[39m[0m
[  73% ] [90m[1msavepack[22m | 保存文件：res://.godot/imported/Zombie_imp_jaw.png-994924b5a95107c7fd0bd4e3988fa1fc.ctex[39m[0m
[  73% ] [90m[1msavepack[22m | 保存文件：res://assets/reanim/Zombie_imp_jaw.png.import[39m[0m
[  73% ] [90m[1msavepack[22m | 保存文件：res://.godot/imported/Zombie_imp_outerleg_foot.png-a6127941c06c17b8b5ede64f0b7e7e33.ctex[39m[0m
[  73% ] [90m[1msavepack[22m | 保存文件：res://assets/reanim/Zombie_imp_outerleg_foot.png.import[39m[0m
[  73% ] [90m[1msavepack[22m | 保存文件：res://.godot/imported/Zombie_imp_outerleg_lower.png-40316c439b1f5ab8dd30c850c1a997ac.ctex[39m[0m
[  73% ] [90m[1msavepack[22m | 保存文件：res://assets/reanim/Zombie_imp_outerleg_lower.png.import[39m[0m
[  73% ] [90m[1msavepack[22m | 保存文件：res://.godot/imported/Zombie_imp_outerleg_upper.png-f2549e4fe56f9a26cf6c4fa0dd4000a8.ctex[39m[0m
[  73% ] [90m[1msavepack[22m | 保存文件：res://assets/reanim/Zombie_imp_outerleg_upper.png.import[39m[0m
[  73% ] [90m[1msavepack[22m | 保存文件：res://.godot/imported/Zombie_innerarm_hand.png-3067b2b334109101e7665ac740dbe421.ctex[39m[0m
[  73% ] [90m[1msavepack[22m | 保存文件：res://assets/reanim/Zombie_innerarm_hand.png.import[39m[0m
[  73% ] [90m[1msavepack[22m | 保存文件：res://.godot/imported/Zombie_innerarm_lower.png-64c6b26f5128a0bfdedae60364e40b2c.ctex[39m[0m
[  73% ] [90m[1msavepack[22m | 保存文件：res://assets/reanim/Zombie_innerarm_lower.png.import[39m[0m
[  73% ] [90m[1msavepack[22m | 保存文件：res://.godot/imported/Zombie_innerarm_screendoor.png-3cfe9cbc841c0a0f4545a18324fef3f1.ctex[39m[0m
[  73% ] [90m[1msavepack[22m | 保存文件：res://assets/reanim/Zombie_innerarm_screendoor.png.import[39m[0m
[  73% ] [90m[1msavepack[22m | 保存文件：res://.godot/imported/Zombie_innerarm_screendoor_hand.png-aa87b32195c97e0a6afb8cc4bf394eec.ctex[39m[0m
[  73% ] [90m[1msavepack[22m | 保存文件：res://assets/reanim/Zombie_innerarm_screendoor_hand.png.import[39m[0m
[  73% ] [90m[1msavepack[22m | 保存文件：res://.godot/imported/Zombie_innerarm_upper.png-36396e00577d0f4fc820ca668beefa29.ctex[39m[0m
[  73% ] [90m[1msavepack[22m | 保存文件：res://assets/reanim/Zombie_innerarm_upper.png.import[39m[0m
[  73% ] [90m[1msavepack[22m | 保存文件：res://.godot/imported/Zombie_innerleg_foot.png-dd14494e7187b31eb036c7da85f844a2.ctex[39m[0m
[  73% ] [90m[1msavepack[22m | 保存文件：res://assets/reanim/Zombie_innerleg_foot.png.import[39m[0m
[  74% ] [90m[1msavepack[22m | 保存文件：res://.godot/imported/Zombie_innerleg_lower.png-c6699a3775b7282d5c6301fbe7e965fb.ctex[39m[0m
[  74% ] [90m[1msavepack[22m | 保存文件：res://assets/reanim/Zombie_innerleg_lower.png.import[39m[0m
[  74% ] [90m[1msavepack[22m | 保存文件：res://.godot/imported/Zombie_innerleg_upper.png-21419568a08cbeee14afaca7b91d6f79.ctex[39m[0m
[  74% ] [90m[1msavepack[22m | 保存文件：res://assets/reanim/Zombie_innerleg_upper.png.import[39m[0m
[  74% ] [90m[1msavepack[22m | 保存文件：res://.godot/imported/Zombie_jackbox_belt.png-a48253953242b92e03e33524abc5c4db.ctex[39m[0m
[  74% ] [90m[1msavepack[22m | 保存文件：res://assets/reanim/Zombie_jackbox_belt.png.import[39m[0m
[  74% ] [90m[1msavepack[22m | 保存文件：res://.godot/imported/Zombie_jackbox_body1.png-c6ab2c81235f8bf4f6495125a56d1269.ctex[39m[0m
[  74% ] [90m[1msavepack[22m | 保存文件：res://assets/reanim/Zombie_jackbox_body1.png.import[39m[0m
[  74% ] [90m[1msavepack[22m | 保存文件：res://.godot/imported/Zombie_jackbox_body2.png-f7da958591134cadb61a6dc2f460ad71.ctex[39m[0m
[  74% ] [90m[1msavepack[22m | 保存文件：res://assets/reanim/Zombie_jackbox_body2.png.import[39m[0m
[  74% ] [90m[1msavepack[22m | 保存文件：res://.godot/imported/Zombie_jackbox_box2.png-d9e1a97c4a65ab8ff24ec4abcc86ae35.ctex[39m[0m
[  74% ] [90m[1msavepack[22m | 保存文件：res://assets/reanim/Zombie_jackbox_box2.png.import[39m[0m
[  74% ] [90m[1msavepack[22m | 保存文件：res://.godot/imported/Zombie_jackbox_box.png-ce4ff694353724f689bd12e581cef798.ctex[39m[0m
[  74% ] [90m[1msavepack[22m | 保存文件：res://assets/reanim/Zombie_jackbox_box.png.import[39m[0m
[  74% ] [90m[1msavepack[22m | 保存文件：res://.godot/imported/Zombie_jackbox_clownhead.png-bff8a55e8556f5db561edf05c54ebf12.ctex[39m[0m
[  74% ] [90m[1msavepack[22m | 保存文件：res://assets/reanim/Zombie_jackbox_clownhead.png.import[39m[0m
[  74% ] [90m[1msavepack[22m | 保存文件：res://.godot/imported/Zombie_jackbox_clownneck.png-0efc312303101cd70933574a9ccc675c.ctex[39m[0m
[  74% ] [90m[1msavepack[22m | 保存文件：res://assets/reanim/Zombie_jackbox_clownneck.png.import[39m[0m
[  74% ] [90m[1msavepack[22m | 保存文件：res://.godot/imported/Zombie_jackbox_handle.png-1b2bc5595c9b161730f2d07a5ad40bc6.ctex[39m[0m
[  74% ] [90m[1msavepack[22m | 保存文件：res://assets/reanim/Zombie_jackbox_handle.png.import[39m[0m
[  74% ] [90m[1msavepack[22m | 保存文件：res://.godot/imported/Zombie_jackbox_head2.png-abc58957f4b504b008e46c2e8c0b53c3.ctex[39m[0m
[  74% ] [90m[1msavepack[22m | 保存文件：res://assets/reanim/Zombie_jackbox_head2.png.import[39m[0m
[  74% ] [90m[1msavepack[22m | 保存文件：res://.godot/imported/Zombie_jackbox_head.png-3e6ffdd3fdaf3cfe4ff9a553ad8e5090.ctex[39m[0m
[  74% ] [90m[1msavepack[22m | 保存文件：res://assets/reanim/Zombie_jackbox_head.png.import[39m[0m
[  74% ] [90m[1msavepack[22m | 保存文件：res://.godot/imported/Zombie_jackbox_innerarm_lower.png-e03ba713bb7a597e02c884473bd32a6a.ctex[39m[0m
[  74% ] [90m[1msavepack[22m | 保存文件：res://assets/reanim/Zombie_jackbox_innerarm_lower.png.import[39m[0m
[  74% ] [90m[1msavepack[22m | 保存文件：res://.godot/imported/Zombie_jackbox_innerarm_upper.png-078bf81677c4570cd0b90f582c24437e.ctex[39m[0m
[  74% ] [90m[1msavepack[22m | 保存文件：res://assets/reanim/Zombie_jackbox_innerarm_upper.png.import[39m[0m
[  74% ] [90m[1msavepack[22m | 保存文件：res://.godot/imported/Zombie_jackbox_innerleg_foot.png-c5c0b40d438c8f862ff462c1693cdcb6.ctex[39m[0m
[  74% ] [90m[1msavepack[22m | 保存文件：res://assets/reanim/Zombie_jackbox_innerleg_foot.png.import[39m[0m
[  74% ] [90m[1msavepack[22m | 保存文件：res://.godot/imported/Zombie_jackbox_innerleg_lower.png-80a821686fd67eaf160f34b4f1b7610a.ctex[39m[0m
[  74% ] [90m[1msavepack[22m | 保存文件：res://assets/reanim/Zombie_jackbox_innerleg_lower.png.import[39m[0m
[  74% ] [90m[1msavepack[22m | 保存文件：res://.godot/imported/Zombie_jackbox_innerleg_upper.png-e3e7706249046e972b84a7dc970f2c83.ctex[39m[0m
[  74% ] [90m[1msavepack[22m | 保存文件：res://assets/reanim/Zombie_jackbox_innerleg_upper.png.import[39m[0m
[  74% ] [90m[1msavepack[22m | 保存文件：res://.godot/imported/Zombie_jackbox_jaw.png-e63f8809c337aa338100c5695ee70a47.ctex[39m[0m
[  74% ] [90m[1msavepack[22m | 保存文件：res://assets/reanim/Zombie_jackbox_jaw.png.import[39m[0m
[  74% ] [90m[1msavepack[22m | 保存文件：res://.godot/imported/Zombie_jackbox_outerarm_lower2.png-4945f1d9933bcb3b291c106782c619b9.ctex[39m[0m
[  74% ] [90m[1msavepack[22m | 保存文件：res://assets/reanim/Zombie_jackbox_outerarm_lower2.png.import[39m[0m
[  74% ] [90m[1msavepack[22m | 保存文件：res://.godot/imported/Zombie_jackbox_outerarm_lower.png-e344f568370d3fd40f976ff2e8a4469e.ctex[39m[0m
[  74% ] [90m[1msavepack[22m | 保存文件：res://assets/reanim/Zombie_jackbox_outerarm_lower.png.import[39m[0m
[  74% ] [90m[1msavepack[22m | 保存文件：res://.godot/imported/Zombie_jackbox_outerarm_upper.png-3cc310832765bfb9d0d7d861aa21abc5.ctex[39m[0m
[  74% ] [90m[1msavepack[22m | 保存文件：res://assets/reanim/Zombie_jackbox_outerarm_upper.png.import[39m[0m
[  74% ] [90m[1msavepack[22m | 保存文件：res://.godot/imported/Zombie_jackbox_outerleg_foot.png-68afb4b37db327a31876e8f7474d3ac8.ctex[39m[0m
[  74% ] [90m[1msavepack[22m | 保存文件：res://assets/reanim/Zombie_jackbox_outerleg_foot.png.import[39m[0m
[  74% ] [90m[1msavepack[22m | 保存文件：res://.godot/imported/Zombie_jackbox_outerleg_lower.png-644239fe9bc618a044dc3b5c62f89813.ctex[39m[0m
[  74% ] [90m[1msavepack[22m | 保存文件：res://assets/reanim/Zombie_jackbox_outerleg_lower.png.import[39m[0m
[  74% ] [90m[1msavepack[22m | 保存文件：res://.godot/imported/Zombie_jackbox_outerleg_upper.png-d5bc4ba1737c32dc3ff7ab86cb04fe16.ctex[39m[0m
[  74% ] [90m[1msavepack[22m | 保存文件：res://assets/reanim/Zombie_jackbox_outerleg_upper.png.import[39m[0m
[  74% ] [90m[1msavepack[22m | 保存文件：res://.godot/imported/Zombie_jackbox_twitch.png-5ed433bcdc5810b985ae4ec38dce23f3.ctex[39m[0m
[  74% ] [90m[1msavepack[22m | 保存文件：res://assets/reanim/Zombie_jackbox_twitch.png.import[39m[0m
[  74% ] [90m[1msavepack[22m | 保存文件：res://.godot/imported/Zombie_Jackson_body1.png-d9edcf38e2afc5d67f59ce4f2173457b.ctex[39m[0m
[  74% ] [90m[1msavepack[22m | 保存文件：res://assets/reanim/Zombie_Jackson_body1.png.import[39m[0m
[  74% ] [90m[1msavepack[22m | 保存文件：res://.godot/imported/Zombie_Jackson_body2.png-01b59be51b3f7fa73c1a8dec4ed742ca.ctex[39m[0m
[  74% ] [90m[1msavepack[22m | 保存文件：res://assets/reanim/Zombie_Jackson_body2.png.import[39m[0m
[  74% ] [90m[1msavepack[22m | 保存文件：res://.godot/imported/Zombie_Jackson_colar.png-e7835b4a893c02800ebdbf2276242a92.ctex[39m[0m
[  74% ] [90m[1msavepack[22m | 保存文件：res://assets/reanim/Zombie_Jackson_colar.png.import[39m[0m
[  74% ] [90m[1msavepack[22m | 保存文件：res://.godot/imported/Zombie_Jackson_hair.png-e98ebdbfa7f405195702c0ef96ceae43.ctex[39m[0m
[  74% ] [90m[1msavepack[22m | 保存文件：res://assets/reanim/Zombie_Jackson_hair.png.import[39m[0m
[  74% ] [90m[1msavepack[22m | 保存文件：res://.godot/imported/Zombie_jackson_head.png-60b79e21a4a220d53cd65041490cb287.ctex[39m[0m
[  74% ] [90m[1msavepack[22m | 保存文件：res://assets/reanim/Zombie_jackson_head.png.import[39m[0m
[  74% ] [90m[1msavepack[22m | 保存文件：res://.godot/imported/Zombie_Jackson_innerarm_hand2.png-cbe427a59dd8921ba08bc090d856307b.ctex[39m[0m
[  74% ] [90m[1msavepack[22m | 保存文件：res://assets/reanim/Zombie_Jackson_innerarm_hand2.png.import[39m[0m
[  74% ] [90m[1msavepack[22m | 保存文件：res://.godot/imported/Zombie_Jackson_innerarm_hand.png-6015e4b1450ef74bda9254bfeaf6650e.ctex[39m[0m
[  74% ] [90m[1msavepack[22m | 保存文件：res://assets/reanim/Zombie_Jackson_innerarm_hand.png.import[39m[0m
[  74% ] [90m[1msavepack[22m | 保存文件：res://.godot/imported/Zombie_Jackson_innerarm_lower.png-6ac74afed645388b765b00660c22dd2d.ctex[39m[0m
[  74% ] [90m[1msavepack[22m | 保存文件：res://assets/reanim/Zombie_Jackson_innerarm_lower.png.import[39m[0m
[  74% ] [90m[1msavepack[22m | 保存文件：res://.godot/imported/Zombie_Jackson_innerarm_upper.png-8f42ae910c5f66a33ba6d575f2ffd519.ctex[39m[0m
[  74% ] [90m[1msavepack[22m | 保存文件：res://assets/reanim/Zombie_Jackson_innerarm_upper.png.import[39m[0m
[  74% ] [90m[1msavepack[22m | 保存文件：res://.godot/imported/Zombie_Jackson_innerleg_foot.png-9c74c9c799c11f0c388c6df3ef95fe0f.ctex[39m[0m
[  74% ] [90m[1msavepack[22m | 保存文件：res://assets/reanim/Zombie_Jackson_innerleg_foot.png.import[39m[0m
[  74% ] [90m[1msavepack[22m | 保存文件：res://.godot/imported/Zombie_Jackson_innerleg_lower.png-c88a108700bd22ec789324a3b4936b81.ctex[39m[0m
[  74% ] [90m[1msavepack[22m | 保存文件：res://assets/reanim/Zombie_Jackson_innerleg_lower.png.import[39m[0m
[  74% ] [90m[1msavepack[22m | 保存文件：res://.godot/imported/Zombie_Jackson_innerleg_toe.png-bbce2d75f27be5caeaca56da914ea563.ctex[39m[0m
[  74% ] [90m[1msavepack[22m | 保存文件：res://assets/reanim/Zombie_Jackson_innerleg_toe.png.import[39m[0m
[  74% ] [90m[1msavepack[22m | 保存文件：res://.godot/imported/Zombie_Jackson_innerleg_upper.png-e209e7a8240b117c2d4eca98511d09ec.ctex[39m[0m
[  74% ] [90m[1msavepack[22m | 保存文件：res://assets/reanim/Zombie_Jackson_innerleg_upper.png.import[39m[0m
[  75% ] [90m[1msavepack[22m | 保存文件：res://.godot/imported/Zombie_Jackson_outerarm_hand.png-fdba6e8989f9a836040e2dae6b83a3c2.ctex[39m[0m
[  75% ] [90m[1msavepack[22m | 保存文件：res://assets/reanim/Zombie_Jackson_outerarm_hand.png.import[39m[0m
[  75% ] [90m[1msavepack[22m | 保存文件：res://.godot/imported/Zombie_Jackson_outerarm_lower.png-70cc97aebbadf9b3f1558d03f2e9c56a.ctex[39m[0m
[  75% ] [90m[1msavepack[22m | 保存文件：res://assets/reanim/Zombie_Jackson_outerarm_lower.png.import[39m[0m
[  75% ] [90m[1msavepack[22m | 保存文件：res://.godot/imported/Zombie_Jackson_outerarm_upper2.png-d10867ea2a23ef4281661895ffb92deb.ctex[39m[0m
[  75% ] [90m[1msavepack[22m | 保存文件：res://assets/reanim/Zombie_Jackson_outerarm_upper2.png.import[39m[0m
[  75% ] [90m[1msavepack[22m | 保存文件：res://.godot/imported/Zombie_Jackson_outerarm_upper.png-cf8fbf45922d2c32d13bc9e15c0ba5a4.ctex[39m[0m
[  75% ] [90m[1msavepack[22m | 保存文件：res://assets/reanim/Zombie_Jackson_outerarm_upper.png.import[39m[0m
[  75% ] [90m[1msavepack[22m | 保存文件：res://.godot/imported/Zombie_Jackson_outerleg_foot.png-0b7ab709b45fc3f58b73533767ad0a2c.ctex[39m[0m
[  75% ] [90m[1msavepack[22m | 保存文件：res://assets/reanim/Zombie_Jackson_outerleg_foot.png.import[39m[0m
[  75% ] [90m[1msavepack[22m | 保存文件：res://.godot/imported/Zombie_Jackson_outerleg_lower.png-c9f238c219657acfab3b599847e64a39.ctex[39m[0m
[  75% ] [90m[1msavepack[22m | 保存文件：res://assets/reanim/Zombie_Jackson_outerleg_lower.png.import[39m[0m
[  75% ] [90m[1msavepack[22m | 保存文件：res://.godot/imported/Zombie_Jackson_outerleg_toe.png-626b77f1f9c3d58b2b585b69e24cfea9.ctex[39m[0m
[  75% ] [90m[1msavepack[22m | 保存文件：res://assets/reanim/Zombie_Jackson_outerleg_toe.png.import[39m[0m
[  75% ] [90m[1msavepack[22m | 保存文件：res://.godot/imported/Zombie_Jackson_outerleg_upper.png-dd400afe10af5fa20ae953e7ca496ba1.ctex[39m[0m
[  75% ] [90m[1msavepack[22m | 保存文件：res://assets/reanim/Zombie_Jackson_outerleg_upper.png.import[39m[0m
[  75% ] [90m[1msavepack[22m | 保存文件：res://.godot/imported/Zombie_jaw.png-b1f0b68084110b8024e66293c0d0ef2a.ctex[39m[0m
[  75% ] [90m[1msavepack[22m | 保存文件：res://assets/reanim/Zombie_jaw.png.import[39m[0m
[  75% ] [90m[1msavepack[22m | 保存文件：res://.godot/imported/Zombie_ladder_1.png-477724d96cf7c686b55935c5be5604f2.ctex[39m[0m
[  75% ] [90m[1msavepack[22m | 保存文件：res://assets/reanim/Zombie_ladder_1.png.import[39m[0m
[  75% ] [90m[1msavepack[22m | 保存文件：res://.godot/imported/Zombie_ladder_1_damage1.png-4dea1a1220b51f5bb6ff1d924b2e7321.ctex[39m[0m
[  75% ] [90m[1msavepack[22m | 保存文件：res://assets/reanim/Zombie_ladder_1_damage1.png.import[39m[0m
[  75% ] [90m[1msavepack[22m | 保存文件：res://.godot/imported/Zombie_ladder_1_damage2.png-812c467cc0663417894033ae02b99f66.ctex[39m[0m
[  75% ] [90m[1msavepack[22m | 保存文件：res://assets/reanim/Zombie_ladder_1_damage2.png.import[39m[0m
[  75% ] [90m[1msavepack[22m | 保存文件：res://.godot/imported/Zombie_ladder_2.png-115826b069efeaefef5fdba9e4d276f8.ctex[39m[0m
[  75% ] [90m[1msavepack[22m | 保存文件：res://assets/reanim/Zombie_ladder_2.png.import[39m[0m
[  75% ] [90m[1msavepack[22m | 保存文件：res://.godot/imported/Zombie_ladder_3.png-795e1a02e5e35b744cfcc2b635859fd3.ctex[39m[0m
[  75% ] [90m[1msavepack[22m | 保存文件：res://assets/reanim/Zombie_ladder_3.png.import[39m[0m
[  75% ] [90m[1msavepack[22m | 保存文件：res://.godot/imported/Zombie_ladder_4.png-1f8532e19370bd4bb4847aa7f049fe32.ctex[39m[0m
[  75% ] [90m[1msavepack[22m | 保存文件：res://assets/reanim/Zombie_ladder_4.png.import[39m[0m
[  75% ] [90m[1msavepack[22m | 保存文件：res://.godot/imported/Zombie_ladder_5.png-f2965dcf18e27e31fd76844f0f333d90.ctex[39m[0m
[  75% ] [90m[1msavepack[22m | 保存文件：res://assets/reanim/Zombie_ladder_5.png.import[39m[0m
[  75% ] [90m[1msavepack[22m | 保存文件：res://.godot/imported/Zombie_ladder_body2.png-f5bc65a73c14d4d23ca83c37610e646a.ctex[39m[0m
[  75% ] [90m[1msavepack[22m | 保存文件：res://assets/reanim/Zombie_ladder_body2.png.import[39m[0m
[  75% ] [90m[1msavepack[22m | 保存文件：res://.godot/imported/Zombie_ladder_body.png-17e83c2479bbdd04b0e41e2950dc5dd9.ctex[39m[0m
[  75% ] [90m[1msavepack[22m | 保存文件：res://assets/reanim/Zombie_ladder_body.png.import[39m[0m
[  75% ] [90m[1msavepack[22m | 保存文件：res://.godot/imported/Zombie_ladder_hammer.png-5823807d481f14ff02a90e341a905b1f.ctex[39m[0m
[  75% ] [90m[1msavepack[22m | 保存文件：res://assets/reanim/Zombie_ladder_hammer.png.import[39m[0m
[  75% ] [90m[1msavepack[22m | 保存文件：res://.godot/imported/Zombie_ladder_head.png-1013d35958cc8740c0b207d1c2773a6e.ctex[39m[0m
[  75% ] [90m[1msavepack[22m | 保存文件：res://assets/reanim/Zombie_ladder_head.png.import[39m[0m
[  75% ] [90m[1msavepack[22m | 保存文件：res://.godot/imported/Zombie_ladder_innerarm_hand.png-c395ffbc13826d8c261a1938ec1b6b9b.ctex[39m[0m
[  75% ] [90m[1msavepack[22m | 保存文件：res://assets/reanim/Zombie_ladder_innerarm_hand.png.import[39m[0m
[  75% ] [90m[1msavepack[22m | 保存文件：res://.godot/imported/Zombie_ladder_innerarm_lower.png-7e84e0e780fac14c88741ce03904f8eb.ctex[39m[0m
[  75% ] [90m[1msavepack[22m | 保存文件：res://assets/reanim/Zombie_ladder_innerarm_lower.png.import[39m[0m
[  75% ] [90m[1msavepack[22m | 保存文件：res://.godot/imported/Zombie_ladder_innerarm_upper.png-f5acf2dab7266f2763d3e983bb1cad94.ctex[39m[0m
[  75% ] [90m[1msavepack[22m | 保存文件：res://assets/reanim/Zombie_ladder_innerarm_upper.png.import[39m[0m
[  75% ] [90m[1msavepack[22m | 保存文件：res://.godot/imported/Zombie_ladder_innerleg_foot.png-98d9c79e2427ddfc8348e3530363e88a.ctex[39m[0m
[  75% ] [90m[1msavepack[22m | 保存文件：res://assets/reanim/Zombie_ladder_innerleg_foot.png.import[39m[0m
[  75% ] [90m[1msavepack[22m | 保存文件：res://.godot/imported/Zombie_ladder_innerleg_lower.png-4445c66c69c3348923a6a0f670adcb7e.ctex[39m[0m
[  75% ] [90m[1msavepack[22m | 保存文件：res://assets/reanim/Zombie_ladder_innerleg_lower.png.import[39m[0m
[  75% ] [90m[1msavepack[22m | 保存文件：res://.godot/imported/Zombie_ladder_innerleg_upper.png-4b3fefd2345e9ffc88f722910cc69c13.ctex[39m[0m
[  75% ] [90m[1msavepack[22m | 保存文件：res://assets/reanim/Zombie_ladder_innerleg_upper.png.import[39m[0m
[  75% ] [90m[1msavepack[22m | 保存文件：res://.godot/imported/Zombie_ladder_jaw.png-1cee595fca6c22d6349bd77db555712f.ctex[39m[0m
[  75% ] [90m[1msavepack[22m | 保存文件：res://assets/reanim/Zombie_ladder_jaw.png.import[39m[0m
[  75% ] [90m[1msavepack[22m | 保存文件：res://.godot/imported/Zombie_ladder_outerarm_hand2.png-8978924d33d80e04a4e344a6e9b6d2c7.ctex[39m[0m
[  75% ] [90m[1msavepack[22m | 保存文件：res://assets/reanim/Zombie_ladder_outerarm_hand2.png.import[39m[0m
[  75% ] [90m[1msavepack[22m | 保存文件：res://.godot/imported/Zombie_ladder_outerarm_lower.png-15dcc8efa3331782a4281d77575100a5.ctex[39m[0m
[  75% ] [90m[1msavepack[22m | 保存文件：res://assets/reanim/Zombie_ladder_outerarm_lower.png.import[39m[0m
[  75% ] [90m[1msavepack[22m | 保存文件：res://.godot/imported/Zombie_ladder_outerarm_upper2.png-1d446d02d6f6aebc3084d19ed0bc1351.ctex[39m[0m
[  75% ] [90m[1msavepack[22m | 保存文件：res://assets/reanim/Zombie_ladder_outerarm_upper2.png.import[39m[0m
[  75% ] [90m[1msavepack[22m | 保存文件：res://.godot/imported/Zombie_ladder_outerarm_upper.png-2dd498de681bea14618af7d8824a1d14.ctex[39m[0m
[  75% ] [90m[1msavepack[22m | 保存文件：res://assets/reanim/Zombie_ladder_outerarm_upper.png.import[39m[0m
[  75% ] [90m[1msavepack[22m | 保存文件：res://.godot/imported/Zombie_ladder_outerleg_lower.png-8f3fffc24dd1bbe6e66feca643314bb8.ctex[39m[0m
[  75% ] [90m[1msavepack[22m | 保存文件：res://assets/reanim/Zombie_ladder_outerleg_lower.png.import[39m[0m
[  75% ] [90m[1msavepack[22m | 保存文件：res://.godot/imported/Zombie_ladder_outerleg_upper.png-e88ed0528e4c8595fd02fa96d3e9822e.ctex[39m[0m
[  75% ] [90m[1msavepack[22m | 保存文件：res://assets/reanim/Zombie_ladder_outerleg_upper.png.import[39m[0m
[  75% ] [90m[1msavepack[22m | 保存文件：res://.godot/imported/Zombie_mustache1.png-092577b607aca9dc7b06b3345824eaed.ctex[39m[0m
[  75% ] [90m[1msavepack[22m | 保存文件：res://assets/reanim/Zombie_mustache1.png.import[39m[0m
[  75% ] [90m[1msavepack[22m | 保存文件：res://.godot/imported/Zombie_mustache2.png-d28200ed698477a863cdf5a4fdf0fac9.ctex[39m[0m
[  75% ] [90m[1msavepack[22m | 保存文件：res://assets/reanim/Zombie_mustache2.png.import[39m[0m
[  75% ] [90m[1msavepack[22m | 保存文件：res://.godot/imported/Zombie_mustache3.png-b2d8d05f332da6002a13f05391c51b71.ctex[39m[0m
[  75% ] [90m[1msavepack[22m | 保存文件：res://assets/reanim/Zombie_mustache3.png.import[39m[0m
[  75% ] [90m[1msavepack[22m | 保存文件：res://.godot/imported/Zombie_neck.png-ffdf0aed83b7af1177b2efa61c63239c.ctex[39m[0m
[  75% ] [90m[1msavepack[22m | 保存文件：res://assets/reanim/Zombie_neck.png.import[39m[0m
[  75% ] [90m[1msavepack[22m | 保存文件：res://.godot/imported/Zombie_outerarm_hand2.png-83923277c73148420c43ac655911ea39.ctex[39m[0m
[  75% ] [90m[1msavepack[22m | 保存文件：res://assets/reanim/Zombie_outerarm_hand2.png.import[39m[0m
[  76% ] [90m[1msavepack[22m | 保存文件：res://.godot/imported/Zombie_outerarm_hand.png-1398dd707fb49c613e14c810aba6ac9b.ctex[39m[0m
[  76% ] [90m[1msavepack[22m | 保存文件：res://assets/reanim/Zombie_outerarm_hand.png.import[39m[0m
[  76% ] [90m[1msavepack[22m | 保存文件：res://.godot/imported/Zombie_outerarm_lower.png-00c89a54eac6e2d70794b6a049a6189e.ctex[39m[0m
[  76% ] [90m[1msavepack[22m | 保存文件：res://assets/reanim/Zombie_outerarm_lower.png.import[39m[0m
[  76% ] [90m[1msavepack[22m | 保存文件：res://.godot/imported/Zombie_outerarm_screendoor.png-e75f83511b0a257f6bdc8209d00605b7.ctex[39m[0m
[  76% ] [90m[1msavepack[22m | 保存文件：res://assets/reanim/Zombie_outerarm_screendoor.png.import[39m[0m
[  76% ] [90m[1msavepack[22m | 保存文件：res://.godot/imported/Zombie_outerarm_upper2.png-b78ccad862e3def6d8e82fc07d661884.ctex[39m[0m
[  76% ] [90m[1msavepack[22m | 保存文件：res://assets/reanim/Zombie_outerarm_upper2.png.import[39m[0m
[  76% ] [90m[1msavepack[22m | 保存文件：res://.godot/imported/Zombie_outerarm_upper.png-f9efeee86d83534dcd8bd6f3f4949ba4.ctex[39m[0m
[  76% ] [90m[1msavepack[22m | 保存文件：res://assets/reanim/Zombie_outerarm_upper.png.import[39m[0m
[  76% ] [90m[1msavepack[22m | 保存文件：res://.godot/imported/Zombie_outerleg_foot.png-9cbb393c83ad73a8c365bd95f6e5c638.ctex[39m[0m
[  76% ] [90m[1msavepack[22m | 保存文件：res://assets/reanim/Zombie_outerleg_foot.png.import[39m[0m
[  76% ] [90m[1msavepack[22m | 保存文件：res://.godot/imported/Zombie_outerleg_lower.png-c9e457df39faf927d8a357885fc09cce.ctex[39m[0m
[  76% ] [90m[1msavepack[22m | 保存文件：res://assets/reanim/Zombie_outerleg_lower.png.import[39m[0m
[  76% ] [90m[1msavepack[22m | 保存文件：res://.godot/imported/Zombie_outerleg_upper.png-999cbca5a813e25d4d3930ceaabec3c9.ctex[39m[0m
[  76% ] [90m[1msavepack[22m | 保存文件：res://assets/reanim/Zombie_outerleg_upper.png.import[39m[0m
[  76% ] [90m[1msavepack[22m | 保存文件：res://.godot/imported/Zombie_paper_body.png-51425fdf68dbd00714b2f6d2e0b77f26.ctex[39m[0m
[  76% ] [90m[1msavepack[22m | 保存文件：res://assets/reanim/Zombie_paper_body.png.import[39m[0m
[  76% ] [90m[1msavepack[22m | 保存文件：res://.godot/imported/Zombie_paper_glasses.png-cc9bc529e47aa60d9b2329a6d7a4e5ec.ctex[39m[0m
[  76% ] [90m[1msavepack[22m | 保存文件：res://assets/reanim/Zombie_paper_glasses.png.import[39m[0m
[  76% ] [90m[1msavepack[22m | 保存文件：res://.godot/imported/Zombie_paper_hairpiece.png-1b598f3dc90cbe0e939ffa9d9b64e512.ctex[39m[0m
[  76% ] [90m[1msavepack[22m | 保存文件：res://assets/reanim/Zombie_paper_hairpiece.png.import[39m[0m
[  76% ] [90m[1msavepack[22m | 保存文件：res://.godot/imported/Zombie_paper_hands2.png-b40ee296a45ab0e471097659a53ace78.ctex[39m[0m
[  76% ] [90m[1msavepack[22m | 保存文件：res://assets/reanim/Zombie_paper_hands2.png.import[39m[0m
[  76% ] [90m[1msavepack[22m | 保存文件：res://.godot/imported/Zombie_paper_hands3.png-31f9e0a0e82992ce9d2c5e0b203256b2.ctex[39m[0m
[  76% ] [90m[1msavepack[22m | 保存文件：res://assets/reanim/Zombie_paper_hands3.png.import[39m[0m
[  76% ] [90m[1msavepack[22m | 保存文件：res://.godot/imported/Zombie_paper_hands.png-37f284e655964a817fcb00ddf23f531c.ctex[39m[0m
[  76% ] [90m[1msavepack[22m | 保存文件：res://assets/reanim/Zombie_paper_hands.png.import[39m[0m
[  76% ] [90m[1msavepack[22m | 保存文件：res://.godot/imported/Zombie_paper_head_look.png-02a903123913a6b46be79c895e2dce61.ctex[39m[0m
[  76% ] [90m[1msavepack[22m | 保存文件：res://assets/reanim/Zombie_paper_head_look.png.import[39m[0m
[  76% ] [90m[1msavepack[22m | 保存文件：res://.godot/imported/Zombie_paper_leftarm_lower.png-89da8ac080c87e255788be538ada43d9.ctex[39m[0m
[  76% ] [90m[1msavepack[22m | 保存文件：res://assets/reanim/Zombie_paper_leftarm_lower.png.import[39m[0m
[  76% ] [90m[1msavepack[22m | 保存文件：res://.godot/imported/Zombie_paper_leftarm_upper2.png-73d264941ba192f1cb252d01309bdfa1.ctex[39m[0m
[  76% ] [90m[1msavepack[22m | 保存文件：res://assets/reanim/Zombie_paper_leftarm_upper2.png.import[39m[0m
[  76% ] [90m[1msavepack[22m | 保存文件：res://.godot/imported/Zombie_paper_leftarm_upper.png-f120a1e41c1eb752297e71d78a71b75a.ctex[39m[0m
[  76% ] [90m[1msavepack[22m | 保存文件：res://assets/reanim/Zombie_paper_leftarm_upper.png.import[39m[0m
[  76% ] [90m[1msavepack[22m | 保存文件：res://.godot/imported/Zombie_paper_leftfoot.png-7955f57c3a0a0ac377395f394af72aee.ctex[39m[0m
[  76% ] [90m[1msavepack[22m | 保存文件：res://assets/reanim/Zombie_paper_leftfoot.png.import[39m[0m
[  76% ] [90m[1msavepack[22m | 保存文件：res://.godot/imported/Zombie_paper_leftleg_lower.png-55582ec2c67a8f896313f797b7528c97.ctex[39m[0m
[  76% ] [90m[1msavepack[22m | 保存文件：res://assets/reanim/Zombie_paper_leftleg_lower.png.import[39m[0m
[  76% ] [90m[1msavepack[22m | 保存文件：res://.godot/imported/Zombie_paper_leftleg_upper.png-2c1988cd11c59855b8436123961ebb71.ctex[39m[0m
[  76% ] [90m[1msavepack[22m | 保存文件：res://assets/reanim/Zombie_paper_leftleg_upper.png.import[39m[0m
[  76% ] [90m[1msavepack[22m | 保存文件：res://.godot/imported/Zombie_paper_lowerbody1.png-1bd9ac06361ea36a9902da00e92a8cbd.ctex[39m[0m
[  76% ] [90m[1msavepack[22m | 保存文件：res://assets/reanim/Zombie_paper_lowerbody1.png.import[39m[0m
[  76% ] [90m[1msavepack[22m | 保存文件：res://.godot/imported/Zombie_paper_lowerbody2.png-bf919b60c20751f8ea815571e93c8851.ctex[39m[0m
[  76% ] [90m[1msavepack[22m | 保存文件：res://assets/reanim/Zombie_paper_lowerbody2.png.import[39m[0m
[  76% ] [90m[1msavepack[22m | 保存文件：res://.godot/imported/Zombie_paper_madhead.png-1918d6ba6c4861d144a51af9f1375336.ctex[39m[0m
[  76% ] [90m[1msavepack[22m | 保存文件：res://assets/reanim/Zombie_paper_madhead.png.import[39m[0m
[  76% ] [90m[1msavepack[22m | 保存文件：res://.godot/imported/Zombie_paper_paper1.png-483898dd0d1b9ef48f4abc067777270f.ctex[39m[0m
[  76% ] [90m[1msavepack[22m | 保存文件：res://assets/reanim/Zombie_paper_paper1.png.import[39m[0m
[  76% ] [90m[1msavepack[22m | 保存文件：res://.godot/imported/Zombie_paper_paper2.png-6a89a09ef1b43d5f1a6045e176fc7e9a.ctex[39m[0m
[  76% ] [90m[1msavepack[22m | 保存文件：res://assets/reanim/Zombie_paper_paper2.png.import[39m[0m
[  76% ] [90m[1msavepack[22m | 保存文件：res://.godot/imported/Zombie_paper_paper3.png-6f10d06401168e2b960769f489b55321.ctex[39m[0m
[  76% ] [90m[1msavepack[22m | 保存文件：res://assets/reanim/Zombie_paper_paper3.png.import[39m[0m
[  76% ] [90m[1msavepack[22m | 保存文件：res://.godot/imported/Zombie_paper_rightarm_lower.png-9acd7eaf918624314f88327f1d99d4d6.ctex[39m[0m
[  76% ] [90m[1msavepack[22m | 保存文件：res://assets/reanim/Zombie_paper_rightarm_lower.png.import[39m[0m
[  76% ] [90m[1msavepack[22m | 保存文件：res://.godot/imported/Zombie_paper_rightarm_upper.png-4b3fd91ebcfb5966798bbfd6f5078682.ctex[39m[0m
[  76% ] [90m[1msavepack[22m | 保存文件：res://assets/reanim/Zombie_paper_rightarm_upper.png.import[39m[0m
[  76% ] [90m[1msavepack[22m | 保存文件：res://.godot/imported/Zombie_paper_rightfoot.png-faef573f50be2e50ba8b79222221ad74.ctex[39m[0m
[  76% ] [90m[1msavepack[22m | 保存文件：res://assets/reanim/Zombie_paper_rightfoot.png.import[39m[0m
[  76% ] [90m[1msavepack[22m | 保存文件：res://.godot/imported/Zombie_paper_rightleg_lower.png-fb7f9ea4a8f1d18571fdb6dafe271825.ctex[39m[0m
[  76% ] [90m[1msavepack[22m | 保存文件：res://assets/reanim/Zombie_paper_rightleg_lower.png.import[39m[0m
[  76% ] [90m[1msavepack[22m | 保存文件：res://.godot/imported/Zombie_paper_rightleg_upper.png-e9786a6791b7456d09e533c14f2b2fc7.ctex[39m[0m
[  76% ] [90m[1msavepack[22m | 保存文件：res://assets/reanim/Zombie_paper_rightleg_upper.png.import[39m[0m
[  76% ] [90m[1msavepack[22m | 保存文件：res://.godot/imported/Zombie_pogo_body.png-029aecd1d005c3c67e20a209ecd8a4f6.ctex[39m[0m
[  76% ] [90m[1msavepack[22m | 保存文件：res://assets/reanim/Zombie_pogo_body.png.import[39m[0m
[  76% ] [90m[1msavepack[22m | 保存文件：res://.godot/imported/Zombie_pogo_hair.png-384ed59c0033b2132a37937206cc6d03.ctex[39m[0m
[  76% ] [90m[1msavepack[22m | 保存文件：res://assets/reanim/Zombie_pogo_hair.png.import[39m[0m
[  76% ] [90m[1msavepack[22m | 保存文件：res://.godot/imported/Zombie_pogo_head.png-079a459e7cc8bd84e8720b8318f5345d.ctex[39m[0m
[  76% ] [90m[1msavepack[22m | 保存文件：res://assets/reanim/Zombie_pogo_head.png.import[39m[0m
[  76% ] [90m[1msavepack[22m | 保存文件：res://.godot/imported/Zombie_pogo_innerarm_lower.png-e577aa97913f395c94c5d9be93d9243e.ctex[39m[0m
[  76% ] [90m[1msavepack[22m | 保存文件：res://assets/reanim/Zombie_pogo_innerarm_lower.png.import[39m[0m
[  76% ] [90m[1msavepack[22m | 保存文件：res://.godot/imported/Zombie_pogo_innerarm_upper.png-0a3d4988fa773642ba9c9ac3cc5f3fde.ctex[39m[0m
[  76% ] [90m[1msavepack[22m | 保存文件：res://assets/reanim/Zombie_pogo_innerarm_upper.png.import[39m[0m
[  76% ] [90m[1msavepack[22m | 保存文件：res://.godot/imported/Zombie_pogo_innerleg_foot.png-a93f8de5e39bbe81096665d31a668acd.ctex[39m[0m
[  76% ] [90m[1msavepack[22m | 保存文件：res://assets/reanim/Zombie_pogo_innerleg_foot.png.import[39m[0m
[  77% ] [90m[1msavepack[22m | 保存文件：res://.godot/imported/Zombie_pogo_innerleg_lower.png-d20f543480109225786faffb0e2f60b8.ctex[39m[0m
[  77% ] [90m[1msavepack[22m | 保存文件：res://assets/reanim/Zombie_pogo_innerleg_lower.png.import[39m[0m
[  77% ] [90m[1msavepack[22m | 保存文件：res://.godot/imported/Zombie_pogo_innerleg_upper.png-590a786eb269314dc389330a76a2436b.ctex[39m[0m
[  77% ] [90m[1msavepack[22m | 保存文件：res://assets/reanim/Zombie_pogo_innerleg_upper.png.import[39m[0m
[  77% ] [90m[1msavepack[22m | 保存文件：res://.godot/imported/Zombie_pogo_jaw.png-4e69e0e0305fe820c53311166b6890f9.ctex[39m[0m
[  77% ] [90m[1msavepack[22m | 保存文件：res://assets/reanim/Zombie_pogo_jaw.png.import[39m[0m
[  77% ] [90m[1msavepack[22m | 保存文件：res://.godot/imported/Zombie_pogo_outerarm_lower.png-7467d2cf89887f30ed9f865440e785a5.ctex[39m[0m
[  77% ] [90m[1msavepack[22m | 保存文件：res://assets/reanim/Zombie_pogo_outerarm_lower.png.import[39m[0m
[  77% ] [90m[1msavepack[22m | 保存文件：res://.godot/imported/Zombie_pogo_outerarm_upper2.png-78b3dbfba1cdc5cb08683de4332a4f36.ctex[39m[0m
[  77% ] [90m[1msavepack[22m | 保存文件：res://assets/reanim/Zombie_pogo_outerarm_upper2.png.import[39m[0m
[  77% ] [90m[1msavepack[22m | 保存文件：res://.godot/imported/Zombie_pogo_outerarm_upper.png-077897a0b9ccde50b465f0c791764f50.ctex[39m[0m
[  77% ] [90m[1msavepack[22m | 保存文件：res://assets/reanim/Zombie_pogo_outerarm_upper.png.import[39m[0m
[  77% ] [90m[1msavepack[22m | 保存文件：res://.godot/imported/Zombie_pogo_outerleg_foot.png-f3902a16fb30a2761a893003dad86e4f.ctex[39m[0m
[  77% ] [90m[1msavepack[22m | 保存文件：res://assets/reanim/Zombie_pogo_outerleg_foot.png.import[39m[0m
[  77% ] [90m[1msavepack[22m | 保存文件：res://.godot/imported/Zombie_pogo_outerleg_lower.png-4fe05aa7b40dc6a362a2518d1ef0658b.ctex[39m[0m
[  77% ] [90m[1msavepack[22m | 保存文件：res://assets/reanim/Zombie_pogo_outerleg_lower.png.import[39m[0m
[  77% ] [90m[1msavepack[22m | 保存文件：res://.godot/imported/Zombie_pogo_outerleg_upper.png-e1a9cc71e4247e23accbef07eff84785.ctex[39m[0m
[  77% ] [90m[1msavepack[22m | 保存文件：res://assets/reanim/Zombie_pogo_outerleg_upper.png.import[39m[0m
[  77% ] [90m[1msavepack[22m | 保存文件：res://.godot/imported/Zombie_pogo_stick2.png-fdcca870c41945de060e2f4339e1e121.ctex[39m[0m
[  77% ] [90m[1msavepack[22m | 保存文件：res://assets/reanim/Zombie_pogo_stick2.png.import[39m[0m
[  77% ] [90m[1msavepack[22m | 保存文件：res://.godot/imported/Zombie_pogo_stick2damage1.png-0a11bcc8684dee5bc10d99d87f0cd763.ctex[39m[0m
[  77% ] [90m[1msavepack[22m | 保存文件：res://assets/reanim/Zombie_pogo_stick2damage1.png.import[39m[0m
[  77% ] [90m[1msavepack[22m | 保存文件：res://.godot/imported/Zombie_pogo_stick2damage2.png-48ee7beb965b496be44b9284835d1698.ctex[39m[0m
[  77% ] [90m[1msavepack[22m | 保存文件：res://assets/reanim/Zombie_pogo_stick2damage2.png.import[39m[0m
[  77% ] [90m[1msavepack[22m | 保存文件：res://.godot/imported/Zombie_pogo_stick3.png-eda035562da446f692ad73ed5bb0f00c.ctex[39m[0m
[  77% ] [90m[1msavepack[22m | 保存文件：res://assets/reanim/Zombie_pogo_stick3.png.import[39m[0m
[  77% ] [90m[1msavepack[22m | 保存文件：res://.godot/imported/Zombie_pogo_stick.png-f00e4b5aae013d542af5d48ab20b412d.ctex[39m[0m
[  77% ] [90m[1msavepack[22m | 保存文件：res://assets/reanim/Zombie_pogo_stick.png.import[39m[0m
[  77% ] [90m[1msavepack[22m | 保存文件：res://.godot/imported/Zombie_pogo_stickdamage1.png-918772b58a4d02eadaaaae2af2c1713a.ctex[39m[0m
[  77% ] [90m[1msavepack[22m | 保存文件：res://assets/reanim/Zombie_pogo_stickdamage1.png.import[39m[0m
[  77% ] [90m[1msavepack[22m | 保存文件：res://.godot/imported/Zombie_pogo_stickdamage2.png-48281883545735f5a212b340499a1b92.ctex[39m[0m
[  77% ] [90m[1msavepack[22m | 保存文件：res://assets/reanim/Zombie_pogo_stickdamage2.png.import[39m[0m
[  77% ] [90m[1msavepack[22m | 保存文件：res://.godot/imported/Zombie_pogo_stickhands2.png-7e2255ecc958de9215852ba203098511.ctex[39m[0m
[  77% ] [90m[1msavepack[22m | 保存文件：res://assets/reanim/Zombie_pogo_stickhands2.png.import[39m[0m
[  77% ] [90m[1msavepack[22m | 保存文件：res://.godot/imported/Zombie_pogo_stickhands.png-52979cdf1242255bab1bae4e3891e142.ctex[39m[0m
[  77% ] [90m[1msavepack[22m | 保存文件：res://assets/reanim/Zombie_pogo_stickhands.png.import[39m[0m
[  77% ] [90m[1msavepack[22m | 保存文件：res://.godot/imported/Zombie_polevaulter_body1.png-a86c0c881d09b7365118e02c63671a54.ctex[39m[0m
[  77% ] [90m[1msavepack[22m | 保存文件：res://assets/reanim/Zombie_polevaulter_body1.png.import[39m[0m
[  77% ] [90m[1msavepack[22m | 保存文件：res://.godot/imported/Zombie_polevaulter_body2.png-7b4aedb2e6bd6904f065bed201804ae2.ctex[39m[0m
[  77% ] [90m[1msavepack[22m | 保存文件：res://assets/reanim/Zombie_polevaulter_body2.png.import[39m[0m
[  77% ] [90m[1msavepack[22m | 保存文件：res://.godot/imported/Zombie_polevaulter_hair.png-740307b349dc4e883fb9342650be657d.ctex[39m[0m
[  77% ] [90m[1msavepack[22m | 保存文件：res://assets/reanim/Zombie_polevaulter_hair.png.import[39m[0m
[  77% ] [90m[1msavepack[22m | 保存文件：res://.godot/imported/Zombie_polevaulter_innerarm_lower.png-e969bca52c781e30e6cebba7469583f7.ctex[39m[0m
[  77% ] [90m[1msavepack[22m | 保存文件：res://assets/reanim/Zombie_polevaulter_innerarm_lower.png.import[39m[0m
[  77% ] [90m[1msavepack[22m | 保存文件：res://.godot/imported/Zombie_polevaulter_innerarm_upper.png-e59f456106adca0b9eb47d5cde253ac4.ctex[39m[0m
[  77% ] [90m[1msavepack[22m | 保存文件：res://assets/reanim/Zombie_polevaulter_innerarm_upper.png.import[39m[0m
[  77% ] [90m[1msavepack[22m | 保存文件：res://.godot/imported/Zombie_polevaulter_innerhand.png-27f3b9affdb8e1789ab7a17cd11a57ac.ctex[39m[0m
[  77% ] [90m[1msavepack[22m | 保存文件：res://assets/reanim/Zombie_polevaulter_innerhand.png.import[39m[0m
[  77% ] [90m[1msavepack[22m | 保存文件：res://.godot/imported/Zombie_polevaulter_innerleg_foot.png-b14c9cfc7424589cde0304b71d1cc160.ctex[39m[0m
[  77% ] [90m[1msavepack[22m | 保存文件：res://assets/reanim/Zombie_polevaulter_innerleg_foot.png.import[39m[0m
[  77% ] [90m[1msavepack[22m | 保存文件：res://.godot/imported/Zombie_polevaulter_innerleg_lower.png-fc62e0753257352c2ad6b0e5d30f8349.ctex[39m[0m
[  77% ] [90m[1msavepack[22m | 保存文件：res://assets/reanim/Zombie_polevaulter_innerleg_lower.png.import[39m[0m
[  77% ] [90m[1msavepack[22m | 保存文件：res://.godot/imported/Zombie_polevaulter_innerleg_toe.png-ea1e7d2c36ce1226c0150d25d24722c0.ctex[39m[0m
[  77% ] [90m[1msavepack[22m | 保存文件：res://assets/reanim/Zombie_polevaulter_innerleg_toe.png.import[39m[0m
[  77% ] [90m[1msavepack[22m | 保存文件：res://.godot/imported/Zombie_polevaulter_innerleg_upper.png-553a25f93a4bcfefaf95e0ca957ead2c.ctex[39m[0m
[  77% ] [90m[1msavepack[22m | 保存文件：res://assets/reanim/Zombie_polevaulter_innerleg_upper.png.import[39m[0m
[  77% ] [90m[1msavepack[22m | 保存文件：res://.godot/imported/Zombie_polevaulter_outerarm_lower.png-4483c6a6dbfcb4cb866ba45f38f9b6b8.ctex[39m[0m
[  77% ] [90m[1msavepack[22m | 保存文件：res://assets/reanim/Zombie_polevaulter_outerarm_lower.png.import[39m[0m
[  77% ] [90m[1msavepack[22m | 保存文件：res://.godot/imported/Zombie_polevaulter_outerarm_upper2.png-c2fb1cd622e560d18cf117217ad6d70c.ctex[39m[0m
[  77% ] [90m[1msavepack[22m | 保存文件：res://assets/reanim/Zombie_polevaulter_outerarm_upper2.png.import[39m[0m
[  77% ] [90m[1msavepack[22m | 保存文件：res://.godot/imported/Zombie_polevaulter_outerarm_upper.png-46ca15566b5a2947a2a75a1a497b7e75.ctex[39m[0m
[  77% ] [90m[1msavepack[22m | 保存文件：res://assets/reanim/Zombie_polevaulter_outerarm_upper.png.import[39m[0m
[  77% ] [90m[1msavepack[22m | 保存文件：res://.godot/imported/Zombie_polevaulter_outerleg_foot.png-acd080cb9e644e58efb052e887cd96f4.ctex[39m[0m
[  77% ] [90m[1msavepack[22m | 保存文件：res://assets/reanim/Zombie_polevaulter_outerleg_foot.png.import[39m[0m
[  77% ] [90m[1msavepack[22m | 保存文件：res://.godot/imported/Zombie_polevaulter_outerleg_lower.png-1ffc86f952da23dcec4fabd42cd53b88.ctex[39m[0m
[  77% ] [90m[1msavepack[22m | 保存文件：res://assets/reanim/Zombie_polevaulter_outerleg_lower.png.import[39m[0m
[  77% ] [90m[1msavepack[22m | 保存文件：res://.godot/imported/Zombie_polevaulter_outerleg_toe.png-4d20056c8001a890a06b6907da96008e.ctex[39m[0m
[  77% ] [90m[1msavepack[22m | 保存文件：res://assets/reanim/Zombie_polevaulter_outerleg_toe.png.import[39m[0m
[  77% ] [90m[1msavepack[22m | 保存文件：res://.godot/imported/Zombie_polevaulter_outerleg_upper.png-a498d6c1d0d789e0f41f3ddbc805989e.ctex[39m[0m
[  77% ] [90m[1msavepack[22m | 保存文件：res://assets/reanim/Zombie_polevaulter_outerleg_upper.png.import[39m[0m
[  77% ] [90m[1msavepack[22m | 保存文件：res://.godot/imported/Zombie_polevaulter_pole2.png-58f427c03851bef6ec8003c962adc21a.ctex[39m[0m
[  77% ] [90m[1msavepack[22m | 保存文件：res://assets/reanim/Zombie_polevaulter_pole2.png.import[39m[0m
[  77% ] [90m[1msavepack[22m | 保存文件：res://.godot/imported/Zombie_polevaulter_pole.png-2dacfa9c59037cd435b129885773217a.ctex[39m[0m
[  77% ] [90m[1msavepack[22m | 保存文件：res://assets/reanim/Zombie_polevaulter_pole.png.import[39m[0m
[  78% ] [90m[1msavepack[22m | 保存文件：res://.godot/imported/Zombie_pupils.png-35f91695518dc29590459e072ab67100.ctex[39m[0m
[  78% ] [90m[1msavepack[22m | 保存文件：res://assets/reanim/Zombie_pupils.png.import[39m[0m
[  78% ] [90m[1msavepack[22m | 保存文件：res://.godot/imported/Zombie_questionmark.png-2dcd80d5ca7d4e82d7ef464f6a467186.ctex[39m[0m
[  78% ] [90m[1msavepack[22m | 保存文件：res://assets/reanim/Zombie_questionmark.png.import[39m[0m
[  78% ] [90m[1msavepack[22m | 保存文件：res://.godot/imported/Zombie_screendoor1.png-789db09f349f9dd1e73f0a1bcc8e0979.ctex[39m[0m
[  78% ] [90m[1msavepack[22m | 保存文件：res://assets/reanim/Zombie_screendoor1.png.import[39m[0m
[  78% ] [90m[1msavepack[22m | 保存文件：res://.godot/imported/Zombie_screendoor2.png-68e4f59a85ebbfb3b0e3739007128075.ctex[39m[0m
[  78% ] [90m[1msavepack[22m | 保存文件：res://assets/reanim/Zombie_screendoor2.png.import[39m[0m
[  78% ] [90m[1msavepack[22m | 保存文件：res://.godot/imported/Zombie_screendoor3.png-e8f003b3fafe15f6fb953e77443c9eec.ctex[39m[0m
[  78% ] [90m[1msavepack[22m | 保存文件：res://assets/reanim/Zombie_screendoor3.png.import[39m[0m
[  78% ] [90m[1msavepack[22m | 保存文件：res://.godot/imported/Zombie_snorkle_body1.png-d595cdca9fced8acc281828d58be64a3.ctex[39m[0m
[  78% ] [90m[1msavepack[22m | 保存文件：res://assets/reanim/Zombie_snorkle_body1.png.import[39m[0m
[  78% ] [90m[1msavepack[22m | 保存文件：res://.godot/imported/Zombie_snorkle_body2.png-d5b4ad94ea68ecaa7cc75ef3e1a0fb72.ctex[39m[0m
[  78% ] [90m[1msavepack[22m | 保存文件：res://assets/reanim/Zombie_snorkle_body2.png.import[39m[0m
[  78% ] [90m[1msavepack[22m | 保存文件：res://.godot/imported/Zombie_snorkle_head3.png-0e04d1382f91175b74f2b9e7a22c26fc.ctex[39m[0m
[  78% ] [90m[1msavepack[22m | 保存文件：res://assets/reanim/Zombie_snorkle_head3.png.import[39m[0m
[  78% ] [90m[1msavepack[22m | 保存文件：res://.godot/imported/Zombie_snorkle_head4.png-6748b71f54a0b1d414fe70f596579be3.ctex[39m[0m
[  78% ] [90m[1msavepack[22m | 保存文件：res://assets/reanim/Zombie_snorkle_head4.png.import[39m[0m
[  78% ] [90m[1msavepack[22m | 保存文件：res://.godot/imported/Zombie_snorkle_head.png-829ccceed227009bdec811e243bf80bb.ctex[39m[0m
[  78% ] [90m[1msavepack[22m | 保存文件：res://assets/reanim/Zombie_snorkle_head.png.import[39m[0m
[  78% ] [90m[1msavepack[22m | 保存文件：res://.godot/imported/Zombie_snorkle_headlips.png-af0ca3ede62ce6d4c1eb3e3e346a5f67.ctex[39m[0m
[  78% ] [90m[1msavepack[22m | 保存文件：res://assets/reanim/Zombie_snorkle_headlips.png.import[39m[0m
[  78% ] [90m[1msavepack[22m | 保存文件：res://.godot/imported/Zombie_snorkle_headwater.png-8553b92e01cc0a6cd4c2c228e0c382af.ctex[39m[0m
[  78% ] [90m[1msavepack[22m | 保存文件：res://assets/reanim/Zombie_snorkle_headwater.png.import[39m[0m
[  78% ] [90m[1msavepack[22m | 保存文件：res://.godot/imported/Zombie_snorkle_head_jaw.png-4baeb6774a902b5ab908c074d0f42488.ctex[39m[0m
[  78% ] [90m[1msavepack[22m | 保存文件：res://assets/reanim/Zombie_snorkle_head_jaw.png.import[39m[0m
[  78% ] [90m[1msavepack[22m | 保存文件：res://.godot/imported/Zombie_snorkle_innerarm_hand.png-2d1bc4b95b6e1af84ad17a2358cb9301.ctex[39m[0m
[  78% ] [90m[1msavepack[22m | 保存文件：res://assets/reanim/Zombie_snorkle_innerarm_hand.png.import[39m[0m
[  78% ] [90m[1msavepack[22m | 保存文件：res://.godot/imported/Zombie_snorkle_innerarm_lower.png-9b253fb89ed947e026d9e460ae831f20.ctex[39m[0m
[  78% ] [90m[1msavepack[22m | 保存文件：res://assets/reanim/Zombie_snorkle_innerarm_lower.png.import[39m[0m
[  78% ] [90m[1msavepack[22m | 保存文件：res://.godot/imported/Zombie_snorkle_innerarm_upper.png-68690c5eb4f2f0424ec8f92272a8731e.ctex[39m[0m
[  78% ] [90m[1msavepack[22m | 保存文件：res://assets/reanim/Zombie_snorkle_innerarm_upper.png.import[39m[0m
[  78% ] [90m[1msavepack[22m | 保存文件：res://.godot/imported/Zombie_snorkle_innerleg_foot.png-63262dd30fd068ac2eb8836f8c5f5ee1.ctex[39m[0m
[  78% ] [90m[1msavepack[22m | 保存文件：res://assets/reanim/Zombie_snorkle_innerleg_foot.png.import[39m[0m
[  78% ] [90m[1msavepack[22m | 保存文件：res://.godot/imported/Zombie_snorkle_innerleg_lower.png-4581b5be3db3ce7a8bf79d2668a0d891.ctex[39m[0m
[  78% ] [90m[1msavepack[22m | 保存文件：res://assets/reanim/Zombie_snorkle_innerleg_lower.png.import[39m[0m
[  78% ] [90m[1msavepack[22m | 保存文件：res://.godot/imported/Zombie_snorkle_innerleg_upper.png-77c5c0ff6dc0fc4933f80abe07b80f87.ctex[39m[0m
[  78% ] [90m[1msavepack[22m | 保存文件：res://assets/reanim/Zombie_snorkle_innerleg_upper.png.import[39m[0m
[  78% ] [90m[1msavepack[22m | 保存文件：res://.godot/imported/Zombie_snorkle_outerarm_lower.png-225b3ca88e979e9979621bce3ba88b0b.ctex[39m[0m
[  78% ] [90m[1msavepack[22m | 保存文件：res://assets/reanim/Zombie_snorkle_outerarm_lower.png.import[39m[0m
[  78% ] [90m[1msavepack[22m | 保存文件：res://.godot/imported/Zombie_snorkle_outerarm_upper2.png-7f09e3c395d9646eece535e7f3a2f2d9.ctex[39m[0m
[  78% ] [90m[1msavepack[22m | 保存文件：res://assets/reanim/Zombie_snorkle_outerarm_upper2.png.import[39m[0m
[  78% ] [90m[1msavepack[22m | 保存文件：res://.godot/imported/Zombie_snorkle_outerarm_upper.png-2c3de79a94b7770c9c31332ae4368464.ctex[39m[0m
[  78% ] [90m[1msavepack[22m | 保存文件：res://assets/reanim/Zombie_snorkle_outerarm_upper.png.import[39m[0m
[  78% ] [90m[1msavepack[22m | 保存文件：res://.godot/imported/Zombie_snorkle_outerleg_foot.png-df00f599cffd724b9bb164ab16e4e354.ctex[39m[0m
[  78% ] [90m[1msavepack[22m | 保存文件：res://assets/reanim/Zombie_snorkle_outerleg_foot.png.import[39m[0m
[  78% ] [90m[1msavepack[22m | 保存文件：res://.godot/imported/Zombie_snorkle_outerleg_lower.png-cbf72f93f7da36d310cd11b8808a8329.ctex[39m[0m
[  78% ] [90m[1msavepack[22m | 保存文件：res://assets/reanim/Zombie_snorkle_outerleg_lower.png.import[39m[0m
[  78% ] [90m[1msavepack[22m | 保存文件：res://.godot/imported/Zombie_snorkle_outerleg_upper.png-9577a6b1bb08ed76144bb1e00480ef24.ctex[39m[0m
[  78% ] [90m[1msavepack[22m | 保存文件：res://assets/reanim/Zombie_snorkle_outerleg_upper.png.import[39m[0m
[  78% ] [90m[1msavepack[22m | 保存文件：res://.godot/imported/Zombie_snorkle_snorkle.png-bbb5f0a7c602c6e02485bce487f8ad15.ctex[39m[0m
[  78% ] [90m[1msavepack[22m | 保存文件：res://assets/reanim/Zombie_snorkle_snorkle.png.import[39m[0m
[  78% ] [90m[1msavepack[22m | 保存文件：res://.godot/imported/Zombie_snorkle_whitewater1.png-a2e286c787705fcf233a5dc5a444f64d.ctex[39m[0m
[  78% ] [90m[1msavepack[22m | 保存文件：res://assets/reanim/Zombie_snorkle_whitewater1.png.import[39m[0m
[  78% ] [90m[1msavepack[22m | 保存文件：res://.godot/imported/Zombie_snorkle_whitewater2.png-72082da704ed72485a05709875fdd90d.ctex[39m[0m
[  78% ] [90m[1msavepack[22m | 保存文件：res://assets/reanim/Zombie_snorkle_whitewater2.png.import[39m[0m
[  78% ] [90m[1msavepack[22m | 保存文件：res://.godot/imported/Zombie_snorkle_whitewater3.png-a5a9bc6d8d00ce3f7a392a16857a83c7.ctex[39m[0m
[  78% ] [90m[1msavepack[22m | 保存文件：res://assets/reanim/Zombie_snorkle_whitewater3.png.import[39m[0m
[  78% ] [90m[1msavepack[22m | 保存文件：res://.godot/imported/zombie_target.png-804931359fd4ebbbf9eedfa8014c3f8a.ctex[39m[0m
[  78% ] [90m[1msavepack[22m | 保存文件：res://assets/reanim/zombie_target.png.import[39m[0m
[  78% ] [90m[1msavepack[22m | 保存文件：res://.godot/imported/Zombie_target_body.png-0bcc009b347c5a665ad64ead2a790910.ctex[39m[0m
[  78% ] [90m[1msavepack[22m | 保存文件：res://assets/reanim/Zombie_target_body.png.import[39m[0m
[  78% ] [90m[1msavepack[22m | 保存文件：res://.godot/imported/Zombie_target_hat.png-f6e7765b3d4ee8234983228fd1303fed.ctex[39m[0m
[  78% ] [90m[1msavepack[22m | 保存文件：res://assets/reanim/Zombie_target_hat.png.import[39m[0m
[  78% ] [90m[1msavepack[22m | 保存文件：res://.godot/imported/Zombie_tie.png-f104c13738094f2b9a045d361347dcbf.ctex[39m[0m
[  78% ] [90m[1msavepack[22m | 保存文件：res://assets/reanim/Zombie_tie.png.import[39m[0m
[  78% ] [90m[1msavepack[22m | 保存文件：res://.godot/imported/Zombie_tongue.png-8e040df0de193e1a4a0476135c7bf7ff.ctex[39m[0m
[  78% ] [90m[1msavepack[22m | 保存文件：res://assets/reanim/Zombie_tongue.png.import[39m[0m
[  78% ] [90m[1msavepack[22m | 保存文件：res://.godot/imported/Zombie_toupe.png-c2da4fd930868111d383243e31c6be52.ctex[39m[0m
[  78% ] [90m[1msavepack[22m | 保存文件：res://assets/reanim/Zombie_toupe.png.import[39m[0m
[  78% ] [90m[1msavepack[22m | 保存文件：res://.godot/imported/Zombie_underbody.png-ce4ee6ed6f442d2b2224574d401b11b3.ctex[39m[0m
[  78% ] [90m[1msavepack[22m | 保存文件：res://assets/reanim/Zombie_underbody.png.import[39m[0m
[  78% ] [90m[1msavepack[22m | 保存文件：res://.godot/imported/Zombie_whitewater1.png-b0df11aeccb670175f10be55642f2651.ctex[39m[0m
[  78% ] [90m[1msavepack[22m | 保存文件：res://assets/reanim/Zombie_whitewater1.png.import[39m[0m
[  78% ] [90m[1msavepack[22m | 保存文件：res://.godot/imported/Zombie_whitewater2.png-f1a72a4748f43e5413ccbcd2f6a19cc5.ctex[39m[0m
[  78% ] [90m[1msavepack[22m | 保存文件：res://assets/reanim/Zombie_whitewater2.png.import[39m[0m
[  79% ] [90m[1msavepack[22m | 保存文件：res://.godot/imported/Zombie_whitewater3.png-d39c61ce08d5c3a0b609ba348f71328d.ctex[39m[0m
[  79% ] [90m[1msavepack[22m | 保存文件：res://assets/reanim/Zombie_whitewater3.png.import[39m[0m
[  79% ] [90m[1msavepack[22m | 保存文件：res://.godot/imported/Zombie_yeti_body.png-735a3a428cbb901e06ae0ef334eace35.ctex[39m[0m
[  79% ] [90m[1msavepack[22m | 保存文件：res://assets/reanim/Zombie_yeti_body.png.import[39m[0m
[  79% ] [90m[1msavepack[22m | 保存文件：res://.godot/imported/Zombie_yeti_head.png-80b35deb4aae2fcc264d103a5ed96e38.ctex[39m[0m
[  79% ] [90m[1msavepack[22m | 保存文件：res://assets/reanim/Zombie_yeti_head.png.import[39m[0m
[  79% ] [90m[1msavepack[22m | 保存文件：res://.godot/imported/Zombie_yeti_innerarm_hand.png-430995a5be8bcaedfad5181edb96a1d6.ctex[39m[0m
[  79% ] [90m[1msavepack[22m | 保存文件：res://assets/reanim/Zombie_yeti_innerarm_hand.png.import[39m[0m
[  79% ] [90m[1msavepack[22m | 保存文件：res://.godot/imported/Zombie_yeti_innerarm_lower.png-71930bdf4d6a7ab7bcdf47411f68cb0c.ctex[39m[0m
[  79% ] [90m[1msavepack[22m | 保存文件：res://assets/reanim/Zombie_yeti_innerarm_lower.png.import[39m[0m
[  79% ] [90m[1msavepack[22m | 保存文件：res://.godot/imported/Zombie_yeti_innerarm_upper.png-53121a182bc8ce2b69a07e6d43089452.ctex[39m[0m
[  79% ] [90m[1msavepack[22m | 保存文件：res://assets/reanim/Zombie_yeti_innerarm_upper.png.import[39m[0m
[  79% ] [90m[1msavepack[22m | 保存文件：res://.godot/imported/Zombie_yeti_innerleg_foot.png-90c9b1967aa10e029aede3a51446dfcf.ctex[39m[0m
[  79% ] [90m[1msavepack[22m | 保存文件：res://assets/reanim/Zombie_yeti_innerleg_foot.png.import[39m[0m
[  79% ] [90m[1msavepack[22m | 保存文件：res://.godot/imported/Zombie_yeti_innerleg_lower.png-1fa0d42f08246f15367c15b6f17ad401.ctex[39m[0m
[  79% ] [90m[1msavepack[22m | 保存文件：res://assets/reanim/Zombie_yeti_innerleg_lower.png.import[39m[0m
[  79% ] [90m[1msavepack[22m | 保存文件：res://.godot/imported/Zombie_yeti_innerleg_upper.png-eac360d038ff9fa282dd23eb4678531d.ctex[39m[0m
[  79% ] [90m[1msavepack[22m | 保存文件：res://assets/reanim/Zombie_yeti_innerleg_upper.png.import[39m[0m
[  79% ] [90m[1msavepack[22m | 保存文件：res://.godot/imported/Zombie_yeti_jaw.png-05914085ef929fe517512c45394f531f.ctex[39m[0m
[  79% ] [90m[1msavepack[22m | 保存文件：res://assets/reanim/Zombie_yeti_jaw.png.import[39m[0m
[  79% ] [90m[1msavepack[22m | 保存文件：res://.godot/imported/Zombie_yeti_outerarm_hand.png-07548f156c4532a619188ce3743329f8.ctex[39m[0m
[  79% ] [90m[1msavepack[22m | 保存文件：res://assets/reanim/Zombie_yeti_outerarm_hand.png.import[39m[0m
[  79% ] [90m[1msavepack[22m | 保存文件：res://.godot/imported/Zombie_yeti_outerarm_lower.png-e33bb6054a609cd6562e6a3b6039071f.ctex[39m[0m
[  79% ] [90m[1msavepack[22m | 保存文件：res://assets/reanim/Zombie_yeti_outerarm_lower.png.import[39m[0m
[  79% ] [90m[1msavepack[22m | 保存文件：res://.godot/imported/Zombie_yeti_outerarm_upper2.png-785ad04332b1995da7753e52cae925b8.ctex[39m[0m
[  79% ] [90m[1msavepack[22m | 保存文件：res://assets/reanim/Zombie_yeti_outerarm_upper2.png.import[39m[0m
[  79% ] [90m[1msavepack[22m | 保存文件：res://.godot/imported/Zombie_yeti_outerarm_upper.png-3f59817e94f14c73953afea11766a53f.ctex[39m[0m
[  79% ] [90m[1msavepack[22m | 保存文件：res://assets/reanim/Zombie_yeti_outerarm_upper.png.import[39m[0m
[  79% ] [90m[1msavepack[22m | 保存文件：res://.godot/imported/Zombie_yeti_outerleg_foot.png-0ee97b24d4fd307b31ad9d9aa5570aa8.ctex[39m[0m
[  79% ] [90m[1msavepack[22m | 保存文件：res://assets/reanim/Zombie_yeti_outerleg_foot.png.import[39m[0m
[  79% ] [90m[1msavepack[22m | 保存文件：res://.godot/imported/Zombie_yeti_outerleg_lower.png-58e495022d8c8fa083f308c9dc87b34e.ctex[39m[0m
[  79% ] [90m[1msavepack[22m | 保存文件：res://assets/reanim/Zombie_yeti_outerleg_lower.png.import[39m[0m
[  79% ] [90m[1msavepack[22m | 保存文件：res://.godot/imported/Zombie_yeti_outerleg_upper.png-37a08ec0272b91b6d0599cce36840917.ctex[39m[0m
[  79% ] [90m[1msavepack[22m | 保存文件：res://assets/reanim/Zombie_yeti_outerleg_upper.png.import[39m[0m
[  79% ] [90m[1msavepack[22m | 保存文件：res://.godot/imported/Zombie_zambonidriver_beanie.png-a62d23dc58ab8303da6259ee9f725437.ctex[39m[0m
[  79% ] [90m[1msavepack[22m | 保存文件：res://assets/reanim/Zombie_zambonidriver_beanie.png.import[39m[0m
[  79% ] [90m[1msavepack[22m | 保存文件：res://.godot/imported/Zombie_zambonidriver_body.png-e8f02aa4acc489d449dd166a86b9137b.ctex[39m[0m
[  79% ] [90m[1msavepack[22m | 保存文件：res://assets/reanim/Zombie_zambonidriver_body.png.import[39m[0m
[  79% ] [90m[1msavepack[22m | 保存文件：res://.godot/imported/Zombie_zambonidriver_innerarm.png-3ae0f36365b4609def463cd09fb87f80.ctex[39m[0m
[  79% ] [90m[1msavepack[22m | 保存文件：res://assets/reanim/Zombie_zambonidriver_innerarm.png.import[39m[0m
[  79% ] [90m[1msavepack[22m | 保存文件：res://.godot/imported/Zombie_zambonidriver_innerarm_hand.png-7eca54c48f6797a58f19ae674df878f9.ctex[39m[0m
[  79% ] [90m[1msavepack[22m | 保存文件：res://assets/reanim/Zombie_zambonidriver_innerarm_hand.png.import[39m[0m
[  79% ] [90m[1msavepack[22m | 保存文件：res://.godot/imported/Zombie_zambonidriver_legs.png-d3d201ac2387b763fb824c9f028889e4.ctex[39m[0m
[  79% ] [90m[1msavepack[22m | 保存文件：res://assets/reanim/Zombie_zambonidriver_legs.png.import[39m[0m
[  79% ] [90m[1msavepack[22m | 保存文件：res://.godot/imported/Zombie_zambonidriver_lowerarm_outer.png-90f72f6bed0acef7895ab2f509c3ab46.ctex[39m[0m
[  79% ] [90m[1msavepack[22m | 保存文件：res://assets/reanim/Zombie_zambonidriver_lowerarm_outer.png.import[39m[0m
[  79% ] [90m[1msavepack[22m | 保存文件：res://.godot/imported/Zombie_zambonidriver_mullet1.png-4891512b2b9739892f2e7fd4c5633858.ctex[39m[0m
[  79% ] [90m[1msavepack[22m | 保存文件：res://assets/reanim/Zombie_zambonidriver_mullet1.png.import[39m[0m
[  79% ] [90m[1msavepack[22m | 保存文件：res://.godot/imported/Zombie_zambonidriver_mullet2.png-a6a357c31f0560134536a4aeda3d98d2.ctex[39m[0m
[  79% ] [90m[1msavepack[22m | 保存文件：res://assets/reanim/Zombie_zambonidriver_mullet2.png.import[39m[0m
[  79% ] [90m[1msavepack[22m | 保存文件：res://.godot/imported/Zombie_zambonidriver_outerarm_hand.png-3e43d5b828e627513a277c5bc0902f38.ctex[39m[0m
[  79% ] [90m[1msavepack[22m | 保存文件：res://assets/reanim/Zombie_zambonidriver_outerarm_hand.png.import[39m[0m
[  79% ] [90m[1msavepack[22m | 保存文件：res://.godot/imported/Zombie_zambonidriver_shoulder.png-2956f3f9002b2a386ae9a11e8d6928e7.ctex[39m[0m
[  79% ] [90m[1msavepack[22m | 保存文件：res://assets/reanim/Zombie_zambonidriver_shoulder.png.import[39m[0m
[  79% ] [90m[1msavepack[22m | 保存文件：res://.godot/imported/Zombie_zambonidriver_upperarm.png-b681ba2e75f172eb7f09bc9f8742c439.ctex[39m[0m
[  79% ] [90m[1msavepack[22m | 保存文件：res://assets/reanim/Zombie_zambonidriver_upperarm.png.import[39m[0m
[  79% ] [90m[1msavepack[22m | 保存文件：res://.godot/imported/Zombie_zamboni_1.png-6f857b44ab3ca6943b1c8aa662d671c4.ctex[39m[0m
[  79% ] [90m[1msavepack[22m | 保存文件：res://assets/reanim/Zombie_zamboni_1.png.import[39m[0m
[  79% ] [90m[1msavepack[22m | 保存文件：res://.godot/imported/Zombie_zamboni_1_damage1.png-5af84175d8066eb3d42c525f7abd00d1.ctex[39m[0m
[  79% ] [90m[1msavepack[22m | 保存文件：res://assets/reanim/Zombie_zamboni_1_damage1.png.import[39m[0m
[  79% ] [90m[1msavepack[22m | 保存文件：res://.godot/imported/Zombie_zamboni_1_damage2.png-b23d9ee9ee21a68c58ff81f588a827c0.ctex[39m[0m
[  79% ] [90m[1msavepack[22m | 保存文件：res://assets/reanim/Zombie_zamboni_1_damage2.png.import[39m[0m
[  79% ] [90m[1msavepack[22m | 保存文件：res://.godot/imported/Zombie_zamboni_2.png-4d68d7d6f2af3c5db5349bf65c3320c0.ctex[39m[0m
[  79% ] [90m[1msavepack[22m | 保存文件：res://assets/reanim/Zombie_zamboni_2.png.import[39m[0m
[  79% ] [90m[1msavepack[22m | 保存文件：res://.godot/imported/Zombie_zamboni_2_damage1.png-b99429e00bec42778790c368f2d35051.ctex[39m[0m
[  79% ] [90m[1msavepack[22m | 保存文件：res://assets/reanim/Zombie_zamboni_2_damage1.png.import[39m[0m
[  79% ] [90m[1msavepack[22m | 保存文件：res://.godot/imported/Zombie_zamboni_2_damage2.png-254f136144cbf4f60bfb2f9593e1ac2a.ctex[39m[0m
[  79% ] [90m[1msavepack[22m | 保存文件：res://assets/reanim/Zombie_zamboni_2_damage2.png.import[39m[0m
[  79% ] [90m[1msavepack[22m | 保存文件：res://.godot/imported/Zombie_zamboni_3.png-2b6b4ed423072c7fca13289f35a383d9.ctex[39m[0m
[  79% ] [90m[1msavepack[22m | 保存文件：res://assets/reanim/Zombie_zamboni_3.png.import[39m[0m
[  79% ] [90m[1msavepack[22m | 保存文件：res://.godot/imported/Zombie_zamboni_4.png-641ce4b3d8ca9bf9dae3dbeb18791f7a.ctex[39m[0m
[  79% ] [90m[1msavepack[22m | 保存文件：res://assets/reanim/Zombie_zamboni_4.png.import[39m[0m
[  79% ] [90m[1msavepack[22m | 保存文件：res://.godot/imported/Zombie_zamboni_brush.png-42b75a730b6b969516756f48b620f9bd.ctex[39m[0m
[  79% ] [90m[1msavepack[22m | 保存文件：res://assets/reanim/Zombie_zamboni_brush.png.import[39m[0m
[  79% ] [90m[1msavepack[22m | 保存文件：res://.godot/imported/Zombie_zamboni_seat.png-6137d28762c120d2701313c02f7b498c.ctex[39m[0m
[  79% ] [90m[1msavepack[22m | 保存文件：res://assets/reanim/Zombie_zamboni_seat.png.import[39m[0m
[  80% ] [90m[1msavepack[22m | 保存文件：res://.godot/imported/Zombie_zamboni_wheel.png-2d764b957907324cc09340692df40691.ctex[39m[0m
[  80% ] [90m[1msavepack[22m | 保存文件：res://assets/reanim/Zombie_zamboni_wheel.png.import[39m[0m
[  80% ] [90m[1msavepack[22m | 保存文件：res://.godot/imported/Zombie_zamboni_wheel_flat.png-f275736ef09473ebaec1bfc1ae91d166.ctex[39m[0m
[  80% ] [90m[1msavepack[22m | 保存文件：res://assets/reanim/Zombie_zamboni_wheel_flat.png.import[39m[0m
[  80% ] [90m[1msavepack[22m | 保存文件：res://.godot/imported/Zombie_zamboni_wires.png-dece2406ac1926d0c9dfd6d44afbaec8.ctex[39m[0m
[  80% ] [90m[1msavepack[22m | 保存文件：res://assets/reanim/Zombie_zamboni_wires.png.import[39m[0m
[  80% ] [90m[1msavepack[22m | 保存文件：res://data/almanac_data.json[39m[0m
[  80% ] [90m[1msavepack[22m | 保存文件：res://.godot/exported/133200997/export-68f5f9440e0c32aac5d45b2ac38d5155-ChooesLevel.res[39m[0m
[  80% ] [90m[1msavepack[22m | 保存文件：res://.godot/exported/133200997/export-8afeb7628f1ee01488e0e07f989c3395-norm_ui_theme.res[39m[0m
[  80% ] [90m[1msavepack[22m | 保存文件：res://.godot/exported/133200997/export-0d6cc5c3e20a83cc65b974d9647abc07-PVZ_theme.res[39m[0m
[  80% ] [90m[1msavepack[22m | 保存文件：res://.godot/exported/133200997/export-f33f1865741274159a0d2b010b706b6d-我不是僵尸.res[39m[0m
[  80% ] [90m[1msavepack[22m | 保存文件：res://.godot/exported/133200997/export-87c2f56f27b57fdc25a0248a5c56f8bd-罐子僵尸.res[39m[0m
[  80% ] [90m[1msavepack[22m | 保存文件：res://.godot/imported/main_game.png-3bcb1a158ea77cc00a38c1e71d4480a5.ctex[39m[0m
[  80% ] [90m[1msavepack[22m | 保存文件：res://readme_show/main_game.png.import[39m[0m
[  80% ] [90m[1msavepack[22m | 保存文件：res://.godot/imported/run_start_menu.png-2399f2ca0dd10f894eb52f1156668b5a.ctex[39m[0m
[  80% ] [90m[1msavepack[22m | 保存文件：res://readme_show/run_start_menu.png.import[39m[0m
[  80% ] [90m[1msavepack[22m | 保存文件：res://.godot/exported/133200997/export-7b69c8a4eb27c8b73488de3e433e7bb9-on_choose_one_user_button.res[39m[0m
[  80% ] [90m[1msavepack[22m | 保存文件：res://.godot/exported/133200997/export-5b7441f00ac3a7a31e6fb11b5363a5c7-01Norm.res[39m[0m
[  80% ] [90m[1msavepack[22m | 保存文件：res://.godot/exported/133200997/export-a6b1dfd4658c08228fc412f4afbfb2eb-02Purple.res[39m[0m
[  80% ] [90m[1msavepack[22m | 保存文件：res://.godot/exported/133200997/export-d49ada66dcfb313ca49f1786e829b66f-03Gray.res[39m[0m
[  80% ] [90m[1msavepack[22m | 保存文件：res://.godot/exported/133200997/export-c549d4e426f1504806d0def28e8e43c7-plant_004_wall_nut_body_change_body_0.res[39m[0m
[  80% ] [90m[1msavepack[22m | 保存文件：res://.godot/exported/133200997/export-3f1773d30cd3112a7e11c48ee8d0c3e8-plant_004_wall_nut_body_change_body_1.res[39m[0m
[  80% ] [90m[1msavepack[22m | 保存文件：res://.godot/exported/133200997/export-85ebaa03c4f7ad7685d1dabfafc0f571-000_common_plant_land.res[39m[0m
[  80% ] [90m[1msavepack[22m | 保存文件：res://.godot/exported/133200997/export-ba2b671e70af83c5b242c17abf3eee0b-000_common_purple.res[39m[0m
[  80% ] [90m[1msavepack[22m | 保存文件：res://.godot/exported/133200997/export-5edb68feab97a5f295963a9be0c82752-005_potato_mine.res[39m[0m
[  80% ] [90m[1msavepack[22m | 保存文件：res://.godot/exported/133200997/export-e8e98e32b6b54be2d12ab66695809c8f-012_grave_buster.res[39m[0m
[  80% ] [90m[1msavepack[22m | 保存文件：res://.godot/exported/133200997/export-e9f0ecd54b08d7e8a09fb33367983eae-017_lily_pad.res[39m[0m
[  80% ] [90m[1msavepack[22m | 保存文件：res://.godot/exported/133200997/export-175fcae8796e85d6f88dc859a6557d7f-020_tanglekelp.res[39m[0m
[  80% ] [90m[1msavepack[22m | 保存文件：res://.godot/exported/133200997/export-dc1fae80131f131d8553d0efeeba8b33-022_caltrop.res[39m[0m
[  80% ] [90m[1msavepack[22m | 保存文件：res://.godot/exported/133200997/export-b1cc1975db1173205d104c53d87f12ad-031_Pumpkin.res[39m[0m
[  80% ] [90m[1msavepack[22m | 保存文件：res://.godot/exported/133200997/export-20ee9268854f3a0417692c082c433263-034_flower_pot.res[39m[0m
[  80% ] [90m[1msavepack[22m | 保存文件：res://.godot/exported/133200997/export-0cf9a0e8e324a6f5d1bd54a7f63fcf38-036_coffee_bean.res[39m[0m
[  80% ] [90m[1msavepack[22m | 保存文件：res://.godot/exported/133200997/export-06bf4c370d8b94160825ba48e8a9092a-048_cob_cannon.res[39m[0m
[  80% ] [90m[1msavepack[22m | 保存文件：res://.godot/exported/133200997/export-2925aed3486d3c361c43b58869e93c2f-999_imitater.res[39m[0m
[  80% ] [90m[1msavepack[22m | 保存文件：res://.godot/exported/133200997/export-145123dbbedd21d745e8cec8205882e3-000_Hello.res[39m[0m
[  80% ] [90m[1msavepack[22m | 保存文件：res://.godot/exported/133200997/export-19e364aa5b5e8607f8a38e74d515f374-GardenBg00GreenHouse.res[39m[0m
[  80% ] [90m[1msavepack[22m | 保存文件：res://.godot/exported/133200997/export-ef1854d9a850232f88b44e9f38880f06-GardenBg01MushroomGraden.res[39m[0m
[  80% ] [90m[1msavepack[22m | 保存文件：res://.godot/exported/133200997/export-3f351b63f88636d96d956830e41e45bd-GardenBg02Aquarium.res[39m[0m
[  80% ] [90m[1msavepack[22m | 保存文件：res://.godot/exported/133200997/export-65611fe6741c24e61b3a2224a1b10ada-GardenBg03Tree.res[39m[0m
[  80% ] [90m[1msavepack[22m | 保存文件：res://.godot/exported/133200997/export-9775a61291237a5f8b33fb6afd956244-GardenSprout.res[39m[0m
[  80% ] [90m[1msavepack[22m | 保存文件：res://.godot/exported/133200997/export-4da7e7467abf2404eb4a561411fe56be-000_Hello.res[39m[0m
[  80% ] [90m[1msavepack[22m | 保存文件：res://.godot/exported/133200997/export-e74f69a629eafd85e9b0cd1c35bcb10e-001_Crazy.res[39m[0m
[  80% ] [90m[1msavepack[22m | 保存文件：res://.godot/exported/133200997/export-ab7b1f7b8525717cb67e539675fba954-002_LookMyHand.res[39m[0m
[  81% ] [90m[1msavepack[22m | 保存文件：res://.godot/exported/133200997/export-a702fb0f459dd48282017a31285eb49d-adventure_1_01.res[39m[0m
[  81% ] [90m[1msavepack[22m | 保存文件：res://.godot/exported/133200997/export-1432a8ec33c3f9caa629fee14078a5a3-adventure_1_02.res[39m[0m
[  81% ] [90m[1msavepack[22m | 保存文件：res://.godot/exported/133200997/export-9d6ed266f4e14c447a128ce46be21239-adventure_1_03.res[39m[0m
[  81% ] [90m[1msavepack[22m | 保存文件：res://.godot/exported/133200997/export-2b864296f0a46352ce5c8335bf2a196e-adventure_1_04.res[39m[0m
[  81% ] [90m[1msavepack[22m | 保存文件：res://.godot/exported/133200997/export-24481f3b3789b72220e5dcb774811878-adventure_1_06.res[39m[0m
[  81% ] [90m[1msavepack[22m | 保存文件：res://.godot/exported/133200997/export-79b4fbfad21e5d2769d4e7f55e929532-adventure_1_07.res[39m[0m
[  81% ] [90m[1msavepack[22m | 保存文件：res://.godot/exported/133200997/export-f5b07850ebc04bf02bb96452b67099b4-adventure_1_08.res[39m[0m
[  81% ] [90m[1msavepack[22m | 保存文件：res://.godot/exported/133200997/export-a6eaa8b938d6797ec632fcdc9da70f14-adventure_1_09.res[39m[0m
[  81% ] [90m[1msavepack[22m | 保存文件：res://.godot/exported/133200997/export-d990d1f7ceedc5a52e0f8db9868492c6-adventure_1_10.res[39m[0m
[  81% ] [90m[1msavepack[22m | 保存文件：res://.godot/exported/133200997/export-27c5ad50fa11393b865b83b8a6016c88-adventure_2_01.res[39m[0m
[  81% ] [90m[1msavepack[22m | 保存文件：res://.godot/exported/133200997/export-82033fff9b356a689b51334061bf176c-adventure_2_02.res[39m[0m
[  81% ] [90m[1msavepack[22m | 保存文件：res://.godot/exported/133200997/export-143c6d69ad6db07030b4a6e13a0251d6-adventure_2_03.res[39m[0m
[  81% ] [90m[1msavepack[22m | 保存文件：res://.godot/exported/133200997/export-d249c9508d3f88639ffc118dd00493e0-adventure_2_04.res[39m[0m
[  81% ] [90m[1msavepack[22m | 保存文件：res://.godot/exported/133200997/export-77cf3c4f7c216c54596a908ce3bd5dfe-adventure_2_05.res[39m[0m
[  81% ] [90m[1msavepack[22m | 保存文件：res://.godot/exported/133200997/export-c3fefefbfa2a8389028abcb0909a5367-adventure_2_06.res[39m[0m
[  81% ] [90m[1msavepack[22m | 保存文件：res://.godot/exported/133200997/export-777739d349c2cc451ed4541e0979d94a-adventure_2_07.res[39m[0m
[  81% ] [90m[1msavepack[22m | 保存文件：res://.godot/exported/133200997/export-5465332a2ab27b72cc18dda366099325-adventure_2_08.res[39m[0m
[  81% ] [90m[1msavepack[22m | 保存文件：res://.godot/exported/133200997/export-72e31439bd80408e85f2df3be1d51478-adventure_2_09.res[39m[0m
[  81% ] [90m[1msavepack[22m | 保存文件：res://.godot/exported/133200997/export-002fcabd6b1b7840905c1329e65ed1ce-adventure_2_10.res[39m[0m
[  81% ] [90m[1msavepack[22m | 保存文件：res://.godot/exported/133200997/export-2a484c09bbd877362b13bd42c6d11bb7-adventure_3_01.res[39m[0m
[  81% ] [90m[1msavepack[22m | 保存文件：res://.godot/exported/133200997/export-052f8be69dab98ff0e14b934365fe151-adventure_3_02.res[39m[0m
[  81% ] [90m[1msavepack[22m | 保存文件：res://.godot/exported/133200997/export-963feb302b45b02d32f6abb1f5728781-adventure_3_03.res[39m[0m
[  81% ] [90m[1msavepack[22m | 保存文件：res://.godot/exported/133200997/export-a1c771bb1683b78fecd75e4c610bc2e3-adventure_3_04.res[39m[0m
[  81% ] [90m[1msavepack[22m | 保存文件：res://.godot/exported/133200997/export-14a90aa115209e7ea56d2f36ada0f8e6-adventure_3_05.res[39m[0m
[  81% ] [90m[1msavepack[22m | 保存文件：res://.godot/exported/133200997/export-92ca44b9e07382a1e2f7aae0e9e26155-adventure_3_06.res[39m[0m
[  81% ] [90m[1msavepack[22m | 保存文件：res://.godot/exported/133200997/export-6ddaf84e777ece3bf308242a7183fc51-adventure_3_07.res[39m[0m
[  81% ] [90m[1msavepack[22m | 保存文件：res://.godot/exported/133200997/export-595aba8499cb8e21c75197f5b0804b4c-adventure_3_08.res[39m[0m
[  81% ] [90m[1msavepack[22m | 保存文件：res://.godot/exported/133200997/export-487c70c34a6006913d7ec0754accaf93-adventure_3_09.res[39m[0m
[  81% ] [90m[1msavepack[22m | 保存文件：res://.godot/exported/133200997/export-c1b123fb9fb80f91e82b43e7df81bb90-adventure_3_10.res[39m[0m
[  81% ] [90m[1msavepack[22m | 保存文件：res://.godot/exported/133200997/export-31c4e2cf17ddf48a42c5a8faeffdadfd-adventure_4_01.res[39m[0m
[  81% ] [90m[1msavepack[22m | 保存文件：res://.godot/exported/133200997/export-4f33682c8067346a755c36bfe9d027d1-adventure_4_02.res[39m[0m
[  81% ] [90m[1msavepack[22m | 保存文件：res://.godot/exported/133200997/export-2c031a45de63a98fe600e9365f203365-adventure_4_03.res[39m[0m
[  81% ] [90m[1msavepack[22m | 保存文件：res://.godot/exported/133200997/export-6cebb147320b5781b423c7824214218b-adventure_4_04.res[39m[0m
[  81% ] [90m[1msavepack[22m | 保存文件：res://.godot/exported/133200997/export-6cdc9e2fa9d53708df81bcc9e21904fc-adventure_4_05.res[39m[0m
[  81% ] [90m[1msavepack[22m | 保存文件：res://.godot/exported/133200997/export-60d980c12994fd69f88d9ad765bfb973-adventure_4_06.res[39m[0m
[  81% ] [90m[1msavepack[22m | 保存文件：res://.godot/exported/133200997/export-6507d922d62d00d412467806b1367626-adventure_4_07.res[39m[0m
[  81% ] [90m[1msavepack[22m | 保存文件：res://.godot/exported/133200997/export-9b9b52e1e5a5339706dee29cd7a0b039-adventure_4_08.res[39m[0m
[  82% ] [90m[1msavepack[22m | 保存文件：res://.godot/exported/133200997/export-db7b17574b5f354fc0d4862b03689e8d-adventure_4_09.res[39m[0m
[  82% ] [90m[1msavepack[22m | 保存文件：res://.godot/exported/133200997/export-7f0225753debccf596dd97d198c8df2a-adventure_4_10.res[39m[0m
[  82% ] [90m[1msavepack[22m | 保存文件：res://.godot/exported/133200997/export-e464f14c20f4e6a09d31fb674d9348d3-adventure_5_01.res[39m[0m
[  82% ] [90m[1msavepack[22m | 保存文件：res://.godot/exported/133200997/export-6590fa50050bf6d69bf9fd49912a793e-adventure_5_02.res[39m[0m
[  82% ] [90m[1msavepack[22m | 保存文件：res://.godot/exported/133200997/export-093338beb0645cfabbb23f6422648aa9-adventure_5_03.res[39m[0m
[  82% ] [90m[1msavepack[22m | 保存文件：res://.godot/exported/133200997/export-a9998cd0e49bfefdb321bb2baa573263-adventure_5_04.res[39m[0m
[  82% ] [90m[1msavepack[22m | 保存文件：res://.godot/exported/133200997/export-e156cbb1e10be44b699a04045a63e094-adventure_5_05.res[39m[0m
[  82% ] [90m[1msavepack[22m | 保存文件：res://.godot/exported/133200997/export-7583d70288fcd7a94f09b97ec7576ee9-adventure_5_06.res[39m[0m
[  82% ] [90m[1msavepack[22m | 保存文件：res://.godot/exported/133200997/export-81c151a2ed618c4f2874ec45be1c87dc-adventure_5_07.res[39m[0m
[  82% ] [90m[1msavepack[22m | 保存文件：res://.godot/exported/133200997/export-0bfb52a3b0d17ec577f0fdfd70d88ff5-adventure_5_08.res[39m[0m
[  82% ] [90m[1msavepack[22m | 保存文件：res://.godot/exported/133200997/export-3970a2346ef84788896fa8ef0d106728-adventure_5_09.res[39m[0m
[  82% ] [90m[1msavepack[22m | 保存文件：res://.godot/exported/133200997/export-82ba2e349bf058923e892f008c7f25c7-adventure_5_10.res[39m[0m
[  82% ] [90m[1msavepack[22m | 保存文件：res://.godot/exported/133200997/export-fc46edf01574ac48879d6ad6a85946ef-minigame_01_bowling.res[39m[0m
[  82% ] [90m[1msavepack[22m | 保存文件：res://.godot/exported/133200997/export-750360e63e07299259aed4e9bb8987a7-minigame_02_hammer_zombie.res[39m[0m
[  82% ] [90m[1msavepack[22m | 保存文件：res://.godot/exported/133200997/export-71f786cead6f40c1fa4f80dcdf11fb75-minigame_03_mini_zombie.res[39m[0m
[  82% ] [90m[1msavepack[22m | 保存文件：res://.godot/exported/133200997/export-c791df4ff35abd6480f38f4ce9ae5392-minigame_04_seed_rain.res[39m[0m
[  82% ] [90m[1msavepack[22m | 保存文件：res://.godot/exported/133200997/export-114429714e6d629bc71918dce899bafe-minigame_05_column.res[39m[0m
[  82% ] [90m[1msavepack[22m | 保存文件：res://.godot/exported/133200997/export-3465bc1139eaffc8f893b9a7575f7a94-minigame_07_zomboss.res[39m[0m
[  82% ] [90m[1msavepack[22m | 保存文件：res://.godot/exported/133200997/export-fadae91816d6b09905b5e05de46bf9f3-minigame_101_small_gambling.res[39m[0m
[  82% ] [90m[1msavepack[22m | 保存文件：res://.godot/exported/133200997/export-d7f8409dd3ffdf89a3f6a10d6ca8d726-puzzle_pot_01.res[39m[0m
[  82% ] [90m[1msavepack[22m | 保存文件：res://.godot/exported/133200997/export-03d99c6fdd95d3b85cb718e82d94ca4c-puzzle_pot_02.res[39m[0m
[  82% ] [90m[1msavepack[22m | 保存文件：res://.godot/exported/133200997/export-ace19771a90e530f16be8f28fa103f76-puzzle_pot_03.res[39m[0m
[  82% ] [90m[1msavepack[22m | 保存文件：res://.godot/exported/133200997/export-e7f4e068a699980db1361059002cc3cc-puzzle_pot_04.res[39m[0m
[  82% ] [90m[1msavepack[22m | 保存文件：res://.godot/exported/133200997/export-6e57a7aac339e2d65d858baf18aaeae5-puzzle_pot_05.res[39m[0m
[  82% ] [90m[1msavepack[22m | 保存文件：res://.godot/exported/133200997/export-2d74cc3b76ae7825d17dd8be87696c93-puzzle_pot_06.res[39m[0m
[  82% ] [90m[1msavepack[22m | 保存文件：res://.godot/exported/133200997/export-1d2c914fd67fb36f1c00ad61394f8bb7-puzzle_pot_07.res[39m[0m
[  82% ] [90m[1msavepack[22m | 保存文件：res://.godot/exported/133200997/export-009b1dd5d1996a8840b32167714de8ed-puzzle_pot_08.res[39m[0m
[  82% ] [90m[1msavepack[22m | 保存文件：res://.godot/exported/133200997/export-fa26702a1a06e611c0ff8b75e6f80dbc-puzzle_pot_09.res[39m[0m
[  82% ] [90m[1msavepack[22m | 保存文件：res://.godot/exported/133200997/export-a58e14b402f7c1c7381d968b1016b6a4-puzzle_pot_10.res[39m[0m
[  82% ] [90m[1msavepack[22m | 保存文件：res://.godot/exported/133200997/export-8c6bedc18679fcb37470e12c82a16f4c-puzzle_pot_11.res[39m[0m
[  82% ] [90m[1msavepack[22m | 保存文件：res://.godot/exported/133200997/export-528fed08628b9e064eef89093a14a5d5-puzzle_pot_12.res[39m[0m
[  82% ] [90m[1msavepack[22m | 保存文件：res://.godot/exported/133200997/export-d17f49f9f5b9bc6aaee3346f2a4828c1-puzzle_pot_13.res[39m[0m
[  82% ] [90m[1msavepack[22m | 保存文件：res://.godot/exported/133200997/export-d983d8daacf71ff8ff1620113cc3d2eb-puzzle_pot_14.res[39m[0m
[  82% ] [90m[1msavepack[22m | 保存文件：res://.godot/exported/133200997/export-3c7f263e14dcd70fb4462496be613714-puzzle_pot_15.res[39m[0m
[  82% ] [90m[1msavepack[22m | 保存文件：res://.godot/exported/133200997/export-600d1fcc91dcb4e6fda9b4464e051f7e-puzzle_pot_16.res[39m[0m
[  82% ] [90m[1msavepack[22m | 保存文件：res://.godot/exported/133200997/export-3afd51ecc867988cedc6f99ffef42d1f-puzzle_pot_17.res[39m[0m
[  82% ] [90m[1msavepack[22m | 保存文件：res://.godot/exported/133200997/export-a46b482dcc4e72ee03c24af0d2079476-puzzle_pot_18.res[39m[0m
[  82% ] [90m[1msavepack[22m | 保存文件：res://.godot/exported/133200997/export-2db2b50904041a57887fd0dc8a2c2dc4-puzzle_pot_19.res[39m[0m
[  83% ] [90m[1msavepack[22m | 保存文件：res://.godot/exported/133200997/export-cb18fa1d863d8da2b7d20cfc38a48414-puzzle_pot_20.res[39m[0m
[  83% ] [90m[1msavepack[22m | 保存文件：res://.godot/exported/133200997/export-938e37c0e6650f5c385879963b611363-puzzle_zombie_01.res[39m[0m
[  83% ] [90m[1msavepack[22m | 保存文件：res://.godot/exported/133200997/export-57830d4805aaf24d320246c7c773f33a-puzzle_zombie_02.res[39m[0m
[  83% ] [90m[1msavepack[22m | 保存文件：res://.godot/exported/133200997/export-15046a4e739d2e266caaef6def06e134-puzzle_zombie_03.res[39m[0m
[  83% ] [90m[1msavepack[22m | 保存文件：res://.godot/exported/133200997/export-62cf771abb273c8092463b59af2946eb-puzzle_zombie_04.res[39m[0m
[  83% ] [90m[1msavepack[22m | 保存文件：res://.godot/exported/133200997/export-f8327596167dfee6a04e4829b545e4c9-puzzle_zombie_05.res[39m[0m
[  83% ] [90m[1msavepack[22m | 保存文件：res://.godot/exported/133200997/export-b4d1a3ea2b376de04040e31244953adb-puzzle_zombie_06.res[39m[0m
[  83% ] [90m[1msavepack[22m | 保存文件：res://.godot/exported/133200997/export-205aaa8cb650050fb871ee4527ff7197-puzzle_zombie_07.res[39m[0m
[  83% ] [90m[1msavepack[22m | 保存文件：res://.godot/exported/133200997/export-79e10fd66937ff4d73c6c1ce74e5c60e-puzzle_zombie_08.res[39m[0m
[  83% ] [90m[1msavepack[22m | 保存文件：res://.godot/exported/133200997/export-81fcb07cc1ae02404a92e55ce9302d18-puzzle_zombie_09.res[39m[0m
[  83% ] [90m[1msavepack[22m | 保存文件：res://.godot/exported/133200997/export-9b09786452c1dc8903dad4b32e8790b4-puzzle_zombie_10.res[39m[0m
[  83% ] [90m[1msavepack[22m | 保存文件：res://.godot/exported/133200997/export-3f37dfb4a49688ae0b7db90eaf1d0a92-survival_flag_01_day.res[39m[0m
[  83% ] [90m[1msavepack[22m | 保存文件：res://.godot/exported/133200997/export-525f22899cedaf76f1af83bdc8af6337-survival_flag_02_night.res[39m[0m
[  83% ] [90m[1msavepack[22m | 保存文件：res://.godot/exported/133200997/export-c7758bf5abd860175cf8d8f1d226e1bc-survival_flag_03_pool.res[39m[0m
[  83% ] [90m[1msavepack[22m | 保存文件：res://.godot/exported/133200997/export-6587eff6185ff75db700abf3783ed4d4-survival_flag_04_fog.res[39m[0m
[  83% ] [90m[1msavepack[22m | 保存文件：res://.godot/exported/133200997/export-d4e914334e38d19dfb208eeba6c74df6-survival_flag_05_Roof.res[39m[0m
[  83% ] [90m[1msavepack[22m | 保存文件：res://.godot/exported/133200997/export-5f5cc637ff34b03b8f1e686ec4681e38-survival_flag_06_day.res[39m[0m
[  83% ] [90m[1msavepack[22m | 保存文件：res://.godot/exported/133200997/export-cf6d0a5d02579dd3e230c8a976c64064-survival_flag_07_night.res[39m[0m
[  83% ] [90m[1msavepack[22m | 保存文件：res://.godot/exported/133200997/export-5e55e140e065d98e364519f1d9c36da1-survival_flag_08_pool.res[39m[0m
[  83% ] [90m[1msavepack[22m | 保存文件：res://.godot/exported/133200997/export-d8f94242772944ad77f8e277c489577d-survival_flag_09_fog.res[39m[0m
[  83% ] [90m[1msavepack[22m | 保存文件：res://.godot/exported/133200997/export-eaaf8e89ef251255aefc1a61171a3c7f-survival_flag_10_Roof.res[39m[0m
[  83% ] [90m[1msavepack[22m | 保存文件：res://.godot/exported/133200997/export-3184fbbe9f509da2b4c742b193be60dd-survival_flag_11_day.res[39m[0m
[  83% ] [90m[1msavepack[22m | 保存文件：res://.godot/exported/133200997/export-7a4f4d1a387098b1fab38e0d4ffe233d-survival_flag_12_night.res[39m[0m
[  83% ] [90m[1msavepack[22m | 保存文件：res://.godot/exported/133200997/export-4c084145ad3591e6b5be9aa27e64a9f1-survival_flag_13_pool.res[39m[0m
[  83% ] [90m[1msavepack[22m | 保存文件：res://.godot/exported/133200997/export-e839040bb6481afc2aac885d6f1389a3-survival_flag_14_fog.res[39m[0m
[  83% ] [90m[1msavepack[22m | 保存文件：res://.godot/exported/133200997/export-b393548757d2e3f719d0554c4fdc7dac-survival_flag_15_Roof.res[39m[0m
[  83% ] [90m[1msavepack[22m | 保存文件：res://.godot/exported/133200997/export-8e57290f10a688e7090ec584c4bfee7c-almanac_character_show_panel.scn[39m[0m
[  83% ] [90m[1msavepack[22m | 保存文件：res://.godot/exported/133200997/export-7141b7239aed4af0d96addf412a030b9-almanac_zombie_card.scn[39m[0m
[  83% ] [90m[1msavepack[22m | 保存文件：res://.godot/exported/133200997/export-d9d557733c2135b8591bca2565c15d6d-all_cards.scn[39m[0m
[  83% ] [90m[1msavepack[22m | 保存文件：res://.godot/exported/133200997/export-af64173390dfb6135aac2e7d418fc431-sound_manager.scn[39m[0m
[  83% ] [90m[1msavepack[22m | 保存文件：res://.godot/exported/133200997/export-dcd5f032547b0363645c50da6e2c44c1-bullet_000_base.scn[39m[0m
[  83% ] [90m[1msavepack[22m | 保存文件：res://.godot/exported/133200997/export-d18b43099dcbf7dc5865df2ed8b93ba5-bullet_000_linear_base.scn[39m[0m
[  83% ] [90m[1msavepack[22m | 保存文件：res://.godot/exported/133200997/export-28b171101d3215107eae6d83104a857e-bullet_000_parabola_base.scn[39m[0m
[  83% ] [90m[1msavepack[22m | 保存文件：res://.godot/exported/133200997/export-e36e9a94a0559d671769d789a9af6349-bullet_000_track_base.scn[39m[0m
[  83% ] [90m[1msavepack[22m | 保存文件：res://.godot/exported/133200997/export-1a0048e36f4509bd008e9c120fa410d1-bullet_001_pea.scn[39m[0m
[  83% ] [90m[1msavepack[22m | 保存文件：res://.godot/exported/133200997/export-d36800b8191ca16e3bbb27aaf37bec4e-bullet_002_pea_snow.scn[39m[0m
[  83% ] [90m[1msavepack[22m | 保存文件：res://.godot/exported/133200997/export-74d48a05be238134e3a455bae94b2d9f-bullet_003_puff.scn[39m[0m
[  83% ] [90m[1msavepack[22m | 保存文件：res://.godot/exported/133200997/export-dc0633583223ef94dd814b771f6f0504-bullet_004_fume.scn[39m[0m
[  84% ] [90m[1msavepack[22m | 保存文件：res://.godot/exported/133200997/export-175323127391d6874b2c02c78789e801-bullet_005_puff_long_time.scn[39m[0m
[  84% ] [90m[1msavepack[22m | 保存文件：res://.godot/exported/133200997/export-d6f02810f2bdc83eee9a929bf5997796-bullet_006_pea_fire.scn[39m[0m
[  84% ] [90m[1msavepack[22m | 保存文件：res://.godot/exported/133200997/export-89f21cc93a57734739fe3913c64d0ea6-bullet_007_cactus.scn[39m[0m
[  84% ] [90m[1msavepack[22m | 保存文件：res://.godot/exported/133200997/export-42adddf0c4d2d95748bc883222c356e4-bullet_008_star.scn[39m[0m
[  84% ] [90m[1msavepack[22m | 保存文件：res://.godot/exported/133200997/export-c5125d0d07a07875ae33805a07a566de-bullet_009_cabbage.scn[39m[0m
[  84% ] [90m[1msavepack[22m | 保存文件：res://.godot/exported/133200997/export-bfb2a897d66853b765e727b7ef08910c-bullet_010_corn.scn[39m[0m
[  84% ] [90m[1msavepack[22m | 保存文件：res://.godot/exported/133200997/export-2f716391c36d83c538be3d3e8430d53b-bullet_011_butter.scn[39m[0m
[  84% ] [90m[1msavepack[22m | 保存文件：res://.godot/exported/133200997/export-8783b6bab00ba13fb98946ee3912716f-bullet_012_melon.scn[39m[0m
[  84% ] [90m[1msavepack[22m | 保存文件：res://.godot/exported/133200997/export-3b896156bc5be940cab4809a2f6f9b85-bullet_013_basketball.scn[39m[0m
[  84% ] [90m[1msavepack[22m | 保存文件：res://.godot/exported/133200997/export-aa1a0b3448c574c0afc4c2430b8efe3e-bullet_014_cattail_bullet.scn[39m[0m
[  84% ] [90m[1msavepack[22m | 保存文件：res://.godot/exported/133200997/export-acccb3cfe44134280531af3cec218a51-bullet_015_winter_melon.scn[39m[0m
[  84% ] [90m[1msavepack[22m | 保存文件：res://.godot/exported/133200997/export-f94c4e9557eb1e80e1a0e727912fa8fc-bullet_016_cob_cannon.scn[39m[0m
[  84% ] [90m[1msavepack[22m | 保存文件：res://.godot/exported/133200997/export-fa90dbd2bb9505b28a289f04f06f9b62-bullet_1001_bowling.scn[39m[0m
[  84% ] [90m[1msavepack[22m | 保存文件：res://.godot/exported/133200997/export-2f90cc1b0e583fcc133fea80d5cb602c-bullet_1002_bowling_bomb.scn[39m[0m
[  84% ] [90m[1msavepack[22m | 保存文件：res://.godot/exported/133200997/export-bdbb358ec1c2ea3221049498b4cd5758-bullet_1003_bowling_big.scn[39m[0m
[  84% ] [90m[1msavepack[22m | 保存文件：res://.godot/exported/133200997/export-ea67f200eb4976f3f52ef4219287e511-card_random_pool.scn[39m[0m
[  84% ] [90m[1msavepack[22m | 保存文件：res://.godot/exported/133200997/export-1a435cfb3a95159356102108c27f91d6-card_slot_coin.scn[39m[0m
[  84% ] [90m[1msavepack[22m | 保存文件：res://.godot/exported/133200997/export-bdcacdc02ed843f87f5e8fef7c53dbf7-card_slot_conveyor_belt.scn[39m[0m
[  84% ] [90m[1msavepack[22m | 保存文件：res://.godot/exported/133200997/export-421504c2d7ed00f61e0fdff89b17c205-card_slot_norm.scn[39m[0m
[  84% ] [90m[1msavepack[22m | 保存文件：res://.godot/exported/133200997/export-4fa26d24d7006238c26d66d9f2ea245d-card_slot_seed_rain.scn[39m[0m
[  84% ] [90m[1msavepack[22m | 保存文件：res://.godot/exported/133200997/export-8068c250e530d10f98e5a4a90da1be46-jackson_manager.scn[39m[0m
[  84% ] [90m[1msavepack[22m | 保存文件：res://.godot/exported/133200997/export-b4fc19e22ed719a866ce3216b03c7485-zombie_death_bomb.scn[39m[0m
[  84% ] [90m[1msavepack[22m | 保存文件：res://.godot/exported/133200997/export-023060f56f97fcbc0067e55028ed428c-dirt_rise_effect.scn[39m[0m
[  84% ] [90m[1msavepack[22m | 保存文件：res://.godot/exported/133200997/export-d28e25ea952b37177fc79f661dff22d3-plant_000_base.scn[39m[0m
[  84% ] [90m[1msavepack[22m | 保存文件：res://.godot/exported/133200997/export-c1da301e98915c69a499b00fae10d6b3-plant_000_down_base.scn[39m[0m
[  84% ] [90m[1msavepack[22m | 保存文件：res://.godot/exported/133200997/export-0c37b9f168841b5b8a4d48c4f989497a-plant_001_pea_shooter_single.scn[39m[0m
[  84% ] [90m[1msavepack[22m | 保存文件：res://.godot/exported/133200997/export-800331e0e0d54d05cbafe9e93d502591-plant_002_sun_flower.scn[39m[0m
[  84% ] [90m[1msavepack[22m | 保存文件：res://.godot/exported/133200997/export-203c6093496aaae5835068f7e8d382af-plant_003_cherry_bomb.scn[39m[0m
[  84% ] [90m[1msavepack[22m | 保存文件：res://.godot/exported/133200997/export-b765efe2242e070d16ecc577f06823b5-plant_004_wall_nut.scn[39m[0m
[  84% ] [90m[1msavepack[22m | 保存文件：res://.godot/exported/133200997/export-541b918eab7ad39d01ca11399b2ea363-plant_005_potato_mine.scn[39m[0m
[  84% ] [90m[1msavepack[22m | 保存文件：res://.godot/exported/133200997/export-ee198692c00e3f043cfdffa019ec1549-plant_006_snow_pea.scn[39m[0m
[  84% ] [90m[1msavepack[22m | 保存文件：res://.godot/exported/133200997/export-6fd7bcf8d76005a824f549a941640486-plant_007_chomper.scn[39m[0m
[  84% ] [90m[1msavepack[22m | 保存文件：res://.godot/exported/133200997/export-8d62dc6dfeac8e60f205591ef8e4b154-plant_008_pea_shooter_double.scn[39m[0m
[  84% ] [90m[1msavepack[22m | 保存文件：res://.godot/exported/133200997/export-7a0da7de73db4a15b25c659178b40a96-plant_009_puff.scn[39m[0m
[  84% ] [90m[1msavepack[22m | 保存文件：res://.godot/exported/133200997/export-87f7614d216ca46f41602291d7c600f5-plant_010_sun_shroom.scn[39m[0m
[  84% ] [90m[1msavepack[22m | 保存文件：res://.godot/exported/133200997/export-f9c1b8d58b72885d7e88fbaa13dc50f6-plant_011_fume_shroom.scn[39m[0m
[  84% ] [90m[1msavepack[22m | 保存文件：res://.godot/exported/133200997/export-646c652954405b89132c2f5c916b645d-plant_012_grave_buster.scn[39m[0m
[  85% ] [90m[1msavepack[22m | 保存文件：res://.godot/exported/133200997/export-c744be925a1689b43ebfb822c771f6ec-plant_013_hypno_shroom.scn[39m[0m
[  85% ] [90m[1msavepack[22m | 保存文件：res://.godot/exported/133200997/export-9acf4fd8f24c37a73307cdbc310c55a7-plant_014_scaredy_shroom.scn[39m[0m
[  85% ] [90m[1msavepack[22m | 保存文件：res://.godot/exported/133200997/export-164902f98610a5bd70fd324ef38ea863-plant_015_ice_shroom.scn[39m[0m
[  85% ] [90m[1msavepack[22m | 保存文件：res://.godot/exported/133200997/export-ac8608684f2a8fdb6c35587cd2ba20ee-plant_016_doom_shroom.scn[39m[0m
[  85% ] [90m[1msavepack[22m | 保存文件：res://.godot/exported/133200997/export-e204059f46fe1413132e7d771b7962cf-plant_017_lily_pad.scn[39m[0m
[  85% ] [90m[1msavepack[22m | 保存文件：res://.godot/exported/133200997/export-1d5ec1131f80a7281378a8e610b2dcc8-plant_018_squash.scn[39m[0m
[  85% ] [90m[1msavepack[22m | 保存文件：res://.godot/exported/133200997/export-814b52c7e9e87a75320aed9bb2fd3ad2-plant_019_three_peater.scn[39m[0m
[  85% ] [90m[1msavepack[22m | 保存文件：res://.godot/exported/133200997/export-20bb65fa82bff936e1f7a6d00424cc87-plant_020_tanglekelp.scn[39m[0m
[  85% ] [90m[1msavepack[22m | 保存文件：res://.godot/exported/133200997/export-70426fffdd0cd6c30244a56d27c5dbb8-plant_021_jalapeno.scn[39m[0m
[  85% ] [90m[1msavepack[22m | 保存文件：res://.godot/exported/133200997/export-f7c3c14e868d26b59c6bf1db4aa42966-plant_022_caltrop.scn[39m[0m
[  85% ] [90m[1msavepack[22m | 保存文件：res://.godot/exported/133200997/export-1197413e4e1070699b9959c8d06f7464-plant_023_torch_wood.scn[39m[0m
[  85% ] [90m[1msavepack[22m | 保存文件：res://.godot/exported/133200997/export-cb39ecf73045e9b8517d174c4fdf7fdc-plant_024_tall_nut.scn[39m[0m
[  85% ] [90m[1msavepack[22m | 保存文件：res://.godot/exported/133200997/export-9277a406c33449f6f9cb17f6b551f85c-plant_025_sea_shroom.scn[39m[0m
[  85% ] [90m[1msavepack[22m | 保存文件：res://.godot/exported/133200997/export-69c6fdb65c8c3a0388cdf3ddc1ffc5d6-plant_026_plantern.scn[39m[0m
[  85% ] [90m[1msavepack[22m | 保存文件：res://.godot/exported/133200997/export-dbb778f74d4a078f55f50ae0304f6a6a-plant_027_cactus.scn[39m[0m
[  85% ] [90m[1msavepack[22m | 保存文件：res://.godot/exported/133200997/export-a4b676b6e35474f60db61666539262ad-plant_028_blover.scn[39m[0m
[  85% ] [90m[1msavepack[22m | 保存文件：res://.godot/exported/133200997/export-4d26b3ecc61145844aa3db9d6d50330c-plant_029_split_pea.scn[39m[0m
[  85% ] [90m[1msavepack[22m | 保存文件：res://.godot/exported/133200997/export-57224125511999850c71f9887402a38a-plant_030_star_fruit.scn[39m[0m
[  85% ] [90m[1msavepack[22m | 保存文件：res://.godot/exported/133200997/export-0752d39fc1ce37497988ecebd66bec41-plant_031_pumpkin.scn[39m[0m
[  85% ] [90m[1msavepack[22m | 保存文件：res://.godot/exported/133200997/export-11ae385ebf8e590e57b521f45e3582cf-plant_032_magnet_shroom.scn[39m[0m
[  85% ] [90m[1msavepack[22m | 保存文件：res://.godot/exported/133200997/export-6b2ffd506a22823c8964c6876eaf2345-plant_033_cabbage_pult.scn[39m[0m
[  85% ] [90m[1msavepack[22m | 保存文件：res://.godot/exported/133200997/export-7c8419a9d7159075afbf016f6bf25563-plant_034_flower_pot.scn[39m[0m
[  85% ] [90m[1msavepack[22m | 保存文件：res://.godot/exported/133200997/export-3f7bf19b05267eaf13189f96a47b5839-plant_035_corn_pult.scn[39m[0m
[  85% ] [90m[1msavepack[22m | 保存文件：res://.godot/exported/133200997/export-f2e0c16d071fc8754a5a846b9b42387c-plant_036_coffee_bean.scn[39m[0m
[  85% ] [90m[1msavepack[22m | 保存文件：res://.godot/exported/133200997/export-1c474cbac464f1bd56e1289ea58f25f5-plant_037_garlic.scn[39m[0m
[  85% ] [90m[1msavepack[22m | 保存文件：res://.godot/exported/133200997/export-582ce242895a419d64b27c78d779bf41-plant_038_umbrella_leaf.scn[39m[0m
[  85% ] [90m[1msavepack[22m | 保存文件：res://.godot/exported/133200997/export-2c502298ae10146b3f9caa32c79bc709-plant_039_mari_gold.scn[39m[0m
[  85% ] [90m[1msavepack[22m | 保存文件：res://.godot/exported/133200997/export-17ee2e43c28f7b81e3dbf1cbce7605fc-plant_040_melon_pult.scn[39m[0m
[  85% ] [90m[1msavepack[22m | 保存文件：res://.godot/exported/133200997/export-285c6070036e176f2384e461565e8031-plant_041_gatling_pea.scn[39m[0m
[  85% ] [90m[1msavepack[22m | 保存文件：res://.godot/exported/133200997/export-50e0af0f2ed629312431b2f556b2a043-plant_042_twin_sun_flower.scn[39m[0m
[  85% ] [90m[1msavepack[22m | 保存文件：res://.godot/exported/133200997/export-4ea00ade886aa7a2d95a742de7dace97-plant_043_gloom_shroom.scn[39m[0m
[  85% ] [90m[1msavepack[22m | 保存文件：res://.godot/exported/133200997/export-b51d5f6eb6c9fc4b207c14a2a61c49b2-plant_044_cattail.scn[39m[0m
[  85% ] [90m[1msavepack[22m | 保存文件：res://.godot/exported/133200997/export-d99ff27df87380433d233f17b75b5658-plant_045_winter_melon.scn[39m[0m
[  85% ] [90m[1msavepack[22m | 保存文件：res://.godot/exported/133200997/export-b775d16d3164627f2fc63f469f89c243-plant_046_gold_magnet.scn[39m[0m
[  85% ] [90m[1msavepack[22m | 保存文件：res://.godot/exported/133200997/export-9a90658ef3eb13002069c3fd1809b7b3-plant_047_spike_rock.scn[39m[0m
[  85% ] [90m[1msavepack[22m | 保存文件：res://.godot/exported/133200997/export-a9bb00fb9fd66509a73361bad8183f0a-plant_048_cob_cannon.scn[39m[0m
[  85% ] [90m[1msavepack[22m | 保存文件：res://.godot/exported/133200997/export-98f0b49aa855cb5818299b1f6f0a6bd9-plant_049_pea_shooter_double_reverse.scn[39m[0m
[  85% ] [90m[1msavepack[22m | 保存文件：res://.godot/exported/133200997/export-9bae2fe1828e80f7bf176e61e749085f-plant_050_custom_plant.scn[39m[0m
[  86% ] [90m[1msavepack[22m | 保存文件：res://.godot/exported/133200997/export-0e6409a5b9145868ba1af8d42ccc9d7e-plant_999_imitater.scn[39m[0m
[  86% ] [90m[1msavepack[22m | 保存文件：res://.godot/exported/133200997/export-048050f9393821a8729a81fa0cb4179b-plant_1000_sprout.scn[39m[0m
[  86% ] [90m[1msavepack[22m | 保存文件：res://.godot/exported/133200997/export-3a2fa2136054fa9b4101bc51ad682624-plant_1001_wall_nut_bowling.scn[39m[0m
[  86% ] [90m[1msavepack[22m | 保存文件：res://.godot/exported/133200997/export-af9f0c64c89253bc649611bb46db8ef9-plant_1002_wall_nut_bowling.scn[39m[0m
[  86% ] [90m[1msavepack[22m | 保存文件：res://.godot/exported/133200997/export-b1508543004a2d6c82e9bb5a79e693f9-plant_1003_wall_nut_bowling.scn[39m[0m
[  86% ] [90m[1msavepack[22m | 保存文件：res://.godot/exported/133200997/export-13d7380664a8d11950e55d232967d4f2-zombie_000_base.scn[39m[0m
[  86% ] [90m[1msavepack[22m | 保存文件：res://.godot/exported/133200997/export-1ee2408c339f85a51fc195aa9662a87d-zombie_001_norm.scn[39m[0m
[  86% ] [90m[1msavepack[22m | 保存文件：res://.godot/exported/133200997/export-8b0ca368e9398cee1769ab21c10a893f-zombie_002_flag.scn[39m[0m
[  86% ] [90m[1msavepack[22m | 保存文件：res://.godot/exported/133200997/export-9be6be584eee6c5b87de18097190c065-zombie_003_cone.scn[39m[0m
[  86% ] [90m[1msavepack[22m | 保存文件：res://.godot/exported/133200997/export-8141ba51c51bbe080d9bda836bf99723-zombie_004_pole_vaulter.scn[39m[0m
[  86% ] [90m[1msavepack[22m | 保存文件：res://.godot/exported/133200997/export-9b34fdb1aa634c3a65162839642dbddd-zombie_005_bucket.scn[39m[0m
[  86% ] [90m[1msavepack[22m | 保存文件：res://.godot/exported/133200997/export-0e8386a791250e73649b6239103094b1-zombie_006_paper.scn[39m[0m
[  86% ] [90m[1msavepack[22m | 保存文件：res://.godot/exported/133200997/export-9efe220b319905f5b70a532d27f68bee-zombie_007_screendoor.scn[39m[0m
[  86% ] [90m[1msavepack[22m | 保存文件：res://.godot/exported/133200997/export-b883f3fbd69aa3d33e8f4b2ded9f9b2b-zombie_008_football.scn[39m[0m
[  86% ] [90m[1msavepack[22m | 保存文件：res://.godot/exported/133200997/export-3d6ae2f7db99801cb5c480b120150be6-zombie_009_jackson.scn[39m[0m
[  86% ] [90m[1msavepack[22m | 保存文件：res://.godot/exported/133200997/export-63ea21129b074f7270e7bed2eca7f361-zombie_010_dancer.scn[39m[0m
[  86% ] [90m[1msavepack[22m | 保存文件：res://.godot/exported/133200997/export-0915b8f0ea624c9de446f647cf554aa8-zombie_011_duckytube.scn[39m[0m
[  86% ] [90m[1msavepack[22m | 保存文件：res://.godot/exported/133200997/export-ea5ad42af5f1afde1804424107ff201b-zombie_012_snorkle.scn[39m[0m
[  86% ] [90m[1msavepack[22m | 保存文件：res://.godot/exported/133200997/export-582b7770f347b3c488567d3247052cf2-zombie_013_zamboni.scn[39m[0m
[  86% ] [90m[1msavepack[22m | 保存文件：res://.godot/exported/133200997/export-8e17dcda76520ee4b33455d054284297-zombie_014_bobsled.scn[39m[0m
[  86% ] [90m[1msavepack[22m | 保存文件：res://.godot/exported/133200997/export-9961a065668b81911ce28a56bebf9bb7-zombie_015_dolphinrider.scn[39m[0m
[  86% ] [90m[1msavepack[22m | 保存文件：res://.godot/exported/133200997/export-e489784fc1bb72dd09af637cba880dbf-zombie_016_jackbox.scn[39m[0m
[  86% ] [90m[1msavepack[22m | 保存文件：res://.godot/exported/133200997/export-b1642dd676a38c13be8e1e8c135022a3-zombie_017_balloon.scn[39m[0m
[  86% ] [90m[1msavepack[22m | 保存文件：res://.godot/exported/133200997/export-4ac7b4ef85c55c5d392615db0b667e8a-zombie_018_digger.scn[39m[0m
[  86% ] [90m[1msavepack[22m | 保存文件：res://.godot/exported/133200997/export-ae3893b497470d8411f2ce7d0213a540-zombie_019_pogo.scn[39m[0m
[  86% ] [90m[1msavepack[22m | 保存文件：res://.godot/exported/133200997/export-b01f4a754705e22e80012d0883c9a63c-zombie_020_yeti.scn[39m[0m
[  86% ] [90m[1msavepack[22m | 保存文件：res://.godot/exported/133200997/export-fd052942ae34f0dd7d5f5fff70e52f77-zombie_021_bungi.scn[39m[0m
[  86% ] [90m[1msavepack[22m | 保存文件：res://.godot/exported/133200997/export-6689c64d68c2eb439d93f6feef1adbc4-zombie_022_ladder.scn[39m[0m
[  86% ] [90m[1msavepack[22m | 保存文件：res://.godot/exported/133200997/export-0dd36a63b60e2e2efad94ce03de54e55-zombie_023_catapult.scn[39m[0m
[  86% ] [90m[1msavepack[22m | 保存文件：res://.godot/exported/133200997/export-a95c106585b4cda7c17b90a2f708f9e1-zombie_024_gargantuar.scn[39m[0m
[  86% ] [90m[1msavepack[22m | 保存文件：res://.godot/exported/133200997/export-a206ede0750d5dae7a1c82a81a4b8591-zombie_025_imp.scn[39m[0m
[  86% ] [90m[1msavepack[22m | 保存文件：res://.godot/exported/133200997/export-253eecd5109db09045ac81b2786195d2-zombie_1001_bobsled_signle.scn[39m[0m
[  86% ] [90m[1msavepack[22m | 保存文件：res://.godot/exported/133200997/export-2c67214f03009fd7a323ac9470c3b45e-Zombie_boss.scn[39m[0m
[  86% ] [90m[1msavepack[22m | 保存文件：res://.godot/imported/Zombie_boss_neck.png-fc968b77f7fa68e5070b9c332d351d86.ctex[39m[0m
[  86% ] [90m[1msavepack[22m | 保存文件：res://scenes/character/zombie/Zombie_boss_neck.png.import[39m[0m
[  86% ] [90m[1msavepack[22m | 保存文件：res://.godot/exported/133200997/export-8a00956d57018526393a4e3e796b0696-character_000_base.scn[39m[0m
[  86% ] [90m[1msavepack[22m | 保存文件：res://.godot/exported/133200997/export-468c37ae8800417cdabdffb47f913f39-choose_level_button.scn[39m[0m
[  86% ] [90m[1msavepack[22m | 保存文件：res://.godot/exported/133200997/export-5a4ffaaef34b94496f55806335c62e14-choose_level_button_customize.scn[39m[0m
[  86% ] [90m[1msavepack[22m | 保存文件：res://.godot/exported/133200997/export-c283ff81ff3b42f1f605b44862657e89-crazy_dave.scn[39m[0m
[  87% ] [90m[1msavepack[22m | 保存文件：res://.godot/exported/133200997/export-b0390109a0ecebb9f8f53c6426e0ba8a-butter_splat.scn[39m[0m
[  87% ] [90m[1msavepack[22m | 保存文件：res://.godot/exported/133200997/export-6a8a1b046b3fb2d1c9775746ce701d49-doom_shroom_crater.scn[39m[0m
[  87% ] [90m[1msavepack[22m | 保存文件：res://.godot/exported/133200997/export-209258d6f013afebb6ff8b9c070a5943-fire.scn[39m[0m
[  87% ] [90m[1msavepack[22m | 保存文件：res://.godot/exported/133200997/export-bb6048e0e379022ff5a9010345bcc411-ice_effect.scn[39m[0m
[  87% ] [90m[1msavepack[22m | 保存文件：res://.godot/exported/133200997/export-207d564f3464c85745c724e12e6e4e29-01_wateringcan.scn[39m[0m
[  87% ] [90m[1msavepack[22m | 保存文件：res://.godot/exported/133200997/export-1d55f93ece60d9503f450cdc385eb8d3-02_fertilizer.scn[39m[0m
[  87% ] [90m[1msavepack[22m | 保存文件：res://.godot/exported/133200997/export-236305dd24bc69080a87802ed9022c2b-03_bugspray.scn[39m[0m
[  87% ] [90m[1msavepack[22m | 保存文件：res://.godot/exported/133200997/export-0cdf3016802a61f349c1b62f36d1b98d-04_phonograph.scn[39m[0m
[  87% ] [90m[1msavepack[22m | 保存文件：res://.godot/exported/133200997/export-96f5ee6e3825d4a921fd6848671d648a-05_chocolate.scn[39m[0m
[  87% ] [90m[1msavepack[22m | 保存文件：res://.godot/exported/133200997/export-7317999ee0668a3bc2332824f5233c09-06_glove.scn[39m[0m
[  87% ] [90m[1msavepack[22m | 保存文件：res://.godot/exported/133200997/export-1dd26fb2c1d338cc9163cea8234a66d8-07_money_sign.scn[39m[0m
[  87% ] [90m[1msavepack[22m | 保存文件：res://.godot/exported/133200997/export-5c8603c30ae6e24a22a791621d87d843-08_wheel_barrow.scn[39m[0m
[  87% ] [90m[1msavepack[22m | 保存文件：res://.godot/exported/133200997/export-8fcf122e148ed4a63a619fe0b460f6fa-bg_00_greenhouse.scn[39m[0m
[  87% ] [90m[1msavepack[22m | 保存文件：res://.godot/exported/133200997/export-a786cb63288faca3e3ff8c04a8b2f96b-bg_01_mushroom_garden.scn[39m[0m
[  87% ] [90m[1msavepack[22m | 保存文件：res://.godot/exported/133200997/export-269a9d1df00b2a3721eb30d2dbae6eb3-bg_02_aquarium.scn[39m[0m
[  87% ] [90m[1msavepack[22m | 保存文件：res://.godot/exported/133200997/export-e8c0046e08eb1b814087c1932cb7187d-garden_flower_pot.scn[39m[0m
[  87% ] [90m[1msavepack[22m | 保存文件：res://.godot/exported/133200997/export-a15a0b660d957472eaa6e3ceed6f8dd8-garden_speech_bubble.scn[39m[0m
[  87% ] [90m[1msavepack[22m | 保存文件：res://.godot/exported/133200997/export-3b20d5f0204772de07fbc4e802a402a1-plant_cell_garden.scn[39m[0m
[  87% ] [90m[1msavepack[22m | 保存文件：res://.godot/exported/133200997/export-4b89db2a76bf0b7e7c94ac59ceabef78-plant_cell_garden_aquarium.scn[39m[0m
[  87% ] [90m[1msavepack[22m | 保存文件：res://.godot/exported/133200997/export-690c360206a092b54cc1797ec4558e82-Stinky.scn[39m[0m
[  87% ] [90m[1msavepack[22m | 保存文件：res://.godot/exported/133200997/export-e73a4e8a5c2e74018644a3872cd8231f-TreeFood.scn[39m[0m
[  87% ] [90m[1msavepack[22m | 保存文件：res://.godot/exported/133200997/export-83910f20e1cf551203d9dcfc1ef5ff4e-TreeOfWisdomClouds.scn[39m[0m
[  87% ] [90m[1msavepack[22m | 保存文件：res://.godot/exported/133200997/export-baf3e9994fbcd53795cf9b48eb36980c-coin_diamond.scn[39m[0m
[  87% ] [90m[1msavepack[22m | 保存文件：res://.godot/exported/133200997/export-382272d64eca6e726d7b58c1a68a274a-coin_gold.scn[39m[0m
[  87% ] [90m[1msavepack[22m | 保存文件：res://.godot/exported/133200997/export-da3bdf6152bb62b6cb30108b52b288db-coin_silver.scn[39m[0m
[  87% ] [90m[1msavepack[22m | 保存文件：res://.godot/exported/133200997/export-a6253561d8297b3e43df5cfe7aa23159-present.scn[39m[0m
[  87% ] [90m[1msavepack[22m | 保存文件：res://.godot/exported/133200997/export-fa2ec14e88d59f33162f5fc69d707af4-lawn_mower.scn[39m[0m
[  87% ] [90m[1msavepack[22m | 保存文件：res://.godot/exported/133200997/export-1216bc5cffb7bc4b7b9b0868ae5565ff-pool_cleaner.scn[39m[0m
[  87% ] [90m[1msavepack[22m | 保存文件：res://.godot/exported/133200997/export-0c07b9e2acb9a630c7ce7bf27be2e27a-roof_cleaner.scn[39m[0m
[  87% ] [90m[1msavepack[22m | 保存文件：res://.godot/exported/133200997/export-dc10ddc24c84efcb7cbaa11cb9277632-hammer.scn[39m[0m
[  87% ] [90m[1msavepack[22m | 保存文件：res://.godot/exported/133200997/export-b2e5ac03d5060030ad679c695dc5e22d-wallnut_bowling_stripe.scn[39m[0m
[  87% ] [90m[1msavepack[22m | 保存文件：res://.godot/exported/133200997/export-5375e31c878657714ce74747b1266dca-plant_start_effect.scn[39m[0m
[  87% ] [90m[1msavepack[22m | 保存文件：res://.godot/exported/133200997/export-7346a86aea778788c0ec10c9ed078c09-plant_start_effect_water.scn[39m[0m
[  87% ] [90m[1msavepack[22m | 保存文件：res://.godot/exported/133200997/export-049e9595533b01e6b20d97c10b416c38-ice_road.scn[39m[0m
[  87% ] [90m[1msavepack[22m | 保存文件：res://.godot/exported/133200997/export-9042cbfa45d364e51b625137f7cc8eaf-ladder.scn[39m[0m
[  87% ] [90m[1msavepack[22m | 保存文件：res://.godot/exported/133200997/export-27427bad65a1f878f78bed774961c7eb-scary_pot.scn[39m[0m
[  87% ] [90m[1msavepack[22m | 保存文件：res://.godot/exported/133200997/export-df6f07fb3edc10ff08e25367d5b05e34-splash.scn[39m[0m
[  87% ] [90m[1msavepack[22m | 保存文件：res://.godot/exported/133200997/export-6596fbbdb85f488e0ec3fd392a7f9aa1-sun.scn[39m[0m
[  88% ] [90m[1msavepack[22m | 保存文件：res://.godot/exported/133200997/export-9e02c4e7fbd96bc091c5af9f3ad420cb-tombstone.scn[39m[0m
[  88% ] [90m[1msavepack[22m | 保存文件：res://.godot/exported/133200997/export-90d52de110318f4b0e54933fd0bacaa5-trophy.scn[39m[0m
[  88% ] [90m[1msavepack[22m | 保存文件：res://.godot/exported/133200997/export-dfdb00a01ee476e66497224b40903be0-brain_on_zombie_mode.scn[39m[0m
[  88% ] [90m[1msavepack[22m | 保存文件：res://.godot/exported/133200997/export-8dff89ed3eb6998f339192993bda46ba-coin_bank_label.scn[39m[0m
[  88% ] [90m[1msavepack[22m | 保存文件：res://.godot/exported/133200997/export-86b3454488755b8488e8132c7e00debc-01StartMenu.scn[39m[0m
[  88% ] [90m[1msavepack[22m | 保存文件：res://.godot/exported/133200997/export-a5ea41ea8d9792600fafb6198d609cf5-02AdventureChooesLevel.scn[39m[0m
[  88% ] [90m[1msavepack[22m | 保存文件：res://.godot/exported/133200997/export-c3443731f564b7b5c3f2de5b03a6c174-03MiniGameChooesLevel.scn[39m[0m
[  88% ] [90m[1msavepack[22m | 保存文件：res://.godot/exported/133200997/export-875b048c9fcea8600c05cca247a05734-04PuzzleChooesLevel.scn[39m[0m
[  88% ] [90m[1msavepack[22m | 保存文件：res://.godot/exported/133200997/export-0c753f81ec12a2777fca2b1f9062af55-05SurvivalChooesLevel.scn[39m[0m
[  88% ] [90m[1msavepack[22m | 保存文件：res://.godot/exported/133200997/export-89e1af8cd88b317bc29cd7917a88cade-06CustomChooesLevel.scn[39m[0m
[  88% ] [90m[1msavepack[22m | 保存文件：res://.godot/exported/133200997/export-ef4d0d7e3962887a9b7ad91d2fde4bd9-10Garden.scn[39m[0m
[  88% ] [90m[1msavepack[22m | 保存文件：res://.godot/exported/133200997/export-cdd3af8721d02b083fed86d5d6b3e2b1-11Almanac.scn[39m[0m
[  88% ] [90m[1msavepack[22m | 保存文件：res://.godot/exported/133200997/export-ac38ccf97cb04de28e4399b3f787eb6d-12Store.scn[39m[0m
[  88% ] [90m[1msavepack[22m | 保存文件：res://.godot/exported/133200997/export-9deedaa60ef0f7cca84357be55ea6117-control_canvas_layer.scn[39m[0m
[  88% ] [90m[1msavepack[22m | 保存文件：res://.godot/exported/133200997/export-27e4efc1e4fa3094b87ecd3de7bfe9d0-MainGame00Base.scn[39m[0m
[  88% ] [90m[1msavepack[22m | 保存文件：res://.godot/exported/133200997/export-a4aa557e8b3663e585bd4ae7df3ae1a8-MainGame01Front.scn[39m[0m
[  88% ] [90m[1msavepack[22m | 保存文件：res://.godot/exported/133200997/export-81b3cef55867389cfb45bad40063bb44-MainGame02Back.scn[39m[0m
[  88% ] [90m[1msavepack[22m | 保存文件：res://.godot/exported/133200997/export-be2098e714e8ae4776ab8fc6fa7313b1-MainGame03Roof.scn[39m[0m
[  88% ] [90m[1msavepack[22m | 保存文件：res://.godot/exported/133200997/export-543d5cacdec5ff264049103592a177f8-fog.scn[39m[0m
[  88% ] [90m[1msavepack[22m | 保存文件：res://.godot/exported/133200997/export-55f3630b459ced54e2f72df22fa414a8-pool.scn[39m[0m
[  88% ] [90m[1msavepack[22m | 保存文件：res://.godot/exported/133200997/export-4d4ea3bb0255486a4008b69afa8fe21a-rain.scn[39m[0m
[  88% ] [90m[1msavepack[22m | 保存文件：res://.godot/exported/133200997/export-c1c15dffeb35edae05a30328a94366c4-slope.scn[39m[0m
[  88% ] [90m[1msavepack[22m | 保存文件：res://.godot/exported/133200997/export-83e14cfb9afc620fb86f462af800d453-zomboss_ball.scn[39m[0m
[  88% ] [90m[1msavepack[22m | 保存文件：res://.godot/exported/133200997/export-67c7f7ac6934c1b271796a0e1571628d-day_suns_manager.scn[39m[0m
[  88% ] [90m[1msavepack[22m | 保存文件：res://.godot/exported/133200997/export-a27137b701a3e8e4648d8e58c2c2e47a-one_user_button.scn[39m[0m
[  88% ] [90m[1msavepack[22m | 保存文件：res://.godot/exported/133200997/export-9bab33a832b5fb790644e01c7267f357-goods.scn[39m[0m
[  88% ] [90m[1msavepack[22m | 保存文件：res://scenes/test/test.gdc[39m[0m
[  88% ] [90m[1msavepack[22m | 保存文件：res://.godot/exported/133200997/export-1bb936f473e0d9fae3e23ee510e37948-test.scn[39m[0m
[  88% ] [90m[1msavepack[22m | 保存文件：res://.godot/exported/133200997/export-50f3df4f9d13582ddb663c74e107164c-card.scn[39m[0m
[  88% ] [90m[1msavepack[22m | 保存文件：res://.godot/exported/133200997/export-5fefc0dc1a1e7b184869aa1a3f3926bb-card_base.scn[39m[0m
[  88% ] [90m[1msavepack[22m | 保存文件：res://.godot/exported/133200997/export-d0bf619e0faaef9f07a02f83dcc4fcd1-card_candidate_container.scn[39m[0m
[  88% ] [90m[1msavepack[22m | 保存文件：res://.godot/exported/133200997/export-6d1a0df293540b4211d77949ea3413bb-dialog.scn[39m[0m
[  88% ] [90m[1msavepack[22m | 保存文件：res://.godot/exported/133200997/export-4be1825038e0789f542f81917ecfcea4-dialog_confirm.scn[39m[0m
[  88% ] [90m[1msavepack[22m | 保存文件：res://.godot/exported/133200997/export-5ad4c74dccf7148b6950bd295c841674-flag_progress_bar.scn[39m[0m
[  88% ] [90m[1msavepack[22m | 保存文件：res://.godot/exported/133200997/export-a4db852c258d3fb84955151bc852e750-hammer_icon.scn[39m[0m
[  88% ] [90m[1msavepack[22m | 保存文件：res://.godot/exported/133200997/export-5ec2bf71f5f36beab1b3781deed1b0ae-plant_cell.scn[39m[0m
[  88% ] [90m[1msavepack[22m | 保存文件：res://.godot/exported/133200997/export-fcf95ed35193e40fd16b6f0ff287f45f-PVZ_button_base.scn[39m[0m
[  89% ] [90m[1msavepack[22m | 保存文件：res://.godot/exported/133200997/export-07b0d2663f93c9073ca8ca1e364b68fa-reminder_information.scn[39m[0m
[  89% ] [90m[1msavepack[22m | 保存文件：res://.godot/exported/133200997/export-5f268bc77c53d6a37adeb31bff55847a-time_stop_button.scn[39m[0m
[  89% ] [90m[1msavepack[22m | 保存文件：res://.godot/exported/133200997/export-0fcc4790498e5f700038b77950aad9bf-zomboss_hp_bar.scn[39m[0m
[  89% ] [90m[1msavepack[22m | 保存文件：res://scenes/util/fog.gdshader[39m[0m
[  89% ] [90m[1msavepack[22m | 保存文件：res://.godot/exported/133200997/export-d149ffd24c6c8c99fdfe689929463e31-ImageCombiner.scn[39m[0m
[  89% ] [90m[1msavepack[22m | 保存文件：res://scripts/Almanac/almanac_zombie_card.gdc[39m[0m
[  89% ] [90m[1msavepack[22m | 保存文件：res://scripts/Almanac/main_almanac.gdc[39m[0m
[  89% ] [90m[1msavepack[22m | 保存文件：res://scripts/Almanac/panel_container.gdc[39m[0m
[  89% ] [90m[1msavepack[22m | 保存文件：res://scripts/Almanac/plant_page.gdc[39m[0m
[  89% ] [90m[1msavepack[22m | 保存文件：res://scripts/Almanac/zombie_page.gdc[39m[0m
[  89% ] [90m[1msavepack[22m | 保存文件：res://scripts/autoload/util/global_utils.gdc[39m[0m
[  89% ] [90m[1msavepack[22m | 保存文件：res://scripts/autoload/util/random_picker.gdc[39m[0m
[  89% ] [90m[1msavepack[22m | 保存文件：res://scripts/autoload/event_bus.gdc[39m[0m
[  89% ] [90m[1msavepack[22m | 保存文件：res://scripts/autoload/global.gdc[39m[0m
[  89% ] [90m[1msavepack[22m | 保存文件：res://scripts/autoload/main_game_date.gdc[39m[0m
[  89% ] [90m[1msavepack[22m | 保存文件：res://scripts/autoload/scene_registry.gdc[39m[0m
[  89% ] [90m[1msavepack[22m | 保存文件：res://scripts/autoload/scene_transition.gdc[39m[0m
[  89% ] [90m[1msavepack[22m | 保存文件：res://scripts/autoload/sound_manager.gdc[39m[0m
[  89% ] [90m[1msavepack[22m | 保存文件：res://scripts/bullet/component/spatter_component.gdc[39m[0m
[  89% ] [90m[1msavepack[22m | 保存文件：res://scripts/bullet/component/spatter_component_winter_melon.gdc[39m[0m
[  89% ] [90m[1msavepack[22m | 保存文件：res://scripts/bullet/bullet_000_base.gdc[39m[0m
[  89% ] [90m[1msavepack[22m | 保存文件：res://scripts/bullet/bullet_000_linear_base.gdc[39m[0m
[  89% ] [90m[1msavepack[22m | 保存文件：res://scripts/bullet/bullet_000_parabola_base.gdc[39m[0m
[  89% ] [90m[1msavepack[22m | 保存文件：res://scripts/bullet/bullet_000_track_base.gdc[39m[0m
[  89% ] [90m[1msavepack[22m | 保存文件：res://scripts/bullet/bullet_002_pea_snow.gdc[39m[0m
[  89% ] [90m[1msavepack[22m | 保存文件：res://scripts/bullet/bullet_006_pea_fire.gdc[39m[0m
[  89% ] [90m[1msavepack[22m | 保存文件：res://scripts/bullet/bullet_007_cactus.gdc[39m[0m
[  89% ] [90m[1msavepack[22m | 保存文件：res://scripts/bullet/bullet_008_star.gdc[39m[0m
[  89% ] [90m[1msavepack[22m | 保存文件：res://scripts/bullet/bullet_011_butter.gdc[39m[0m
[  89% ] [90m[1msavepack[22m | 保存文件：res://scripts/bullet/bullet_012_melon.gdc[39m[0m
[  89% ] [90m[1msavepack[22m | 保存文件：res://scripts/bullet/bullet_015_winter_melon.gdc[39m[0m
[  89% ] [90m[1msavepack[22m | 保存文件：res://scripts/bullet/bullet_016_cob_cannon.gdc[39m[0m
[  89% ] [90m[1msavepack[22m | 保存文件：res://scripts/bullet/bullet_1001_bowling.gdc[39m[0m
[  89% ] [90m[1msavepack[22m | 保存文件：res://scripts/bullet/bullet_1002_bowling_bomb.gdc[39m[0m
[  89% ] [90m[1msavepack[22m | 保存文件：res://scripts/bullet/bullet_1003_bowling_big.gdc[39m[0m
[  89% ] [90m[1msavepack[22m | 保存文件：res://scripts/camera/main_game_camera.gdc[39m[0m
[  89% ] [90m[1msavepack[22m | 保存文件：res://scripts/character/components/009_jackson/zombie_jackson_manager.gdc[39m[0m
[  89% ] [90m[1msavepack[22m | 保存文件：res://scripts/character/components/009_jackson/zombie_jackson_state_machine.gdc[39m[0m
[  90% ] [90m[1msavepack[22m | 保存文件：res://scripts/character/components/anim_component/component_anim.gdc[39m[0m
[  90% ] [90m[1msavepack[22m | 保存文件：res://scripts/character/components/anim_component/component_anim_bobsled.gdc[39m[0m
[  90% ] [90m[1msavepack[22m | 保存文件：res://scripts/character/components/anim_component/component_anim_empty.gdc[39m[0m
[  90% ] [90m[1msavepack[22m | 保存文件：res://scripts/character/components/anim_component/component_anim_norm.gdc[39m[0m
[  90% ] [90m[1msavepack[22m | 保存文件：res://scripts/character/components/anim_component/component_anim_player.gdc[39m[0m
[  90% ] [90m[1msavepack[22m | 保存文件：res://scripts/character/components/attack_behavior_component/component_attack_base.gdc[39m[0m
[  90% ] [90m[1msavepack[22m | 保存文件：res://scripts/character/components/attack_behavior_component/component_attack_bullet_base.gdc[39m[0m
[  90% ] [90m[1msavepack[22m | 保存文件：res://scripts/character/components/attack_behavior_component/component_attack_bullet_cactus.gdc[39m[0m
[  90% ] [90m[1msavepack[22m | 保存文件：res://scripts/character/components/attack_behavior_component/component_attack_bullet_corn.gdc[39m[0m
[  90% ] [90m[1msavepack[22m | 保存文件：res://scripts/character/components/attack_behavior_component/component_attack_bullet_pult_base.gdc[39m[0m
[  90% ] [90m[1msavepack[22m | 保存文件：res://scripts/character/components/attack_behavior_component/component_attack_bullet_split_pea.gdc[39m[0m
[  90% ] [90m[1msavepack[22m | 保存文件：res://scripts/character/components/attack_behavior_component/component_attack_bullet_three_pea.gdc[39m[0m
[  90% ] [90m[1msavepack[22m | 保存文件：res://scripts/character/components/attack_behavior_component/component_attack_bullet_track.gdc[39m[0m
[  90% ] [90m[1msavepack[22m | 保存文件：res://scripts/character/components/attack_behavior_component/component_attack_zombie_gargantuar.gdc[39m[0m
[  90% ] [90m[1msavepack[22m | 保存文件：res://scripts/character/components/attack_behavior_component/component_attack_zombie_ladder.gdc[39m[0m
[  90% ] [90m[1msavepack[22m | 保存文件：res://scripts/character/components/attack_behavior_component/component_attack_zombie_norm.gdc[39m[0m
[  90% ] [90m[1msavepack[22m | 保存文件：res://scripts/character/components/attack_behavior_component/component_attack_zombie_zamboni.gdc[39m[0m
[  90% ] [90m[1msavepack[22m | 保存文件：res://scripts/character/components/bomb_component/component_bomb_base.gdc[39m[0m
[  90% ] [90m[1msavepack[22m | 保存文件：res://scripts/character/components/bomb_component/component_bomb_ice.gdc[39m[0m
[  90% ] [90m[1msavepack[22m | 保存文件：res://scripts/character/components/bomb_component/component_bomb_jackbox.gdc[39m[0m
[  90% ] [90m[1msavepack[22m | 保存文件：res://scripts/character/components/bomb_component/component_bomb_jalapeno.gdc[39m[0m
[  90% ] [90m[1msavepack[22m | 保存文件：res://scripts/character/components/bomb_component/component_bomb_norm.gdc[39m[0m
[  90% ] [90m[1msavepack[22m | 保存文件：res://scripts/character/components/charred_component/component_charred.gdc[39m[0m
[  90% ] [90m[1msavepack[22m | 保存文件：res://scripts/character/components/charred_component/component_charred_black_anim.gdc[39m[0m
[  90% ] [90m[1msavepack[22m | 保存文件：res://scripts/character/components/charred_component/component_charred_zombie_bobsled.gdc[39m[0m
[  90% ] [90m[1msavepack[22m | 保存文件：res://scripts/character/components/charred_component/component_charred_zombie_norm.gdc[39m[0m
[  90% ] [90m[1msavepack[22m | 保存文件：res://scripts/character/components/dancer_manager_component/component_dancer_manager.gdc[39m[0m
[  90% ] [90m[1msavepack[22m | 保存文件：res://scripts/character/components/detect_component/component_detect.gdc[39m[0m
[  90% ] [90m[1msavepack[22m | 保存文件：res://scripts/character/components/detect_component/component_detect_cactus.gdc[39m[0m
[  90% ] [90m[1msavepack[22m | 保存文件：res://scripts/character/components/detect_component/component_detect_gargantuar.gdc[39m[0m
[  90% ] [90m[1msavepack[22m | 保存文件：res://scripts/character/components/detect_component/component_detect_global.gdc[39m[0m
[  90% ] [90m[1msavepack[22m | 保存文件：res://scripts/character/components/detect_component/component_detect_squash.gdc[39m[0m
[  90% ] [90m[1msavepack[22m | 保存文件：res://scripts/character/components/detect_component/detect_component_zombie.gdc[39m[0m
[  90% ] [90m[1msavepack[22m | 保存文件：res://scripts/character/components/drop_body/ZombieArm1Drop.gdc[39m[0m
[  90% ] [90m[1msavepack[22m | 保存文件：res://scripts/character/components/drop_body/ZombieDropBase.gdc[39m[0m
[  90% ] [90m[1msavepack[22m | 保存文件：res://scripts/character/components/drop_body/ZombieHandDrop.gdc[39m[0m
[  90% ] [90m[1msavepack[22m | 保存文件：res://scripts/character/components/drop_body/ZombieHeadDrop.gdc[39m[0m
[  90% ] [90m[1msavepack[22m | 保存文件：res://scripts/character/components/garden/component_garden.gdc[39m[0m
[  91% ] [90m[1msavepack[22m | 保存文件：res://scripts/character/components/garden/component_garden_sprout.gdc[39m[0m
[  91% ] [90m[1msavepack[22m | 保存文件：res://scripts/character/components/hp_component/component_hp.gdc[39m[0m
[  91% ] [90m[1msavepack[22m | 保存文件：res://scripts/character/components/hp_component/component_hp_plant.gdc[39m[0m
[  91% ] [90m[1msavepack[22m | 保存文件：res://scripts/character/components/hp_component/component_hp_stage_change.gdc[39m[0m
[  91% ] [90m[1msavepack[22m | 保存文件：res://scripts/character/components/hp_component/component_hp_zombie.gdc[39m[0m
[  91% ] [90m[1msavepack[22m | 保存文件：res://scripts/character/components/iron_node/iron_node.gdc[39m[0m
[  91% ] [90m[1msavepack[22m | 保存文件：res://scripts/character/components/iron_node/iron_node_armor.gdc[39m[0m
[  91% ] [90m[1msavepack[22m | 保存文件：res://scripts/character/components/swim_box_component/component_swim_box.gdc[39m[0m
[  91% ] [90m[1msavepack[22m | 保存文件：res://scripts/character/components/swim_box_component/component_swim_box_norm.gdc[39m[0m
[  91% ] [90m[1msavepack[22m | 保存文件：res://scripts/character/components/swim_box_component/component_swim_box_snorkle.gdc[39m[0m
[  91% ] [90m[1msavepack[22m | 保存文件：res://scripts/character/components/zombie013Zamboni/zombie_013_death_bomb.gdc[39m[0m
[  91% ] [90m[1msavepack[22m | 保存文件：res://scripts/character/components/zombie_death_bomb/zombie_death_bomb.gdc[39m[0m
[  91% ] [90m[1msavepack[22m | 保存文件：res://scripts/character/components/body_character.gdc[39m[0m
[  91% ] [90m[1msavepack[22m | 保存文件：res://scripts/character/components/component_blink.gdc[39m[0m
[  91% ] [90m[1msavepack[22m | 保存文件：res://scripts/character/components/component_create_coin.gdc[39m[0m
[  91% ] [90m[1msavepack[22m | 保存文件：res://scripts/character/components/component_create_sun.gdc[39m[0m
[  91% ] [90m[1msavepack[22m | 保存文件：res://scripts/character/components/component_drop_item.gdc[39m[0m
[  91% ] [90m[1msavepack[22m | 保存文件：res://scripts/character/components/component_fog_clearer.gdc[39m[0m
[  91% ] [90m[1msavepack[22m | 保存文件：res://scripts/character/components/component_grap.gdc[39m[0m
[  91% ] [90m[1msavepack[22m | 保存文件：res://scripts/character/components/component_hurt_box.gdc[39m[0m
[  91% ] [90m[1msavepack[22m | 保存文件：res://scripts/character/components/component_hurt_box_zombie.gdc[39m[0m
[  91% ] [90m[1msavepack[22m | 保存文件：res://scripts/character/components/component_jump.gdc[39m[0m
[  91% ] [90m[1msavepack[22m | 保存文件：res://scripts/character/components/component_magnet.gdc[39m[0m
[  91% ] [90m[1msavepack[22m | 保存文件：res://scripts/character/components/component_move.gdc[39m[0m
[  91% ] [90m[1msavepack[22m | 保存文件：res://scripts/character/components/component_norm_base.gdc[39m[0m
[  91% ] [90m[1msavepack[22m | 保存文件：res://scripts/character/components/component_scaredy.gdc[39m[0m
[  91% ] [90m[1msavepack[22m | 保存文件：res://scripts/character/components/component_sleep.gdc[39m[0m
[  91% ] [90m[1msavepack[22m | 保存文件：res://scripts/character/components/p_048_cob_cannon_target.gdc[39m[0m
[  91% ] [90m[1msavepack[22m | 保存文件：res://scripts/character/plant/plant_000_base.gdc[39m[0m
[  91% ] [90m[1msavepack[22m | 保存文件：res://scripts/character/plant/plant_000_down_base.gdc[39m[0m
[  91% ] [90m[1msavepack[22m | 保存文件：res://scripts/character/plant/plant_001_pea_shooter_single.gdc[39m[0m
[  91% ] [90m[1msavepack[22m | 保存文件：res://scripts/character/plant/plant_002_sun_flower.gdc[39m[0m
[  91% ] [90m[1msavepack[22m | 保存文件：res://scripts/character/plant/plant_003_cherry_bomb.gdc[39m[0m
[  91% ] [90m[1msavepack[22m | 保存文件：res://scripts/character/plant/plant_004_wall_nut.gdc[39m[0m
[  91% ] [90m[1msavepack[22m | 保存文件：res://scripts/character/plant/plant_005_potato_mine.gdc[39m[0m
[  91% ] [90m[1msavepack[22m | 保存文件：res://scripts/character/plant/plant_006_snow_pea.gdc[39m[0m
[  91% ] [90m[1msavepack[22m | 保存文件：res://scripts/character/plant/plant_007_chomper.gdc[39m[0m
[  92% ] [90m[1msavepack[22m | 保存文件：res://scripts/character/plant/plant_008_pea_shooter_double.gdc[39m[0m
[  92% ] [90m[1msavepack[22m | 保存文件：res://scripts/character/plant/plant_009_puff.gdc[39m[0m
[  92% ] [90m[1msavepack[22m | 保存文件：res://scripts/character/plant/plant_010_sun_shroom.gdc[39m[0m
[  92% ] [90m[1msavepack[22m | 保存文件：res://scripts/character/plant/plant_011_fume_shroom.gdc[39m[0m
[  92% ] [90m[1msavepack[22m | 保存文件：res://scripts/character/plant/plant_012_grave_buster.gdc[39m[0m
[  92% ] [90m[1msavepack[22m | 保存文件：res://scripts/character/plant/plant_013_hypno_shroom.gdc[39m[0m
[  92% ] [90m[1msavepack[22m | 保存文件：res://scripts/character/plant/plant_014_scaredy_shroom.gdc[39m[0m
[  92% ] [90m[1msavepack[22m | 保存文件：res://scripts/character/plant/plant_015_ice_shroom.gdc[39m[0m
[  92% ] [90m[1msavepack[22m | 保存文件：res://scripts/character/plant/plant_016_doom_shroom.gdc[39m[0m
[  92% ] [90m[1msavepack[22m | 保存文件：res://scripts/character/plant/plant_017_lily_pad.gdc[39m[0m
[  92% ] [90m[1msavepack[22m | 保存文件：res://scripts/character/plant/plant_018_squash.gdc[39m[0m
[  92% ] [90m[1msavepack[22m | 保存文件：res://scripts/character/plant/plant_019_three_peater.gdc[39m[0m
[  92% ] [90m[1msavepack[22m | 保存文件：res://scripts/character/plant/plant_020_tanglekelp.gdc[39m[0m
[  92% ] [90m[1msavepack[22m | 保存文件：res://scripts/character/plant/plant_021_jalapeno.gdc[39m[0m
[  92% ] [90m[1msavepack[22m | 保存文件：res://scripts/character/plant/plant_022_caltrop.gdc[39m[0m
[  92% ] [90m[1msavepack[22m | 保存文件：res://scripts/character/plant/plant_023_torch_wood.gdc[39m[0m
[  92% ] [90m[1msavepack[22m | 保存文件：res://scripts/character/plant/plant_024_tall_nut.gdc[39m[0m
[  92% ] [90m[1msavepack[22m | 保存文件：res://scripts/character/plant/plant_025_sea_shroom.gdc[39m[0m
[  92% ] [90m[1msavepack[22m | 保存文件：res://scripts/character/plant/plant_026_plantern.gdc[39m[0m
[  92% ] [90m[1msavepack[22m | 保存文件：res://scripts/character/plant/plant_027_cactus.gdc[39m[0m
[  92% ] [90m[1msavepack[22m | 保存文件：res://scripts/character/plant/plant_028_blover.gdc[39m[0m
[  92% ] [90m[1msavepack[22m | 保存文件：res://scripts/character/plant/plant_029_split_pea.gdc[39m[0m
[  92% ] [90m[1msavepack[22m | 保存文件：res://scripts/character/plant/plant_030_star_fruit.gdc[39m[0m
[  92% ] [90m[1msavepack[22m | 保存文件：res://scripts/character/plant/plant_031_pumpkin.gdc[39m[0m
[  92% ] [90m[1msavepack[22m | 保存文件：res://scripts/character/plant/plant_032_magnet_shroom.gdc[39m[0m
[  92% ] [90m[1msavepack[22m | 保存文件：res://scripts/character/plant/plant_033_cabbage_pult.gdc[39m[0m
[  92% ] [90m[1msavepack[22m | 保存文件：res://scripts/character/plant/plant_035_corn_pult.gdc[39m[0m
[  92% ] [90m[1msavepack[22m | 保存文件：res://scripts/character/plant/plant_036_coffee_bean.gdc[39m[0m
[  92% ] [90m[1msavepack[22m | 保存文件：res://scripts/character/plant/plant_037_garlic.gdc[39m[0m
[  92% ] [90m[1msavepack[22m | 保存文件：res://scripts/character/plant/plant_038_umbrella_leaf.gdc[39m[0m
[  92% ] [90m[1msavepack[22m | 保存文件：res://scripts/character/plant/plant_039_mari_gold.gdc[39m[0m
[  92% ] [90m[1msavepack[22m | 保存文件：res://scripts/character/plant/plant_040_melon_pult.gdc[39m[0m
[  92% ] [90m[1msavepack[22m | 保存文件：res://scripts/character/plant/plant_041_gatling_pea.gdc[39m[0m
[  92% ] [90m[1msavepack[22m | 保存文件：res://scripts/character/plant/plant_042_twin_sun_flower.gdc[39m[0m
[  92% ] [90m[1msavepack[22m | 保存文件：res://scripts/character/plant/plant_043_gloom_shroom.gdc[39m[0m
[  92% ] [90m[1msavepack[22m | 保存文件：res://scripts/character/plant/plant_044_cattail.gdc[39m[0m
[  92% ] [90m[1msavepack[22m | 保存文件：res://scripts/character/plant/plant_046_gold_magnet.gdc[39m[0m
[  92% ] [90m[1msavepack[22m | 保存文件：res://scripts/character/plant/plant_047_spike_rock.gdc[39m[0m
[  93% ] [90m[1msavepack[22m | 保存文件：res://scripts/character/plant/plant_048_cob_cannon.gdc[39m[0m
[  93% ] [90m[1msavepack[22m | 保存文件：res://scripts/character/plant/plant_050_custom_plant.gdc[39m[0m
[  93% ] [90m[1msavepack[22m | 保存文件：res://scripts/character/plant/plant_999_imitater.gdc[39m[0m
[  93% ] [90m[1msavepack[22m | 保存文件：res://scripts/character/plant/plant_1000_sprout.gdc[39m[0m
[  93% ] [90m[1msavepack[22m | 保存文件：res://scripts/character/plant/plant_1001_wall_nut_bowling.gdc[39m[0m
[  93% ] [90m[1msavepack[22m | 保存文件：res://scripts/character/zombie/zombie_000_base.gdc[39m[0m
[  93% ] [90m[1msavepack[22m | 保存文件：res://scripts/character/zombie/zombie_001_norm.gdc[39m[0m
[  93% ] [90m[1msavepack[22m | 保存文件：res://scripts/character/zombie/zombie_004_pole_vaulter.gdc[39m[0m
[  93% ] [90m[1msavepack[22m | 保存文件：res://scripts/character/zombie/zombie_006_paper.gdc[39m[0m
[  93% ] [90m[1msavepack[22m | 保存文件：res://scripts/character/zombie/zombie_009_jackson.gdc[39m[0m
[  93% ] [90m[1msavepack[22m | 保存文件：res://scripts/character/zombie/zombie_010_dancer.gdc[39m[0m
[  93% ] [90m[1msavepack[22m | 保存文件：res://scripts/character/zombie/zombie_012_snorkle.gdc[39m[0m
[  93% ] [90m[1msavepack[22m | 保存文件：res://scripts/character/zombie/zombie_013_zamboni.gdc[39m[0m
[  93% ] [90m[1msavepack[22m | 保存文件：res://scripts/character/zombie/zombie_014_bobsled.gdc[39m[0m
[  93% ] [90m[1msavepack[22m | 保存文件：res://scripts/character/zombie/zombie_015_dolphinrider.gdc[39m[0m
[  93% ] [90m[1msavepack[22m | 保存文件：res://scripts/character/zombie/zombie_016_jackbox.gdc[39m[0m
[  93% ] [90m[1msavepack[22m | 保存文件：res://scripts/character/zombie/zombie_017_balloon.gdc[39m[0m
[  93% ] [90m[1msavepack[22m | 保存文件：res://scripts/character/zombie/zombie_018_digger.gdc[39m[0m
[  93% ] [90m[1msavepack[22m | 保存文件：res://scripts/character/zombie/zombie_019_pogo.gdc[39m[0m
[  93% ] [90m[1msavepack[22m | 保存文件：res://scripts/character/zombie/zombie_020_yeti.gdc[39m[0m
[  93% ] [90m[1msavepack[22m | 保存文件：res://scripts/character/zombie/zombie_021_bungi.gdc[39m[0m
[  93% ] [90m[1msavepack[22m | 保存文件：res://scripts/character/zombie/zombie_022_ladder.gdc[39m[0m
[  93% ] [90m[1msavepack[22m | 保存文件：res://scripts/character/zombie/zombie_023_catapult.gdc[39m[0m
[  93% ] [90m[1msavepack[22m | 保存文件：res://scripts/character/zombie/zombie_024_gargantuar.gdc[39m[0m
[  93% ] [90m[1msavepack[22m | 保存文件：res://scripts/character/zombie/zombie_025_imp.gdc[39m[0m
[  93% ] [90m[1msavepack[22m | 保存文件：res://scripts/character/zombie/zombie_boss.gdc[39m[0m
[  93% ] [90m[1msavepack[22m | 保存文件：res://scripts/character/character_000_base.gdc[39m[0m
[  93% ] [90m[1msavepack[22m | 保存文件：res://scripts/choose_level/06_custom_chooes_level.gdc[39m[0m
[  93% ] [90m[1msavepack[22m | 保存文件：res://scripts/choose_level/choose_level.gdc[39m[0m
[  93% ] [90m[1msavepack[22m | 保存文件：res://scripts/choose_level/choose_level_button.gdc[39m[0m
[  93% ] [90m[1msavepack[22m | 保存文件：res://scripts/choose_level/choose_level_button_customize.gdc[39m[0m
[  93% ] [90m[1msavepack[22m | 保存文件：res://scripts/crazy_dave/crazy_dave.gdc[39m[0m
[  93% ] [90m[1msavepack[22m | 保存文件：res://scripts/crazy_dave/crazy_dave_panel.gdc[39m[0m
[  93% ] [90m[1msavepack[22m | 保存文件：res://scripts/fx/bullet_effect/ori/bullet_effect_001_pea.gdc[39m[0m
[  93% ] [90m[1msavepack[22m | 保存文件：res://scripts/fx/bullet_effect/ori/bullet_effect_006_pea_fire.gdc[39m[0m
[  93% ] [90m[1msavepack[22m | 保存文件：res://scripts/fx/bullet_effect/bullet_effect_000_base.gdc[39m[0m
[  93% ] [90m[1msavepack[22m | 保存文件：res://scripts/fx/bullet_effect/bullet_effect_001_norm.gdc[39m[0m
[  93% ] [90m[1msavepack[22m | 保存文件：res://scripts/fx/bullet_effect/bullet_effect_006_pea_fire.gdc[39m[0m
[  94% ] [90m[1msavepack[22m | 保存文件：res://scripts/fx/other_effect/canvas_layer_effect.gdc[39m[0m
[  94% ] [90m[1msavepack[22m | 保存文件：res://scripts/fx/other_effect/dirt_new_zombie_appear_from_ground.gdc[39m[0m
[  94% ] [90m[1msavepack[22m | 保存文件：res://scripts/fx/other_effect/doom_shroom_crater.gdc[39m[0m
[  94% ] [90m[1msavepack[22m | 保存文件：res://scripts/fx/plant_effect/plant_effect_000_bomb_base.gdc[39m[0m
[  94% ] [90m[1msavepack[22m | 保存文件：res://scripts/fx/plant_effect/plant_effect_001_bomb_cherry.gdc[39m[0m
[  94% ] [90m[1msavepack[22m | 保存文件：res://scripts/fx/plant_effect/plant_effect_002_bomb_potato_mine.gdc[39m[0m
[  94% ] [90m[1msavepack[22m | 保存文件：res://scripts/fx/plant_effect/plant_effect_003_bomb_ice.gdc[39m[0m
[  94% ] [90m[1msavepack[22m | 保存文件：res://scripts/fx/plant_effect/plant_effect_004_bomb_doom.gdc[39m[0m
[  94% ] [90m[1msavepack[22m | 保存文件：res://scripts/fx/plant_effect/plant_effect_005_bomb_fire.gdc[39m[0m
[  94% ] [90m[1msavepack[22m | 保存文件：res://scripts/fx/plant_effect/plant_effect_006_bomb_con_cannon.gdc[39m[0m
[  94% ] [90m[1msavepack[22m | 保存文件：res://scripts/fx/plant_effect/plant_start_effect.gdc[39m[0m
[  94% ] [90m[1msavepack[22m | 保存文件：res://scripts/garden/Item/garden_item_01_wateringcan.gdc[39m[0m
[  94% ] [90m[1msavepack[22m | 保存文件：res://scripts/garden/Item/garden_item_02_fertilizer.gdc[39m[0m
[  94% ] [90m[1msavepack[22m | 保存文件：res://scripts/garden/Item/garden_item_03_bugspray.gdc[39m[0m
[  94% ] [90m[1msavepack[22m | 保存文件：res://scripts/garden/Item/garden_item_04_phonograph.gdc[39m[0m
[  94% ] [90m[1msavepack[22m | 保存文件：res://scripts/garden/Item/garden_item_05_chocolate.gdc[39m[0m
[  94% ] [90m[1msavepack[22m | 保存文件：res://scripts/garden/Item/garden_item_06_glove.gdc[39m[0m
[  94% ] [90m[1msavepack[22m | 保存文件：res://scripts/garden/Item/garden_item_07_money_sign.gdc[39m[0m
[  94% ] [90m[1msavepack[22m | 保存文件：res://scripts/garden/Item/garden_item_08_wheel_barrow.gdc[39m[0m
[  94% ] [90m[1msavepack[22m | 保存文件：res://scripts/garden/Item/garden_item_base.gdc[39m[0m
[  94% ] [90m[1msavepack[22m | 保存文件：res://scripts/garden/Item/garden_item_plant_cell_base.gdc[39m[0m
[  94% ] [90m[1msavepack[22m | 保存文件：res://scripts/garden/Item/garden_item_plant_need_base.gdc[39m[0m
[  94% ] [90m[1msavepack[22m | 保存文件：res://scripts/garden/garden_bg_page.gdc[39m[0m
[  94% ] [90m[1msavepack[22m | 保存文件：res://scripts/garden/garden_flower_pot.gdc[39m[0m
[  94% ] [90m[1msavepack[22m | 保存文件：res://scripts/garden/garden_manager.gdc[39m[0m
[  94% ] [90m[1msavepack[22m | 保存文件：res://scripts/garden/garden_speech_bubble.gdc[39m[0m
[  94% ] [90m[1msavepack[22m | 保存文件：res://scripts/garden/plant_cell_garden.gdc[39m[0m
[  94% ] [90m[1msavepack[22m | 保存文件：res://scripts/garden/plant_cell_garden_aquarium.gdc[39m[0m
[  94% ] [90m[1msavepack[22m | 保存文件：res://scripts/garden/stinky.gdc[39m[0m
[  94% ] [90m[1msavepack[22m | 保存文件：res://scripts/garden/ui_item_button.gdc[39m[0m
[  94% ] [90m[1msavepack[22m | 保存文件：res://scripts/main_game_canvas_layer/canvas_layer_card_slot.gdc[39m[0m
[  94% ] [90m[1msavepack[22m | 保存文件：res://scripts/main_game_item/back_ground/main_game_home.gdc[39m[0m
[  94% ] [90m[1msavepack[22m | 保存文件：res://scripts/main_game_item/back_ground/main_game_rain.gdc[39m[0m
[  94% ] [90m[1msavepack[22m | 保存文件：res://scripts/main_game_item/back_ground/main_game_slope.gdc[39m[0m
[  94% ] [90m[1msavepack[22m | 保存文件：res://scripts/main_game_item/back_ground/slope.gdc[39m[0m
[  94% ] [90m[1msavepack[22m | 保存文件：res://scripts/main_game_item/lawn_mover/lawn_mower.gdc[39m[0m
[  94% ] [90m[1msavepack[22m | 保存文件：res://scripts/main_game_item/lawn_mover/pool_cleaner.gdc[39m[0m
[  94% ] [90m[1msavepack[22m | 保存文件：res://scripts/main_game_item/lawn_mover/roof_cleaner.gdc[39m[0m
[  95% ] [90m[1msavepack[22m | 保存文件：res://scripts/main_game_item/mini_game_items/hammer.gdc[39m[0m
[  95% ] [90m[1msavepack[22m | 保存文件：res://scripts/main_game_item/mini_game_items/wallnut_bowling_stripe.gdc[39m[0m
[  95% ] [90m[1msavepack[22m | 保存文件：res://scripts/main_game_item/brain_body.gdc[39m[0m
[  95% ] [90m[1msavepack[22m | 保存文件：res://scripts/main_game_item/brain_on_zombie_mode.gdc[39m[0m
[  95% ] [90m[1msavepack[22m | 保存文件：res://scripts/main_game_item/fog.gdc[39m[0m
[  95% ] [90m[1msavepack[22m | 保存文件：res://scripts/main_game_item/ice_road.gdc[39m[0m
[  95% ] [90m[1msavepack[22m | 保存文件：res://scripts/main_game_item/ice_zombie_effect.gdc[39m[0m
[  95% ] [90m[1msavepack[22m | 保存文件：res://scripts/main_game_item/ladder.gdc[39m[0m
[  95% ] [90m[1msavepack[22m | 保存文件：res://scripts/main_game_item/level_info.gdc[39m[0m
[  95% ] [90m[1msavepack[22m | 保存文件：res://scripts/main_game_item/plant_cell.gdc[39m[0m
[  95% ] [90m[1msavepack[22m | 保存文件：res://scripts/main_game_item/pool.gdc[39m[0m
[  95% ] [90m[1msavepack[22m | 保存文件：res://scripts/main_game_item/pot_all_vase_chunks.gdc[39m[0m
[  95% ] [90m[1msavepack[22m | 保存文件：res://scripts/main_game_item/pot_hammer.gdc[39m[0m
[  95% ] [90m[1msavepack[22m | 保存文件：res://scripts/main_game_item/pot_vase_chunks.gdc[39m[0m
[  95% ] [90m[1msavepack[22m | 保存文件：res://scripts/main_game_item/present.gdc[39m[0m
[  95% ] [90m[1msavepack[22m | 保存文件：res://scripts/main_game_item/real_glove.gdc[39m[0m
[  95% ] [90m[1msavepack[22m | 保存文件：res://scripts/main_game_item/real_hammer.gdc[39m[0m
[  95% ] [90m[1msavepack[22m | 保存文件：res://scripts/main_game_item/real_shovel.gdc[39m[0m
[  95% ] [90m[1msavepack[22m | 保存文件：res://scripts/main_game_item/scary_pot.gdc[39m[0m
[  95% ] [90m[1msavepack[22m | 保存文件：res://scripts/main_game_item/splash.gdc[39m[0m
[  95% ] [90m[1msavepack[22m | 保存文件：res://scripts/main_game_item/tombstone.gdc[39m[0m
[  95% ] [90m[1msavepack[22m | 保存文件：res://scripts/main_game_item/zombies_row.gdc[39m[0m
[  95% ] [90m[1msavepack[22m | 保存文件：res://scripts/main_game_item/zomboss_ball.gdc[39m[0m
[  95% ] [90m[1msavepack[22m | 保存文件：res://scripts/manager/hand_manager/hand_manager.gdc[39m[0m
[  95% ] [90m[1msavepack[22m | 保存文件：res://scripts/manager/hand_manager/hm_character.gdc[39m[0m
[  95% ] [90m[1msavepack[22m | 保存文件：res://scripts/manager/hand_manager/hm_item.gdc[39m[0m
[  95% ] [90m[1msavepack[22m | 保存文件：res://scripts/manager/hand_manager/hm_null.gdc[39m[0m
[  95% ] [90m[1msavepack[22m | 保存文件：res://scripts/manager/plant_cell_manager/plant_cell_manager.gdc[39m[0m
[  95% ] [90m[1msavepack[22m | 保存文件：res://scripts/manager/plant_cell_manager/tomb_stone_manager.gdc[39m[0m
[  95% ] [90m[1msavepack[22m | 保存文件：res://scripts/manager/zombie_manager/zm_hammer_zombie_manager.gdc[39m[0m
[  95% ] [90m[1msavepack[22m | 保存文件：res://scripts/manager/zombie_manager/zm_zombie_choose_row_system.gdc[39m[0m
[  95% ] [90m[1msavepack[22m | 保存文件：res://scripts/manager/zombie_manager/zm_zombie_show_in_start.gdc[39m[0m
[  95% ] [90m[1msavepack[22m | 保存文件：res://scripts/manager/zombie_manager/zm_zombie_wave_create_manager.gdc[39m[0m
[  95% ] [90m[1msavepack[22m | 保存文件：res://scripts/manager/zombie_manager/zm_zombie_wave_manager.gdc[39m[0m
[  95% ] [90m[1msavepack[22m | 保存文件：res://scripts/manager/zombie_manager/zm_zombie_wave_refresh_manager.gdc[39m[0m
[  95% ] [90m[1msavepack[22m | 保存文件：res://scripts/manager/zombie_manager/zombie_manager.gdc[39m[0m
[  95% ] [90m[1msavepack[22m | 保存文件：res://scripts/manager/background_manager.gdc[39m[0m
[  96% ] [90m[1msavepack[22m | 保存文件：res://scripts/manager/card_manager.gdc[39m[0m
[  96% ] [90m[1msavepack[22m | 保存文件：res://scripts/manager/day_suns_manager.gdc[39m[0m
[  96% ] [90m[1msavepack[22m | 保存文件：res://scripts/manager/game_item_manager.gdc[39m[0m
[  96% ] [90m[1msavepack[22m | 保存文件：res://scripts/manager/lawn_mover_manager.gdc[39m[0m
[  96% ] [90m[1msavepack[22m | 保存文件：res://scripts/manager/main_game_manager.gdc[39m[0m
[  96% ] [90m[1msavepack[22m | 保存文件：res://scripts/manager/zombie_mode_manager.gdc[39m[0m
[  96% ] [90m[1msavepack[22m | 保存文件：res://scripts/resources/level/level_data.gdc[39m[0m
[  96% ] [90m[1msavepack[22m | 保存文件：res://scripts/resources/level/pre_plant_in_level.gdc[39m[0m
[  96% ] [90m[1msavepack[22m | 保存文件：res://scripts/resources/plant_condition/condition_000_plant_base.gdc[39m[0m
[  96% ] [90m[1msavepack[22m | 保存文件：res://scripts/resources/plant_condition/condition_012_grave_buster.gdc[39m[0m
[  96% ] [90m[1msavepack[22m | 保存文件：res://scripts/resources/plant_condition/condition_017_lily_pad.gdc[39m[0m
[  96% ] [90m[1msavepack[22m | 保存文件：res://scripts/resources/plant_condition/condition_036_coffee_bean.gdc[39m[0m
[  96% ] [90m[1msavepack[22m | 保存文件：res://scripts/resources/plant_condition/condition_048_CobCannon.gdc[39m[0m
[  96% ] [90m[1msavepack[22m | 保存文件：res://scripts/resources/save_game/save_game_main_game.gdc[39m[0m
[  96% ] [90m[1msavepack[22m | 保存文件：res://scripts/resources/save_game/save_game_plant_cell.gdc[39m[0m
[  96% ] [90m[1msavepack[22m | 保存文件：res://scripts/resources/save_game/save_game_plant_cell_manager.gdc[39m[0m
[  96% ] [90m[1msavepack[22m | 保存文件：res://scripts/resources/crazy_dave_dialog_detail_resource.gdc[39m[0m
[  96% ] [90m[1msavepack[22m | 保存文件：res://scripts/resources/crazy_dave_dialog_resource.gdc[39m[0m
[  96% ] [90m[1msavepack[22m | 保存文件：res://scripts/resources/resource_body_change.gdc[39m[0m
[  96% ] [90m[1msavepack[22m | 保存文件：res://scripts/start_menu/garden_water_flag.gdc[39m[0m
[  96% ] [90m[1msavepack[22m | 保存文件：res://scripts/start_menu/one_user_button.gdc[39m[0m
[  96% ] [90m[1msavepack[22m | 保存文件：res://scripts/start_menu/panel_create_new_user.gdc[39m[0m
[  96% ] [90m[1msavepack[22m | 保存文件：res://scripts/start_menu/panel_rename_user.gdc[39m[0m
[  96% ] [90m[1msavepack[22m | 保存文件：res://scripts/start_menu/start_menu_flower_button.gdc[39m[0m
[  96% ] [90m[1msavepack[22m | 保存文件：res://scripts/start_menu/user.gdc[39m[0m
[  96% ] [90m[1msavepack[22m | 保存文件：res://scripts/start_menu/wood_sign.gdc[39m[0m
[  96% ] [90m[1msavepack[22m | 保存文件：res://scripts/store/goods.gdc[39m[0m
[  96% ] [90m[1msavepack[22m | 保存文件：res://scripts/store/goods_garden_bg.gdc[39m[0m
[  96% ] [90m[1msavepack[22m | 保存文件：res://scripts/store/goods_garden_sprout.gdc[39m[0m
[  96% ] [90m[1msavepack[22m | 保存文件：res://scripts/store/store_confirm_goods.gdc[39m[0m
[  96% ] [90m[1msavepack[22m | 保存文件：res://scripts/store/store_manager.gdc[39m[0m
[  96% ] [90m[1msavepack[22m | 保存文件：res://scripts/ui/card/card_slot/card_slot_coin/card_slot_battle_coin.gdc[39m[0m
[  96% ] [90m[1msavepack[22m | 保存文件：res://scripts/ui/card/card_slot/card_slot_coin/card_slot_coin.gdc[39m[0m
[  96% ] [90m[1msavepack[22m | 保存文件：res://scripts/ui/card/card_slot/card_slot_conveyor/card_slot_conveyor_belt.gdc[39m[0m
[  96% ] [90m[1msavepack[22m | 保存文件：res://scripts/ui/card/card_slot/card_slot_conveyor/card_slot_conveyor_belt_gear.gdc[39m[0m
[  96% ] [90m[1msavepack[22m | 保存文件：res://scripts/ui/card/card_slot/card_slot_norm/card_slot_battle.gdc[39m[0m
[  96% ] [90m[1msavepack[22m | 保存文件：res://scripts/ui/card/card_slot/card_slot_norm/card_slot_candidate.gdc[39m[0m
[  96% ] [90m[1msavepack[22m | 保存文件：res://scripts/ui/card/card_slot/card_slot_norm/card_slot_norm.gdc[39m[0m
[  97% ] [90m[1msavepack[22m | 保存文件：res://scripts/ui/card/card_slot/card_random_pool.gdc[39m[0m
[  97% ] [90m[1msavepack[22m | 保存文件：res://scripts/ui/card/card_slot/card_slot_root.gdc[39m[0m
[  97% ] [90m[1msavepack[22m | 保存文件：res://scripts/ui/card/card_slot/card_slot_seed_rain.gdc[39m[0m
[  97% ] [90m[1msavepack[22m | 保存文件：res://scripts/ui/card/all_cards.gdc[39m[0m
[  97% ] [90m[1msavepack[22m | 保存文件：res://scripts/ui/card/card.gdc[39m[0m
[  97% ] [90m[1msavepack[22m | 保存文件：res://scripts/ui/card/card_base.gdc[39m[0m
[  97% ] [90m[1msavepack[22m | 保存文件：res://scripts/ui/card/card_candidate_container.gdc[39m[0m
[  97% ] [90m[1msavepack[22m | 保存文件：res://scripts/ui/card/card_imitater.gdc[39m[0m
[  97% ] [90m[1msavepack[22m | 保存文件：res://scripts/ui/card/glove_in_ui.gdc[39m[0m
[  97% ] [90m[1msavepack[22m | 保存文件：res://scripts/ui/card/hammer_in_ui.gdc[39m[0m
[  97% ] [90m[1msavepack[22m | 保存文件：res://scripts/ui/card/shovel_in_ui.gdc[39m[0m
[  97% ] [90m[1msavepack[22m | 保存文件：res://scripts/ui/card/tool_container.gdc[39m[0m
[  97% ] [90m[1msavepack[22m | 保存文件：res://scripts/ui/coin/coin.gdc[39m[0m
[  97% ] [90m[1msavepack[22m | 保存文件：res://scripts/ui/coin/coin_bank.gdc[39m[0m
[  97% ] [90m[1msavepack[22m | 保存文件：res://scripts/ui/main_game_ui/label_zombie_sum.gdc[39m[0m
[  97% ] [90m[1msavepack[22m | 保存文件：res://scripts/ui/main_game_ui/main_game_menu_button.gdc[39m[0m
[  97% ] [90m[1msavepack[22m | 保存文件：res://scripts/ui/main_game_ui/sun.gdc[39m[0m
[  97% ] [90m[1msavepack[22m | 保存文件：res://scripts/ui/main_game_ui/time_stop_button.gdc[39m[0m
[  97% ] [90m[1msavepack[22m | 保存文件：res://scripts/ui/main_game_ui/trophy.gdc[39m[0m
[  97% ] [90m[1msavepack[22m | 保存文件：res://scripts/ui/main_game_ui/ui_flag_progress_bar.gdc[39m[0m
[  97% ] [90m[1msavepack[22m | 保存文件：res://scripts/ui/main_game_ui/ui_flag_progress_bar_flag.gdc[39m[0m
[  97% ] [90m[1msavepack[22m | 保存文件：res://scripts/ui/main_game_ui/ui_remind_word.gdc[39m[0m
[  97% ] [90m[1msavepack[22m | 保存文件：res://scripts/ui/main_game_ui/ui_zomboss_hp_bar.gdc[39m[0m
[  97% ] [90m[1msavepack[22m | 保存文件：res://scripts/ui/start_menu/start_menu_option_dialog.gdc[39m[0m
[  97% ] [90m[1msavepack[22m | 保存文件：res://scripts/ui/start_menu/start_menu_root.gdc[39m[0m
[  97% ] [90m[1msavepack[22m | 保存文件：res://scripts/ui/ui_main_game_menu/canvas_layer_control.gdc[39m[0m
[  97% ] [90m[1msavepack[22m | 保存文件：res://scripts/ui/ui_main_game_menu/main_game_menu_option_dialog.gdc[39m[0m
[  97% ] [90m[1msavepack[22m | 保存文件：res://scripts/ui/dialog.gdc[39m[0m
[  97% ] [90m[1msavepack[22m | 保存文件：res://scripts/ui/dialog_confirm.gdc[39m[0m
[  97% ] [90m[1msavepack[22m | 保存文件：res://scripts/ui/dialog_error.gdc[39m[0m
[  97% ] [90m[1msavepack[22m | 保存文件：res://scripts/ui/PVZ_button_base.gdc[39m[0m
[  97% ] [90m[1msavepack[22m | 保存文件：res://scripts/ui/reminder_information.gdc[39m[0m
[  97% ] [90m[1msavepack[22m | 保存文件：res://scripts/util/image_combiner.gdc[39m[0m
[  97% ] [90m[1msavepack[22m | 保存文件：res://shaders/my_shader/body_mask.gdshader[39m[0m
[  97% ] [90m[1msavepack[22m | 保存文件：res://shaders/my_shader/full_fog.gdshader[39m[0m
[  97% ] [90m[1msavepack[22m | 保存文件：res://shaders/my_shader/imitater.gdshader[39m[0m
[  97% ] [90m[1msavepack[22m | 保存文件：res://shaders/my_shader/main_game_pool.gdshader[39m[0m
[  97% ] [90m[1msavepack[22m | 保存文件：res://shaders/my_shader/main_game_rain.gdshader[39m[0m
[  98% ] [90m[1msavepack[22m | 保存文件：res://shaders/my_shader/pool_drop.gdshader[39m[0m
[  98% ] [90m[1msavepack[22m | 保存文件：res://shaders/my_shader/pvz_alpha_add.gdshader[39m[0m
[  98% ] [90m[1msavepack[22m | 保存文件：res://shaders/my_shader/pvz_alpha_cut.gdshader[39m[0m
[  98% ] [90m[1msavepack[22m | 保存文件：res://shaders/my_shader/pvz_alpha_mul.gdshader[39m[0m
[  98% ] [90m[1msavepack[22m | 保存文件：res://shaders/my_shader/weather_fog2.gdshader[39m[0m
[  98% ] [90m[1msavepack[22m | 保存文件：res://shaders/my_shader/weather_fog.gdshader[39m[0m
[  98% ] [90m[1msavepack[22m | 保存文件：res://shaders/alpha.gdshader[39m[0m
[  98% ] [90m[1msavepack[22m | 保存文件：res://shaders/bright.gdshader[39m[0m
[  98% ] [90m[1msavepack[22m | 保存文件：res://shaders/Mypartical.gdshader[39m[0m
[  98% ] [90m[1msavepack[22m | 保存文件：res://shaders/particals.gdshaderinc[39m[0m
[  98% ] [90m[1msavepack[22m | 保存文件：res://shaders/particals_paramaters.gdshaderinc[39m[0m
[  98% ] [90m[1msavepack[22m | 保存文件：res://shaders/particals_paramaters_structs.gdshaderinc[39m[0m
[  98% ] [90m[1msavepack[22m | 保存文件：res://shaders/public.gdshaderinc[39m[0m
[  98% ] [90m[1msavepack[22m | 保存文件：res://shaders/random_seed.gdshaderinc[39m[0m
[  98% ] [90m[1msavepack[22m | 保存文件：res://.godot/exported/133200997/export-a72967fba40db89dedccd2185fb9632f-body_mask.res[39m[0m
[  98% ] [90m[1msavepack[22m | 保存文件：res://.godot/exported/133200997/export-511b5e66c806d04abac6ed4a527dc102-imitater.res[39m[0m
[  98% ] [90m[1msavepack[22m | 保存文件：res://.godot/exported/133200997/export-404ff539c3ca8d9c1c611fb2035079a3-104_0_0011.res[39m[0m
[  98% ] [90m[1msavepack[22m | 保存文件：res://.godot/exported/133200997/export-d4f4db1ec9441146278de8ee9c47bce9-LawnMoweredZombie.scn[39m[0m
[  98% ] [90m[1msavepack[22m | 保存文件：res://test/measure_scene_audio.gdc[39m[0m
[  98% ] [90m[1msavepack[22m | 保存文件：res://test/probe_adventure_level1.gdc[39m[0m
[  98% ] [90m[1msavepack[22m | 保存文件：res://test/probe_adventure_structure.gdc[39m[0m
[  98% ] [90m[1msavepack[22m | 保存文件：res://test/probe_adventure_visual.gdc[39m[0m
[  98% ] [90m[1msavepack[22m | 保存文件：res://test/probe_bg_geometry.gdc[39m[0m
[  98% ] [90m[1msavepack[22m | 保存文件：res://test/probe_boss_debug.gdc[39m[0m
[  98% ] [90m[1msavepack[22m | 保存文件：res://test/probe_boss_fight.gdc[39m[0m
[  98% ] [90m[1msavepack[22m | 保存文件：res://test/probe_boss_scene_load.gdc[39m[0m
[  98% ] [90m[1msavepack[22m | 保存文件：res://test/probe_plant_unlock.gdc[39m[0m
[  98% ] [90m[1msavepack[22m | 保存文件：res://test/probe_registry_zombie_boss.gdc[39m[0m
[  98% ] [90m[1msavepack[22m | 保存文件：res://test/smoke_anim_changes.gdc[39m[0m
[  98% ] [90m[1msavepack[22m | 保存文件：res://test/smoke_camera_shake.gdc[39m[0m
[  98% ] [90m[1msavepack[22m | 保存文件：res://test/smoke_choose_row.gdc[39m[0m
[  98% ] [90m[1msavepack[22m | 保存文件：res://test/smoke_experience_polish.gdc[39m[0m
[  98% ] [90m[1msavepack[22m | 保存文件：res://test/smoke_main_menu.gdc[39m[0m
[  98% ] [90m[1msavepack[22m | 保存文件：res://test/smoke_menu_hotkey.gdc[39m[0m
[  98% ] [90m[1msavepack[22m | 保存文件：res://.godot/exported/133200997/export-19246414aa9fb561ced4b8dce477acec-default_bus_layout.res[39m[0m
[  98% ] [90m[1msavepack[22m | 保存文件：res://pvz_icon.ico[39m[0m
[  98% ] [90m[1msavepack[22m | 保存文件：res://.godot/imported/pvz_icon.png-cb605520e4a81ed162230c9543543ada.ctex[39m[0m
[  98% ] [90m[1msavepack[22m | 保存文件：res://pvz_icon.png.import[39m[0m
[  98% ] [90m[1msavepack[22m | 保存文件：res://addons/AdobeAnimateEditor/Node/AdobeAnimatePart.gd.remap[39m[0m
[  98% ] [90m[1msavepack[22m | 保存文件：res://addons/AdobeAnimateEditor/Node/AdobeAnimateSlot.gd.remap[39m[0m
[  98% ] [90m[1msavepack[22m | 保存文件：res://addons/AdobeAnimateEditor/Node/AdobeAnimateSprite.gd.remap[39m[0m
[  98% ] [90m[1msavepack[22m | 保存文件：res://addons/AdobeAnimateEditor/Resource/AdobeAnimateData.gd.remap[39m[0m
[  98% ] [90m[1msavepack[22m | 保存文件：res://addons/AdobeAnimateEditor/Resource/AdobeAnimateTrack.gd.remap[39m[0m
[  98% ] [90m[1msavepack[22m | 保存文件：res://addons/anim_delete_track/ui/main_panel.gd.remap[39m[0m
[  98% ] [90m[1msavepack[22m | 保存文件：res://addons/anim_delete_track/ui/main_panel.tscn.remap[39m[0m
[  98% ] [90m[1msavepack[22m | 保存文件：res://addons/anim_delete_track/anim_delete_track.gd.remap[39m[0m
[  98% ] [90m[1msavepack[22m | 保存文件：res://addons/anim_free_common_tracks/ui/main_panel.gd.remap[39m[0m
[  98% ] [90m[1msavepack[22m | 保存文件：res://addons/anim_free_common_tracks/ui/main_panel.tscn.remap[39m[0m
[  98% ] [90m[1msavepack[22m | 保存文件：res://addons/anim_free_common_tracks/anim_free.gd.remap[39m[0m
[  98% ] [90m[1msavepack[22m | 保存文件：res://addons/anim_player_refactor/lib/anim_player_refactor.gd.remap[39m[0m
[  98% ] [90m[1msavepack[22m | 保存文件：res://addons/anim_player_refactor/lib/editor_util.gd.remap[39m[0m
[  98% ] [90m[1msavepack[22m | 保存文件：res://addons/anim_player_refactor/scenes/autocomplete/autocomplete.gd.remap[39m[0m
[  98% ] [90m[1msavepack[22m | 保存文件：res://addons/anim_player_refactor/scenes/autocomplete/autocomplete_option.gd.remap[39m[0m
[  98% ] [90m[1msavepack[22m | 保存文件：res://addons/anim_player_refactor/scenes/inspector_button/inspector_button.gd.remap[39m[0m
[  98% ] [90m[1msavepack[22m | 保存文件：res://addons/anim_player_refactor/scenes/refactor_dialogue/components/anim_player_tree.gd.remap[39m[0m
[  98% ] [90m[1msavepack[22m | 保存文件：res://addons/anim_player_refactor/scenes/refactor_dialogue/components/edit_info.gd.remap[39m[0m
[  98% ] [90m[1msavepack[22m | 保存文件：res://addons/anim_player_refactor/scenes/refactor_dialogue/components/node_select.gd.remap[39m[0m
[  98% ] [90m[1msavepack[22m | 保存文件：res://addons/anim_player_refactor/scenes/refactor_dialogue/refactor_dialogue.gd.remap[39m[0m
[  98% ] [90m[1msavepack[22m | 保存文件：res://addons/anim_player_refactor/scenes/refactor_dialogue/refactor_dialogue.tscn.remap[39m[0m
[  98% ] [90m[1msavepack[22m | 保存文件：res://addons/anim_player_refactor/plugin.gd.remap[39m[0m
[  98% ] [90m[1msavepack[22m | 保存文件：res://addons/calculate_roration/ui/cr_main_ui.gd.remap[39m[0m
[  98% ] [90m[1msavepack[22m | 保存文件：res://addons/calculate_roration/ui/CR_main_ui.tscn.remap[39m[0m
[  98% ] [90m[1msavepack[22m | 保存文件：res://addons/calculate_roration/calculate_roration.gd.remap[39m[0m
[  98% ] [90m[1msavepack[22m | 保存文件：res://addons/DragNDropNodes/class_tree.gd.remap[39m[0m
[  98% ] [90m[1msavepack[22m | 保存文件：res://addons/DragNDropNodes/plugin_script.gd.remap[39m[0m
[  98% ] [90m[1msavepack[22m | 保存文件：res://addons/R2Ga_PVZ/ui/main_panel.gd.remap[39m[0m
[  98% ] [90m[1msavepack[22m | 保存文件：res://addons/R2Ga_PVZ/ui/main_panel.tscn.remap[39m[0m
[  98% ] [90m[1msavepack[22m | 保存文件：res://addons/R2Ga_PVZ/ui/new_style_box_flat.tres.remap[39m[0m
[  98% ] [90m[1msavepack[22m | 保存文件：res://addons/R2Ga_PVZ/R2Ga_PVZ.gd.remap[39m[0m
[  98% ] [90m[1msavepack[22m | 保存文件：res://addons/script-ide/override/override_panel.gd.remap[39m[0m
[  98% ] [90m[1msavepack[22m | 保存文件：res://addons/script-ide/override/override_panel.tscn.remap[39m[0m
[  98% ] [90m[1msavepack[22m | 保存文件：res://addons/script-ide/quickopen/quick_open_panel.gd.remap[39m[0m
[  98% ] [90m[1msavepack[22m | 保存文件：res://addons/script-ide/quickopen/quick_open_panel.tscn.remap[39m[0m
[  98% ] [90m[1msavepack[22m | 保存文件：res://addons/script-ide/tabbar/custom_tab.gd.remap[39m[0m
[  98% ] [90m[1msavepack[22m | 保存文件：res://addons/script-ide/tabbar/multiline_tab_container.gd.remap[39m[0m
[  98% ] [90m[1msavepack[22m | 保存文件：res://addons/script-ide/tabbar/multiline_tab_container.tscn.remap[39m[0m
[  98% ] [90m[1msavepack[22m | 保存文件：res://addons/script-ide/plugin.gd.remap[39m[0m
[  98% ] [90m[1msavepack[22m | 保存文件：res://addons/SignalVisualizer/Common/signal_connection.gd.remap[39m[0m
[  98% ] [90m[1msavepack[22m | 保存文件：res://addons/SignalVisualizer/Common/signal_description.gd.remap[39m[0m
[  98% ] [90m[1msavepack[22m | 保存文件：res://addons/SignalVisualizer/Common/signal_graph.gd.remap[39m[0m
[  98% ] [90m[1msavepack[22m | 保存文件：res://addons/SignalVisualizer/Common/signal_graph_utility.gd.remap[39m[0m
[  98% ] [90m[1msavepack[22m | 保存文件：res://addons/SignalVisualizer/Debugger/SignalDebugger.gd.remap[39m[0m
[  98% ] [90m[1msavepack[22m | 保存文件：res://addons/SignalVisualizer/Debugger/SignalDebugger.tscn.remap[39m[0m
[  98% ] [90m[1msavepack[22m | 保存文件：res://addons/SignalVisualizer/Debugger/signal_debugger_panel.gd.remap[39m[0m
[  98% ] [90m[1msavepack[22m | 保存文件：res://addons/SignalVisualizer/Visualizer/resizable_label.gd.remap[39m[0m
[  98% ] [90m[1msavepack[22m | 保存文件：res://addons/SignalVisualizer/Visualizer/signal_graph_node.gd.remap[39m[0m
[  98% ] [90m[1msavepack[22m | 保存文件：res://addons/SignalVisualizer/Visualizer/signal_graph_node.tscn.remap[39m[0m
[  98% ] [90m[1msavepack[22m | 保存文件：res://addons/SignalVisualizer/Visualizer/signal_graph_node_item.gd.remap[39m[0m
[  98% ] [90m[1msavepack[22m | 保存文件：res://addons/SignalVisualizer/Visualizer/signal_graph_node_item.tscn.remap[39m[0m
[  98% ] [90m[1msavepack[22m | 保存文件：res://addons/SignalVisualizer/Visualizer/signal_visualizer_dock.gd.remap[39m[0m
[  98% ] [90m[1msavepack[22m | 保存文件：res://addons/SignalVisualizer/Visualizer/signal_visualizer_dock.tscn.remap[39m[0m
[  98% ] [90m[1msavepack[22m | 保存文件：res://addons/SignalVisualizer/SignalVisualizer.gd.remap[39m[0m
[  98% ] [90m[1msavepack[22m | 保存文件：res://addons/sprite_painter/graphics/curve_texture.tres.remap[39m[0m
[  98% ] [90m[1msavepack[22m | 保存文件：res://addons/sprite_painter/graphics/distraction_free.tres.remap[39m[0m
[  98% ] [90m[1msavepack[22m | 保存文件：res://addons/sprite_painter/graphics/h_size.tres.remap[39m[0m
[  98% ] [90m[1msavepack[22m | 保存文件：res://addons/sprite_painter/graphics/mesh_texture.tres.remap[39m[0m
[  98% ] [90m[1msavepack[22m | 保存文件：res://addons/sprite_painter/graphics/rotate_left.tres.remap[39m[0m
[  98% ] [90m[1msavepack[22m | 保存文件：res://addons/sprite_painter/graphics/rotate_right.tres.remap[39m[0m
[  98% ] [90m[1msavepack[22m | 保存文件：res://addons/sprite_painter/graphics/tool_scale.tres.remap[39m[0m
[  98% ] [90m[1msavepack[22m | 保存文件：res://addons/sprite_painter/image_scripts/Adjust HSV.gd.remap[39m[0m
[  98% ] [90m[1msavepack[22m | 保存文件：res://addons/sprite_painter/image_scripts/Channel Curves.gd.remap[39m[0m
[  98% ] [90m[1msavepack[22m | 保存文件：res://addons/sprite_painter/image_scripts/Constrain to Palette.gd.remap[39m[0m
[  98% ] [90m[1msavepack[22m | 保存文件：res://addons/sprite_painter/image_scripts/Outline.gd.remap[39m[0m
[  98% ] [90m[1msavepack[22m | 保存文件：res://addons/sprite_painter/image_scripts/Silhouette Normal Map (WIP).gd.remap[39m[0m
[  98% ] [90m[1msavepack[22m | 保存文件：res://addons/sprite_painter/shaders/gradient.tres.remap[39m[0m
[  98% ] [90m[1msavepack[22m | 保存文件：res://addons/sprite_painter/shaders/line.tres.remap[39m[0m
[  98% ] [90m[1msavepack[22m | 保存文件：res://addons/sprite_painter/shaders/shape.tres.remap[39m[0m
[  98% ] [90m[1msavepack[22m | 保存文件：res://addons/sprite_painter/src/editing_tools/tool_brush.gd.remap[39m[0m
[  98% ] [90m[1msavepack[22m | 保存文件：res://addons/sprite_painter/src/editing_tools/tool_brush_clone.gd.remap[39m[0m
[  98% ] [90m[1msavepack[22m | 保存文件：res://addons/sprite_painter/src/editing_tools/tool_brush_normalmap.gd.remap[39m[0m
[  98% ] [90m[1msavepack[22m | 保存文件：res://addons/sprite_painter/src/editing_tools/tool_brush_shading.gd.remap[39m[0m
[  98% ] [90m[1msavepack[22m | 保存文件：res://addons/sprite_painter/src/editing_tools/tool_bucket.gd.remap[39m[0m
[  98% ] [90m[1msavepack[22m | 保存文件：res://addons/sprite_painter/src/editing_tools/tool_gradient.gd.remap[39m[0m
[  98% ] [90m[1msavepack[22m | 保存文件：res://addons/sprite_painter/src/editing_tools/tool_line.gd.remap[39m[0m
[  98% ] [90m[1msavepack[22m | 保存文件：res://addons/sprite_painter/src/editing_tools/tool_pencil.gd.remap[39m[0m
[  98% ] [90m[1msavepack[22m | 保存文件：res://addons/sprite_painter/src/editing_tools/tool_scripting.gd.remap[39m[0m
[  98% ] [90m[1msavepack[22m | 保存文件：res://addons/sprite_painter/src/editing_tools/tool_select.gd.remap[39m[0m
[  98% ] [90m[1msavepack[22m | 保存文件：res://addons/sprite_painter/src/editing_tools/tool_shape.gd.remap[39m[0m
[  98% ] [90m[1msavepack[22m | 保存文件：res://addons/sprite_painter/src/editing_tools/tool_wand.gd.remap[39m[0m
[  98% ] [90m[1msavepack[22m | 保存文件：res://addons/sprite_painter/src/floating/type_context/context_spriteframes.gd.remap[39m[0m
[  98% ] [90m[1msavepack[22m | 保存文件：res://addons/sprite_painter/src/floating/type_context/context_tileset.gd.remap[39m[0m
[  98% ] [90m[1msavepack[22m | 保存文件：res://addons/sprite_painter/src/floating/color_picker.gd.remap[39m[0m
[  98% ] [90m[1msavepack[22m | 保存文件：res://addons/sprite_painter/src/floating/color_picker.tscn.remap[39m[0m
[  98% ] [90m[1msavepack[22m | 保存文件：res://addons/sprite_painter/src/floating/tool_switcher.gd.remap[39m[0m
[  98% ] [90m[1msavepack[22m | 保存文件：res://addons/sprite_painter/src/floating/type_context_settings.gd.remap[39m[0m
[  98% ] [90m[1msavepack[22m | 保存文件：res://addons/sprite_painter/src/floating/type_context_settings.tscn.remap[39m[0m
[  98% ] [90m[1msavepack[22m | 保存文件：res://addons/sprite_painter/src/image_view/image_grid_view.gd.remap[39m[0m
[  98% ] [90m[1msavepack[22m | 保存文件：res://addons/sprite_painter/src/image_view/image_selection_view.gd.remap[39m[0m
[  98% ] [90m[1msavepack[22m | 保存文件：res://addons/sprite_painter/src/image_view/image_tool_preview.gd.remap[39m[0m
[  98% ] [90m[1msavepack[22m | 保存文件：res://addons/sprite_painter/src/image_view/image_view.gd.remap[39m[0m
[  98% ] [90m[1msavepack[22m | 保存文件：res://addons/sprite_painter/src/image_view/resize_rect.gd.remap[39m[0m
[  98% ] [90m[1msavepack[22m | 保存文件：res://addons/sprite_painter/src/image_view/resize_rect.tscn.remap[39m[0m
[  98% ] [90m[1msavepack[22m | 保存文件：res://addons/sprite_painter/src/editing_tool.gd.remap[39m[0m
[  98% ] [90m[1msavepack[22m | 保存文件：res://addons/sprite_painter/src/fill_tools.gd.remap[39m[0m
[  98% ] [90m[1msavepack[22m | 保存文件：res://addons/sprite_painter/src/image_script.gd.remap[39m[0m
[  98% ] [90m[1msavepack[22m | 保存文件：res://addons/sprite_painter/src/image_transform_menu.gd.remap[39m[0m
[  98% ] [90m[1msavepack[22m | 保存文件：res://addons/sprite_painter/src/main.gd.remap[39m[0m
[  98% ] [90m[1msavepack[22m | 保存文件：res://addons/sprite_painter/src/main.tscn.remap[39m[0m
[  98% ] [90m[1msavepack[22m | 保存文件：res://addons/sprite_painter/src/workspace.gd.remap[39m[0m
[  98% ] [90m[1msavepack[22m | 保存文件：res://addons/sprite_painter/editor_icon_button.gd.remap[39m[0m
[  98% ] [90m[1msavepack[22m | 保存文件：res://addons/sprite_painter/plugin.gd.remap[39m[0m
[  98% ] [90m[1msavepack[22m | 保存文件：res://addons/todo_controller/config/config.tres.remap[39m[0m
[  98% ] [90m[1msavepack[22m | 保存文件：res://addons/todo_controller/ui/black_bar.gd.remap[39m[0m
[  98% ] [90m[1msavepack[22m | 保存文件：res://addons/todo_controller/ui/black_bar.tscn.remap[39m[0m
[  98% ] [90m[1msavepack[22m | 保存文件：res://addons/todo_controller/ui/script_rmb_panel.gd.remap[39m[0m
[  98% ] [90m[1msavepack[22m | 保存文件：res://addons/todo_controller/ui/script_rmb_panel.tscn.remap[39m[0m
[  98% ] [90m[1msavepack[22m | 保存文件：res://addons/todo_controller/ui/todo_controller_panel.gd.remap[39m[0m
[  98% ] [90m[1msavepack[22m | 保存文件：res://addons/todo_controller/ui/todo_controller_panel.tscn.remap[39m[0m
[  98% ] [90m[1msavepack[22m | 保存文件：res://addons/todo_controller/config.gd.remap[39m[0m
[  98% ] [90m[1msavepack[22m | 保存文件：res://addons/todo_controller/todo_controller.gd.remap[39m[0m
[  98% ] [90m[1msavepack[22m | 保存文件：res://animation/character/plant/002_sun_flower/SunFlower_blink.tres.remap[39m[0m
[  98% ] [90m[1msavepack[22m | 保存文件：res://animation/character/plant/002_sun_flower/SunFlower_idle.tres.remap[39m[0m
[  98% ] [90m[1msavepack[22m | 保存文件：res://animation/character/plant/003_cherry_bomb/CherryBomb_explode.tres.remap[39m[0m
[  98% ] [90m[1msavepack[22m | 保存文件：res://animation/character/plant/003_cherry_bomb/CherryBomb_idle.tres.remap[39m[0m
[  98% ] [90m[1msavepack[22m | 保存文件：res://animation/character/plant/004_wall_nut/Wallnut_blink_thrice.tres.remap[39m[0m
[  98% ] [90m[1msavepack[22m | 保存文件：res://animation/character/plant/004_wall_nut/Wallnut_blink_twice.tres.remap[39m[0m
[  98% ] [90m[1msavepack[22m | 保存文件：res://animation/character/plant/004_wall_nut/Wallnut_blink_twitch.tres.remap[39m[0m
[  98% ] [90m[1msavepack[22m | 保存文件：res://animation/character/plant/004_wall_nut/Wallnut_face.tres.remap[39m[0m
[  98% ] [90m[1msavepack[22m | 保存文件：res://animation/character/plant/004_wall_nut/Wallnut_idle.tres.remap[39m[0m
[  98% ] [90m[1msavepack[22m | 保存文件：res://animation/character/plant/005_potato_mine/PotatoMine_armed.tres.remap[39m[0m
[  98% ] [90m[1msavepack[22m | 保存文件：res://animation/character/plant/005_potato_mine/PotatoMine_blink.tres.remap[39m[0m
[  98% ] [90m[1msavepack[22m | 保存文件：res://animation/character/plant/005_potato_mine/PotatoMine_eye.tres.remap[39m[0m
[  98% ] [90m[1msavepack[22m | 保存文件：res://animation/character/plant/005_potato_mine/PotatoMine_face.tres.remap[39m[0m
[  98% ] [90m[1msavepack[22m | 保存文件：res://animation/character/plant/005_potato_mine/PotatoMine_glow.tres.remap[39m[0m
[  98% ] [90m[1msavepack[22m | 保存文件：res://animation/character/plant/005_potato_mine/PotatoMine_idle.tres.remap[39m[0m
[  98% ] [90m[1msavepack[22m | 保存文件：res://animation/character/plant/005_potato_mine/PotatoMine_light.tres.remap[39m[0m
[  98% ] [90m[1msavepack[22m | 保存文件：res://animation/character/plant/005_potato_mine/PotatoMine_mashed.tres.remap[39m[0m
[  98% ] [90m[1msavepack[22m | 保存文件：res://animation/character/plant/005_potato_mine/PotatoMine_rise.tres.remap[39m[0m
[  98% ] [90m[1msavepack[22m | 保存文件：res://animation/character/plant/006_snow_pea/SnowPea_blink.tres.remap[39m[0m
[  98% ] [90m[1msavepack[22m | 保存文件：res://animation/character/plant/006_snow_pea/SnowPea_face.tres.remap[39m[0m
[  98% ] [90m[1msavepack[22m | 保存文件：res://animation/character/plant/006_snow_pea/SnowPea_full_idle.tres.remap[39m[0m
[  98% ] [90m[1msavepack[22m | 保存文件：res://animation/character/plant/006_snow_pea/SnowPea_head_idle.tres.remap[39m[0m
[  98% ] [90m[1msavepack[22m | 保存文件：res://animation/character/plant/006_snow_pea/SnowPea_idle.tres.remap[39m[0m
[  98% ] [90m[1msavepack[22m | 保存文件：res://animation/character/plant/006_snow_pea/SnowPea_shooting.tres.remap[39m[0m
[  98% ] [90m[1msavepack[22m | 保存文件：res://animation/character/plant/006_snow_pea/SnowPea_stem.tres.remap[39m[0m
[  98% ] [90m[1msavepack[22m | 保存文件：res://animation/character/plant/007_chomper/Chomper_bite.tres.remap[39m[0m
[  98% ] [90m[1msavepack[22m | 保存文件：res://animation/character/plant/007_chomper/Chomper_chew.tres.remap[39m[0m
[  98% ] [90m[1msavepack[22m | 保存文件：res://animation/character/plant/007_chomper/Chomper_idle.tres.remap[39m[0m
[  98% ] [90m[1msavepack[22m | 保存文件：res://animation/character/plant/007_chomper/Chomper_swallow.tres.remap[39m[0m
[  98% ] [90m[1msavepack[22m | 保存文件：res://animation/character/plant/008_pea_shooter_double/PeaShooter_head_idle.tres.remap[39m[0m
[  98% ] [90m[1msavepack[22m | 保存文件：res://animation/character/plant/008_pea_shooter_double/PeaShooter_idle.tres.remap[39m[0m
[  98% ] [90m[1msavepack[22m | 保存文件：res://animation/character/plant/008_pea_shooter_double/PeaShooter_shooting2.tres.remap[39m[0m
[  98% ] [90m[1msavepack[22m | 保存文件：res://animation/character/plant/008_pea_shooter_double/PeaShooter_shooting.tres.remap[39m[0m
[  98% ] [90m[1msavepack[22m | 保存文件：res://animation/character/plant/009_puff_shroom/PuffShroom_blink.tres.remap[39m[0m
[  98% ] [90m[1msavepack[22m | 保存文件：res://animation/character/plant/009_puff_shroom/PuffShroom_face.tres.remap[39m[0m
[  98% ] [90m[1msavepack[22m | 保存文件：res://animation/character/plant/009_puff_shroom/PuffShroom_idle.tres.remap[39m[0m
[  98% ] [90m[1msavepack[22m | 保存文件：res://animation/character/plant/009_puff_shroom/PuffShroom_shooting.tres.remap[39m[0m
[  98% ] [90m[1msavepack[22m | 保存文件：res://animation/character/plant/009_puff_shroom/PuffShroom_sleep.tres.remap[39m[0m
[  98% ] [90m[1msavepack[22m | 保存文件：res://animation/character/plant/010_sun_shroom/SunShroom_bigidle.tres.remap[39m[0m
[  98% ] [90m[1msavepack[22m | 保存文件：res://animation/character/plant/010_sun_shroom/SunShroom_bigsleep.tres.remap[39m[0m
[  98% ] [90m[1msavepack[22m | 保存文件：res://animation/character/plant/010_sun_shroom/SunShroom_blink.tres.remap[39m[0m
[  98% ] [90m[1msavepack[22m | 保存文件：res://animation/character/plant/010_sun_shroom/SunShroom_face.tres.remap[39m[0m
[  98% ] [90m[1msavepack[22m | 保存文件：res://animation/character/plant/010_sun_shroom/SunShroom_grow.tres.remap[39m[0m
[  98% ] [90m[1msavepack[22m | 保存文件：res://animation/character/plant/010_sun_shroom/SunShroom_idle.tres.remap[39m[0m
[  98% ] [90m[1msavepack[22m | 保存文件：res://animation/character/plant/010_sun_shroom/SunShroom_sleep1.tres.remap[39m[0m
[  98% ] [90m[1msavepack[22m | 保存文件：res://animation/character/plant/010_sun_shroom/SunShroom_sleep.tres.remap[39m[0m
[  98% ] [90m[1msavepack[22m | 保存文件：res://animation/character/plant/011_fume_shroom/FumeShroom.tscn.remap[39m[0m
[  98% ] [90m[1msavepack[22m | 保存文件：res://animation/character/plant/011_fume_shroom/FumeShroom_blink.tres.remap[39m[0m
[  98% ] [90m[1msavepack[22m | 保存文件：res://animation/character/plant/011_fume_shroom/FumeShroom_face.tres.remap[39m[0m
[  98% ] [90m[1msavepack[22m | 保存文件：res://animation/character/plant/011_fume_shroom/FumeShroom_idle.tres.remap[39m[0m
[  98% ] [90m[1msavepack[22m | 保存文件：res://animation/character/plant/011_fume_shroom/FumeShroom_shooting.tres.remap[39m[0m
[  98% ] [90m[1msavepack[22m | 保存文件：res://animation/character/plant/011_fume_shroom/FumeShroom_sleep.tres.remap[39m[0m
[  98% ] [90m[1msavepack[22m | 保存文件：res://animation/character/plant/012_Grave_buster/Gravebuster_idle.tres.remap[39m[0m
[  98% ] [90m[1msavepack[22m | 保存文件：res://animation/character/plant/012_Grave_buster/Gravebuster_land.tres.remap[39m[0m
[  98% ] [90m[1msavepack[22m | 保存文件：res://animation/character/plant/013_hypno_shroom/HypnoShroom_idle.tres.remap[39m[0m
[  98% ] [90m[1msavepack[22m | 保存文件：res://animation/character/plant/013_hypno_shroom/HypnoShroom_sleep.tres.remap[39m[0m
[  98% ] [90m[1msavepack[22m | 保存文件：res://animation/character/plant/014_scaredy_shroom/ScaredyShroom_blink.tres.remap[39m[0m
[  98% ] [90m[1msavepack[22m | 保存文件：res://animation/character/plant/014_scaredy_shroom/ScaredyShroom_eye1.tres.remap[39m[0m
[  98% ] [90m[1msavepack[22m | 保存文件：res://animation/character/plant/014_scaredy_shroom/ScaredyShroom_eye2.tres.remap[39m[0m
[  98% ] [90m[1msavepack[22m | 保存文件：res://animation/character/plant/014_scaredy_shroom/ScaredyShroom_face.tres.remap[39m[0m
[  98% ] [90m[1msavepack[22m | 保存文件：res://animation/character/plant/014_scaredy_shroom/ScaredyShroom_grow.tres.remap[39m[0m
[  98% ] [90m[1msavepack[22m | 保存文件：res://animation/character/plant/014_scaredy_shroom/ScaredyShroom_idle.tres.remap[39m[0m
[  98% ] [90m[1msavepack[22m | 保存文件：res://animation/character/plant/014_scaredy_shroom/ScaredyShroom_scared.tres.remap[39m[0m
[  98% ] [90m[1msavepack[22m | 保存文件：res://animation/character/plant/014_scaredy_shroom/ScaredyShroom_scaredidle.tres.remap[39m[0m
[  98% ] [90m[1msavepack[22m | 保存文件：res://animation/character/plant/014_scaredy_shroom/ScaredyShroom_shooting.tres.remap[39m[0m
[  98% ] [90m[1msavepack[22m | 保存文件：res://animation/character/plant/014_scaredy_shroom/ScaredyShroom_sleep.tres.remap[39m[0m
[  98% ] [90m[1msavepack[22m | 保存文件：res://animation/character/plant/015_ice_shroom/IceShroom_blink.tres.remap[39m[0m
[  98% ] [90m[1msavepack[22m | 保存文件：res://animation/character/plant/015_ice_shroom/IceShroom_face.tres.remap[39m[0m
[  98% ] [90m[1msavepack[22m | 保存文件：res://animation/character/plant/015_ice_shroom/IceShroom_idle.tres.remap[39m[0m
[  98% ] [90m[1msavepack[22m | 保存文件：res://animation/character/plant/015_ice_shroom/IceShroom_idle_only.tres.remap[39m[0m
[  98% ] [90m[1msavepack[22m | 保存文件：res://animation/character/plant/015_ice_shroom/IceShroom_sleep1.tres.remap[39m[0m
[  98% ] [90m[1msavepack[22m | 保存文件：res://animation/character/plant/015_ice_shroom/IceShroom_sleep.tres.remap[39m[0m
[  98% ] [90m[1msavepack[22m | 保存文件：res://animation/character/plant/016_doom_shroom/DoomShroom_explode.tres.remap[39m[0m
[  98% ] [90m[1msavepack[22m | 保存文件：res://animation/character/plant/016_doom_shroom/DoomShroom_idle.tres.remap[39m[0m
[  98% ] [90m[1msavepack[22m | 保存文件：res://animation/character/plant/016_doom_shroom/DoomShroom_sleep.tres.remap[39m[0m
[  98% ] [90m[1msavepack[22m | 保存文件：res://animation/character/plant/017_lily_pad/LilyPad_blink.tres.remap[39m[0m
[  98% ] [90m[1msavepack[22m | 保存文件：res://animation/character/plant/017_lily_pad/LilyPad_idle.tres.remap[39m[0m
[  98% ] [90m[1msavepack[22m | 保存文件：res://animation/character/plant/018_squash/Squash_blink.tres.remap[39m[0m
[  98% ] [90m[1msavepack[22m | 保存文件：res://animation/character/plant/018_squash/Squash_eye.tres.remap[39m[0m
[  98% ] [90m[1msavepack[22m | 保存文件：res://animation/character/plant/018_squash/Squash_face.tres.remap[39m[0m
[  98% ] [90m[1msavepack[22m | 保存文件：res://animation/character/plant/018_squash/Squash_idle.tres.remap[39m[0m
[  98% ] [90m[1msavepack[22m | 保存文件：res://animation/character/plant/018_squash/Squash_jumpdown.tres.remap[39m[0m
[  98% ] [90m[1msavepack[22m | 保存文件：res://animation/character/plant/018_squash/Squash_jumpup.tres.remap[39m[0m
[  98% ] [90m[1msavepack[22m | 保存文件：res://animation/character/plant/018_squash/Squash_lookleft.tres.remap[39m[0m
[  98% ] [90m[1msavepack[22m | 保存文件：res://animation/character/plant/018_squash/Squash_lookright.tres.remap[39m[0m
[  98% ] [90m[1msavepack[22m | 保存文件：res://animation/character/plant/019_ThreePeater/ThreePeater_blink1.tres.remap[39m[0m
[  98% ] [90m[1msavepack[22m | 保存文件：res://animation/character/plant/019_ThreePeater/ThreePeater_blink2.tres.remap[39m[0m
[  98% ] [90m[1msavepack[22m | 保存文件：res://animation/character/plant/019_ThreePeater/ThreePeater_blink3.tres.remap[39m[0m
[  98% ] [90m[1msavepack[22m | 保存文件：res://animation/character/plant/019_ThreePeater/ThreePeater_face1.tres.remap[39m[0m
[  98% ] [90m[1msavepack[22m | 保存文件：res://animation/character/plant/019_ThreePeater/ThreePeater_face2.tres.remap[39m[0m
[  98% ] [90m[1msavepack[22m | 保存文件：res://animation/character/plant/019_ThreePeater/ThreePeater_face3.tres.remap[39m[0m
[  98% ] [90m[1msavepack[22m | 保存文件：res://animation/character/plant/019_ThreePeater/ThreePeater_head1.tres.remap[39m[0m
[  98% ] [90m[1msavepack[22m | 保存文件：res://animation/character/plant/019_ThreePeater/ThreePeater_head2.tres.remap[39m[0m
[  98% ] [90m[1msavepack[22m | 保存文件：res://animation/character/plant/019_ThreePeater/ThreePeater_head3.tres.remap[39m[0m
[  98% ] [90m[1msavepack[22m | 保存文件：res://animation/character/plant/019_ThreePeater/ThreePeater_head_idle1.tres.remap[39m[0m
[  98% ] [90m[1msavepack[22m | 保存文件：res://animation/character/plant/019_ThreePeater/ThreePeater_head_idle2.tres.remap[39m[0m
[  98% ] [90m[1msavepack[22m | 保存文件：res://animation/character/plant/019_ThreePeater/ThreePeater_head_idle3.tres.remap[39m[0m
[  98% ] [90m[1msavepack[22m | 保存文件：res://animation/character/plant/019_ThreePeater/ThreePeater_idle.tres.remap[39m[0m
[  98% ] [90m[1msavepack[22m | 保存文件：res://animation/character/plant/019_ThreePeater/ThreePeater_shooting1.tres.remap[39m[0m
[  98% ] [90m[1msavepack[22m | 保存文件：res://animation/character/plant/019_ThreePeater/ThreePeater_shooting2.tres.remap[39m[0m
[  98% ] [90m[1msavepack[22m | 保存文件：res://animation/character/plant/019_ThreePeater/ThreePeater_shooting3.tres.remap[39m[0m
[  98% ] [90m[1msavepack[22m | 保存文件：res://animation/character/plant/020_tanglekelp/Tanglekelp_blink1.tres.remap[39m[0m
[  98% ] [90m[1msavepack[22m | 保存文件：res://animation/character/plant/020_tanglekelp/Tanglekelp_blink.tres.remap[39m[0m
[  98% ] [90m[1msavepack[22m | 保存文件：res://animation/character/plant/020_tanglekelp/Tanglekelp_face.tres.remap[39m[0m
[  98% ] [90m[1msavepack[22m | 保存文件：res://animation/character/plant/020_tanglekelp/Tanglekelp_grab.tres.remap[39m[0m
[  98% ] [90m[1msavepack[22m | 保存文件：res://animation/character/plant/020_tanglekelp/Tanglekelp_idle.tres.remap[39m[0m
[  98% ] [90m[1msavepack[22m | 保存文件：res://animation/character/plant/020_tanglekelp/Tanglekelp_idle_aquarium.tres.remap[39m[0m
[  98% ] [90m[1msavepack[22m | 保存文件：res://animation/character/plant/020_tanglekelp/Tanglekelp_waterline.tres.remap[39m[0m
[  98% ] [90m[1msavepack[22m | 保存文件：res://animation/character/plant/021_jalapeno/Jalapeno_blink.tres.remap[39m[0m
[  98% ] [90m[1msavepack[22m | 保存文件：res://animation/character/plant/021_jalapeno/Jalapeno_explode.tres.remap[39m[0m
[  98% ] [90m[1msavepack[22m | 保存文件：res://animation/character/plant/021_jalapeno/Jalapeno_idle.tres.remap[39m[0m
[  98% ] [90m[1msavepack[22m | 保存文件：res://animation/character/plant/022_caltrop/Caltrop_attack.tres.remap[39m[0m
[  98% ] [90m[1msavepack[22m | 保存文件：res://animation/character/plant/022_caltrop/Caltrop_blink.tres.remap[39m[0m
[  98% ] [90m[1msavepack[22m | 保存文件：res://animation/character/plant/022_caltrop/Caltrop_face.tres.remap[39m[0m
[  98% ] [90m[1msavepack[22m | 保存文件：res://animation/character/plant/022_caltrop/Caltrop_idle.tres.remap[39m[0m
[  98% ] [90m[1msavepack[22m | 保存文件：res://animation/character/plant/023_torch_wood/Torchwood_blink.tres.remap[39m[0m
[  98% ] [90m[1msavepack[22m | 保存文件：res://animation/character/plant/023_torch_wood/Torchwood_face.tres.remap[39m[0m
[  98% ] [90m[1msavepack[22m | 保存文件：res://animation/character/plant/023_torch_wood/Torchwood_idle.tres.remap[39m[0m
[  98% ] [90m[1msavepack[22m | 保存文件：res://animation/character/plant/024_tall_nut/Tallnut_blink_thrice.tres.remap[39m[0m
[  98% ] [90m[1msavepack[22m | 保存文件：res://animation/character/plant/024_tall_nut/Tallnut_blink_twice.tres.remap[39m[0m
[  98% ] [90m[1msavepack[22m | 保存文件：res://animation/character/plant/024_tall_nut/Tallnut_idle.tres.remap[39m[0m
[  98% ] [90m[1msavepack[22m | 保存文件：res://animation/character/plant/025_sea_shroom/SeaShroom_blink.tres.remap[39m[0m
[  98% ] [90m[1msavepack[22m | 保存文件：res://animation/character/plant/025_sea_shroom/SeaShroom_face.tres.remap[39m[0m
[  98% ] [90m[1msavepack[22m | 保存文件：res://animation/character/plant/025_sea_shroom/SeaShroom_idle.tres.remap[39m[0m
[  98% ] [90m[1msavepack[22m | 保存文件：res://animation/character/plant/025_sea_shroom/SeaShroom_idle_aquarium.tres.remap[39m[0m
[  98% ] [90m[1msavepack[22m | 保存文件：res://animation/character/plant/025_sea_shroom/SeaShroom_shooting.tres.remap[39m[0m
[  98% ] [90m[1msavepack[22m | 保存文件：res://animation/character/plant/025_sea_shroom/SeaShroom_sleep.tres.remap[39m[0m
[  98% ] [90m[1msavepack[22m | 保存文件：res://animation/character/plant/025_sea_shroom/SeaShroom_waterline.tres.remap[39m[0m
[  98% ] [90m[1msavepack[22m | 保存文件：res://animation/character/plant/026_plantern/Plantern_blink.tres.remap[39m[0m
[  98% ] [90m[1msavepack[22m | 保存文件：res://animation/character/plant/026_plantern/Plantern_face.tres.remap[39m[0m
[  98% ] [90m[1msavepack[22m | 保存文件：res://animation/character/plant/026_plantern/Plantern_idle.tres.remap[39m[0m
[  98% ] [90m[1msavepack[22m | 保存文件：res://animation/character/plant/027_cactus/Cactus_blink.tres.remap[39m[0m
[  98% ] [90m[1msavepack[22m | 保存文件：res://animation/character/plant/027_cactus/Cactus_face.tres.remap[39m[0m
[  98% ] [90m[1msavepack[22m | 保存文件：res://animation/character/plant/027_cactus/Cactus_idle.tres.remap[39m[0m
[  98% ] [90m[1msavepack[22m | 保存文件：res://animation/character/plant/027_cactus/Cactus_idlehigh.tres.remap[39m[0m
[  98% ] [90m[1msavepack[22m | 保存文件：res://animation/character/plant/027_cactus/Cactus_lower.tres.remap[39m[0m
[  98% ] [90m[1msavepack[22m | 保存文件：res://animation/character/plant/027_cactus/Cactus_rise.tres.remap[39m[0m
[  98% ] [90m[1msavepack[22m | 保存文件：res://animation/character/plant/027_cactus/Cactus_shooting.tres.remap[39m[0m
[  98% ] [90m[1msavepack[22m | 保存文件：res://animation/character/plant/027_cactus/Cactus_shootinghigh.tres.remap[39m[0m
[  98% ] [90m[1msavepack[22m | 保存文件：res://animation/character/plant/028_blover/Blover_blow.tres.remap[39m[0m
[  98% ] [90m[1msavepack[22m | 保存文件：res://animation/character/plant/028_blover/Blover_idle.tres.remap[39m[0m
[  98% ] [90m[1msavepack[22m | 保存文件：res://animation/character/plant/028_blover/Blover_loop.tres.remap[39m[0m
[  98% ] [90m[1msavepack[22m | 保存文件：res://animation/character/plant/029_split_pea/SplitPea_blink.tres.remap[39m[0m
[  98% ] [90m[1msavepack[22m | 保存文件：res://animation/character/plant/029_split_pea/SplitPea_face.tres.remap[39m[0m
[  98% ] [90m[1msavepack[22m | 保存文件：res://animation/character/plant/029_split_pea/SplitPea_head_idle.tres.remap[39m[0m
[  98% ] [90m[1msavepack[22m | 保存文件：res://animation/character/plant/029_split_pea/SplitPea_idle.tres.remap[39m[0m
[  98% ] [90m[1msavepack[22m | 保存文件：res://animation/character/plant/029_split_pea/SplitPea_shooting.tres.remap[39m[0m
[  98% ] [90m[1msavepack[22m | 保存文件：res://animation/character/plant/029_split_pea/SplitPea_SplitPea_blink.tres.remap[39m[0m
[  98% ] [90m[1msavepack[22m | 保存文件：res://animation/character/plant/029_split_pea/SplitPea_splitpea_idle.tres.remap[39m[0m
[  98% ] [90m[1msavepack[22m | 保存文件：res://animation/character/plant/029_split_pea/SplitPea_splitpea_shooting.tres.remap[39m[0m
[  98% ] [90m[1msavepack[22m | 保存文件：res://animation/character/plant/030_star_fruit/StarFruit_blink.tres.remap[39m[0m
[  98% ] [90m[1msavepack[22m | 保存文件：res://animation/character/plant/030_star_fruit/StarFruit_face.tres.remap[39m[0m
[  98% ] [90m[1msavepack[22m | 保存文件：res://animation/character/plant/030_star_fruit/StarFruit_idle.tres.remap[39m[0m
[  98% ] [90m[1msavepack[22m | 保存文件：res://animation/character/plant/030_star_fruit/StarFruit_shoot.tres.remap[39m[0m
[  98% ] [90m[1msavepack[22m | 保存文件：res://animation/character/plant/031_pumpkin/Pumpkin_idle.tres.remap[39m[0m
[  98% ] [90m[1msavepack[22m | 保存文件：res://animation/character/plant/032_magnet_shroom/Magnetshroom_blink.tres.remap[39m[0m
[  98% ] [90m[1msavepack[22m | 保存文件：res://animation/character/plant/032_magnet_shroom/Magnetshroom_eyes2.tres.remap[39m[0m
[  98% ] [90m[1msavepack[22m | 保存文件：res://animation/character/plant/032_magnet_shroom/Magnetshroom_eyes21.tres.remap[39m[0m
[  98% ] [90m[1msavepack[22m | 保存文件：res://animation/character/plant/032_magnet_shroom/Magnetshroom_eyes22.tres.remap[39m[0m
[  98% ] [90m[1msavepack[22m | 保存文件：res://animation/character/plant/032_magnet_shroom/Magnetshroom_eyes.tres.remap[39m[0m
[  98% ] [90m[1msavepack[22m | 保存文件：res://animation/character/plant/032_magnet_shroom/Magnetshroom_face.tres.remap[39m[0m
[  98% ] [90m[1msavepack[22m | 保存文件：res://animation/character/plant/032_magnet_shroom/Magnetshroom_idle.tres.remap[39m[0m
[  98% ] [90m[1msavepack[22m | 保存文件：res://animation/character/plant/032_magnet_shroom/Magnetshroom_nonactive_idle2.tres.remap[39m[0m
[  98% ] [90m[1msavepack[22m | 保存文件：res://animation/character/plant/032_magnet_shroom/Magnetshroom_nonactive_idle.tres.remap[39m[0m
[  98% ] [90m[1msavepack[22m | 保存文件：res://animation/character/plant/032_magnet_shroom/Magnetshroom_shooting.tres.remap[39m[0m
[  98% ] [90m[1msavepack[22m | 保存文件：res://animation/character/plant/032_magnet_shroom/Magnetshroom_sleep.tres.remap[39m[0m
[  98% ] [90m[1msavepack[22m | 保存文件：res://animation/character/plant/033_cabbage_pult/Cabbagepult_idle.tres.remap[39m[0m
[  98% ] [90m[1msavepack[22m | 保存文件：res://animation/character/plant/033_cabbage_pult/Cabbagepult_shooting.tres.remap[39m[0m
[  98% ] [90m[1msavepack[22m | 保存文件：res://animation/character/plant/034_flower_pot/Pot_idle.tres.remap[39m[0m
[  98% ] [90m[1msavepack[22m | 保存文件：res://animation/character/plant/034_flower_pot/Pot_waterplants.tres.remap[39m[0m
[  98% ] [90m[1msavepack[22m | 保存文件：res://animation/character/plant/034_flower_pot/Pot_zengarden.tres.remap[39m[0m
[  98% ] [90m[1msavepack[22m | 保存文件：res://animation/character/plant/035_corn_pult/Cornpult_idle.tres.remap[39m[0m
[  98% ] [90m[1msavepack[22m | 保存文件：res://animation/character/plant/035_corn_pult/Cornpult_shooting.tres.remap[39m[0m
[  98% ] [90m[1msavepack[22m | 保存文件：res://animation/character/plant/036_coffee_bean/Coffeebean_crumble.tres.remap[39m[0m
[  98% ] [90m[1msavepack[22m | 保存文件：res://animation/character/plant/036_coffee_bean/Coffeebean_idle.tres.remap[39m[0m
[  98% ] [90m[1msavepack[22m | 保存文件：res://animation/character/plant/037_garlic/Garlic_idle.tres.remap[39m[0m
[  98% ] [90m[1msavepack[22m | 保存文件：res://animation/character/plant/038_umbrella_leaf/Umbrellaleaf_block.tres.remap[39m[0m
[  98% ] [90m[1msavepack[22m | 保存文件：res://animation/character/plant/038_umbrella_leaf/Umbrellaleaf_idle.tres.remap[39m[0m
[  98% ] [90m[1msavepack[22m | 保存文件：res://animation/character/plant/039_mari_gold/MariGold_idle.tres.remap[39m[0m
[  98% ] [90m[1msavepack[22m | 保存文件：res://animation/character/plant/040_melon_pult/MelonPult_idle.tres.remap[39m[0m
[  98% ] [90m[1msavepack[22m | 保存文件：res://animation/character/plant/040_melon_pult/MelonPult_shooting.tres.remap[39m[0m
[  98% ] [90m[1msavepack[22m | 保存文件：res://animation/character/plant/041_gatling_pea/GatlingPea_blink.tres.remap[39m[0m
[  98% ] [90m[1msavepack[22m | 保存文件：res://animation/character/plant/041_gatling_pea/GatlingPea_face.tres.remap[39m[0m
[  98% ] [90m[1msavepack[22m | 保存文件：res://animation/character/plant/041_gatling_pea/GatlingPea_head_idle.tres.remap[39m[0m
[  98% ] [90m[1msavepack[22m | 保存文件：res://animation/character/plant/041_gatling_pea/GatlingPea_idle.tres.remap[39m[0m
[  98% ] [90m[1msavepack[22m | 保存文件：res://animation/character/plant/041_gatling_pea/GatlingPea_shooting.tres.remap[39m[0m
[  98% ] [90m[1msavepack[22m | 保存文件：res://animation/character/plant/042_twin_sun_flower/TwinSunFlower_blink2.tres.remap[39m[0m
[  98% ] [90m[1msavepack[22m | 保存文件：res://animation/character/plant/042_twin_sun_flower/TwinSunFlower_blink.tres.remap[39m[0m
[  98% ] [90m[1msavepack[22m | 保存文件：res://animation/character/plant/042_twin_sun_flower/TwinSunFlower_face2.tres.remap[39m[0m
[  98% ] [90m[1msavepack[22m | 保存文件：res://animation/character/plant/042_twin_sun_flower/TwinSunFlower_face.tres.remap[39m[0m
[  98% ] [90m[1msavepack[22m | 保存文件：res://animation/character/plant/042_twin_sun_flower/TwinSunFlower_idle.tres.remap[39m[0m
[  98% ] [90m[1msavepack[22m | 保存文件：res://animation/character/plant/043_gloom_shroom/GloomShroom_blink.tres.remap[39m[0m
[  98% ] [90m[1msavepack[22m | 保存文件：res://animation/character/plant/043_gloom_shroom/GloomShroom_face.tres.remap[39m[0m
[  98% ] [90m[1msavepack[22m | 保存文件：res://animation/character/plant/043_gloom_shroom/GloomShroom_idle.tres.remap[39m[0m
[  98% ] [90m[1msavepack[22m | 保存文件：res://animation/character/plant/043_gloom_shroom/GloomShroom_shooting.tres.remap[39m[0m
[  98% ] [90m[1msavepack[22m | 保存文件：res://animation/character/plant/043_gloom_shroom/GloomShroom_sleep.tres.remap[39m[0m
[  98% ] [90m[1msavepack[22m | 保存文件：res://animation/character/plant/044_cattail/Cattail_blink.tres.remap[39m[0m
[  98% ] [90m[1msavepack[22m | 保存文件：res://animation/character/plant/044_cattail/Cattail_face.tres.remap[39m[0m
[  98% ] [90m[1msavepack[22m | 保存文件：res://animation/character/plant/044_cattail/Cattail_idle.tres.remap[39m[0m
[  98% ] [90m[1msavepack[22m | 保存文件：res://animation/character/plant/044_cattail/Cattail_shooting.tres.remap[39m[0m
[  98% ] [90m[1msavepack[22m | 保存文件：res://animation/character/plant/045_winter_melon/WinterMelon_blink.tres.remap[39m[0m
[  98% ] [90m[1msavepack[22m | 保存文件：res://animation/character/plant/045_winter_melon/WinterMelon_face.tres.remap[39m[0m
[  98% ] [90m[1msavepack[22m | 保存文件：res://animation/character/plant/045_winter_melon/WinterMelon_idle.tres.remap[39m[0m
[  98% ] [90m[1msavepack[22m | 保存文件：res://animation/character/plant/045_winter_melon/WinterMelon_shooting.tres.remap[39m[0m
[  98% ] [90m[1msavepack[22m | 保存文件：res://animation/character/plant/046_gold_magnet/GoldMagnet_attract.tres.remap[39m[0m
[  98% ] [90m[1msavepack[22m | 保存文件：res://animation/character/plant/046_gold_magnet/GoldMagnet_blink.tres.remap[39m[0m
[  98% ] [90m[1msavepack[22m | 保存文件：res://animation/character/plant/046_gold_magnet/GoldMagnet_face.tres.remap[39m[0m
[  98% ] [90m[1msavepack[22m | 保存文件：res://animation/character/plant/046_gold_magnet/GoldMagnet_idle.tres.remap[39m[0m
[  98% ] [90m[1msavepack[22m | 保存文件：res://animation/character/plant/047_spike_rock/SpikeRock_attack.tres.remap[39m[0m
[  98% ] [90m[1msavepack[22m | 保存文件：res://animation/character/plant/047_spike_rock/SpikeRock_blink.tres.remap[39m[0m
[  98% ] [90m[1msavepack[22m | 保存文件：res://animation/character/plant/047_spike_rock/SpikeRock_eye_leftbrow.tres.remap[39m[0m
[  98% ] [90m[1msavepack[22m | 保存文件：res://animation/character/plant/047_spike_rock/SpikeRock_eye_rightbrow.tres.remap[39m[0m
[  98% ] [90m[1msavepack[22m | 保存文件：res://animation/character/plant/047_spike_rock/SpikeRock_face.tres.remap[39m[0m
[  98% ] [90m[1msavepack[22m | 保存文件：res://animation/character/plant/047_spike_rock/SpikeRock_idle.tres.remap[39m[0m
[  98% ] [90m[1msavepack[22m | 保存文件：res://animation/character/plant/048_cob_cannon/CobCannon_blink.tres.remap[39m[0m
[  98% ] [90m[1msavepack[22m | 保存文件：res://animation/character/plant/048_cob_cannon/CobCannon_charge.tres.remap[39m[0m
[  98% ] [90m[1msavepack[22m | 保存文件：res://animation/character/plant/048_cob_cannon/CobCannon_face.tres.remap[39m[0m
[  98% ] [90m[1msavepack[22m | 保存文件：res://animation/character/plant/048_cob_cannon/CobCannon_idle.tres.remap[39m[0m
[  98% ] [90m[1msavepack[22m | 保存文件：res://animation/character/plant/048_cob_cannon/CobCannon_shooting.tres.remap[39m[0m
[  98% ] [90m[1msavepack[22m | 保存文件：res://animation/character/plant/048_cob_cannon/CobCannon_unarmed_idle.tres.remap[39m[0m
[  98% ] [90m[1msavepack[22m | 保存文件：res://animation/character/plant/999_imitater/Imitater_blink.tres.remap[39m[0m
[  98% ] [90m[1msavepack[22m | 保存文件：res://animation/character/plant/999_imitater/Imitater_explode.tres.remap[39m[0m
[  98% ] [90m[1msavepack[22m | 保存文件：res://animation/character/plant/999_imitater/Imitater_face.tres.remap[39m[0m
[  98% ] [90m[1msavepack[22m | 保存文件：res://animation/character/plant/999_imitater/Imitater_idle.tres.remap[39m[0m
[  98% ] [90m[1msavepack[22m | 保存文件：res://animation/character/zombie/001_zombie_norm/animation_node_state_machine_playback_zombie_norm.tres.remap[39m[0m
[  98% ] [90m[1msavepack[22m | 保存文件：res://animation/character/zombie/001_zombie_norm/Zombie_bucket.tres.remap[39m[0m
[  98% ] [90m[1msavepack[22m | 保存文件：res://animation/character/zombie/001_zombie_norm/Zombie_cone.tres.remap[39m[0m
[  98% ] [90m[1msavepack[22m | 保存文件：res://animation/character/zombie/001_zombie_norm/Zombie_dance.tres.remap[39m[0m
[  98% ] [90m[1msavepack[22m | 保存文件：res://animation/character/zombie/001_zombie_norm/Zombie_death2.tres.remap[39m[0m
[  98% ] [90m[1msavepack[22m | 保存文件：res://animation/character/zombie/001_zombie_norm/Zombie_death.tres.remap[39m[0m
[  98% ] [90m[1msavepack[22m | 保存文件：res://animation/character/zombie/001_zombie_norm/Zombie_eat.tres.remap[39m[0m
[  98% ] [90m[1msavepack[22m | 保存文件：res://animation/character/zombie/001_zombie_norm/Zombie_hair.tres.remap[39m[0m
[  98% ] [90m[1msavepack[22m | 保存文件：res://animation/character/zombie/001_zombie_norm/Zombie_head1.tres.remap[39m[0m
[  98% ] [90m[1msavepack[22m | 保存文件：res://animation/character/zombie/001_zombie_norm/Zombie_head2.tres.remap[39m[0m
[  98% ] [90m[1msavepack[22m | 保存文件：res://animation/character/zombie/001_zombie_norm/Zombie_idle2.tres.remap[39m[0m
[  98% ] [90m[1msavepack[22m | 保存文件：res://animation/character/zombie/001_zombie_norm/Zombie_idle.tres.remap[39m[0m
[  98% ] [90m[1msavepack[22m | 保存文件：res://animation/character/zombie/001_zombie_norm/Zombie_innerarm1.tres.remap[39m[0m
[  98% ] [90m[1msavepack[22m | 保存文件：res://animation/character/zombie/001_zombie_norm/Zombie_innerarm2.tres.remap[39m[0m
[  98% ] [90m[1msavepack[22m | 保存文件：res://animation/character/zombie/001_zombie_norm/Zombie_innerarm3.tres.remap[39m[0m
[  98% ] [90m[1msavepack[22m | 保存文件：res://animation/character/zombie/001_zombie_norm/Zombie_screendoor.tres.remap[39m[0m
[  98% ] [90m[1msavepack[22m | 保存文件：res://animation/character/zombie/001_zombie_norm/Zombie_superlongdeath.tres.remap[39m[0m
[  98% ] [90m[1msavepack[22m | 保存文件：res://animation/character/zombie/001_zombie_norm/Zombie_swim.tres.remap[39m[0m
[  98% ] [90m[1msavepack[22m | 保存文件：res://animation/character/zombie/001_zombie_norm/Zombie_tongue.tres.remap[39m[0m
[  98% ] [90m[1msavepack[22m | 保存文件：res://animation/character/zombie/001_zombie_norm/Zombie_walk2.tres.remap[39m[0m
[  98% ] [90m[1msavepack[22m | 保存文件：res://animation/character/zombie/001_zombie_norm/Zombie_walk.tres.remap[39m[0m
[  98% ] [90m[1msavepack[22m | 保存文件：res://animation/character/zombie/001_zombie_norm/Zombie_waterdeath.tres.remap[39m[0m
[  98% ] [90m[1msavepack[22m | 保存文件：res://animation/character/zombie/004_zombie_pole_vaulter/Zombie_polevaulter_death.tres.remap[39m[0m
[  98% ] [90m[1msavepack[22m | 保存文件：res://animation/character/zombie/004_zombie_pole_vaulter/Zombie_polevaulter_eat.tres.remap[39m[0m
[  98% ] [90m[1msavepack[22m | 保存文件：res://animation/character/zombie/004_zombie_pole_vaulter/Zombie_polevaulter_hair.tres.remap[39m[0m
[  98% ] [90m[1msavepack[22m | 保存文件：res://animation/character/zombie/004_zombie_pole_vaulter/Zombie_polevaulter_head1.tres.remap[39m[0m
[  98% ] [90m[1msavepack[22m | 保存文件：res://animation/character/zombie/004_zombie_pole_vaulter/Zombie_polevaulter_head2.tres.remap[39m[0m
[  98% ] [90m[1msavepack[22m | 保存文件：res://animation/character/zombie/004_zombie_pole_vaulter/Zombie_polevaulter_idle.tres.remap[39m[0m
[  98% ] [90m[1msavepack[22m | 保存文件：res://animation/character/zombie/004_zombie_pole_vaulter/Zombie_polevaulter_jump.tres.remap[39m[0m
[  98% ] [90m[1msavepack[22m | 保存文件：res://animation/character/zombie/004_zombie_pole_vaulter/Zombie_polevaulter_run.tres.remap[39m[0m
[  98% ] [90m[1msavepack[22m | 保存文件：res://animation/character/zombie/004_zombie_pole_vaulter/Zombie_polevaulter_walk.tres.remap[39m[0m
[  98% ] [90m[1msavepack[22m | 保存文件：res://animation/character/zombie/006_zombie_paper/Zombie_paper_death.tres.remap[39m[0m
[  98% ] [90m[1msavepack[22m | 保存文件：res://animation/character/zombie/006_zombie_paper/Zombie_paper_eat.tres.remap[39m[0m
[  98% ] [90m[1msavepack[22m | 保存文件：res://animation/character/zombie/006_zombie_paper/Zombie_paper_eat_nopaper.tres.remap[39m[0m
[  98% ] [90m[1msavepack[22m | 保存文件：res://animation/character/zombie/006_zombie_paper/Zombie_paper_gasp.tres.remap[39m[0m
[  98% ] [90m[1msavepack[22m | 保存文件：res://animation/character/zombie/006_zombie_paper/Zombie_paper_hair.tres.remap[39m[0m
[  98% ] [90m[1msavepack[22m | 保存文件：res://animation/character/zombie/006_zombie_paper/Zombie_paper_hairpiece.tres.remap[39m[0m
[  98% ] [90m[1msavepack[22m | 保存文件：res://animation/character/zombie/006_zombie_paper/Zombie_paper_head1.tres.remap[39m[0m
[  98% ] [90m[1msavepack[22m | 保存文件：res://animation/character/zombie/006_zombie_paper/Zombie_paper_head_glasses.tres.remap[39m[0m
[  98% ] [90m[1msavepack[22m | 保存文件：res://animation/character/zombie/006_zombie_paper/Zombie_paper_head_jaw.tres.remap[39m[0m
[  98% ] [90m[1msavepack[22m | 保存文件：res://animation/character/zombie/006_zombie_paper/Zombie_paper_head_look.tres.remap[39m[0m
[  98% ] [90m[1msavepack[22m | 保存文件：res://animation/character/zombie/006_zombie_paper/Zombie_paper_head_pupils.tres.remap[39m[0m
[  98% ] [90m[1msavepack[22m | 保存文件：res://animation/character/zombie/006_zombie_paper/Zombie_paper_idle.tres.remap[39m[0m
[  98% ] [90m[1msavepack[22m | 保存文件：res://animation/character/zombie/006_zombie_paper/Zombie_paper_walk.tres.remap[39m[0m
[  98% ] [90m[1msavepack[22m | 保存文件：res://animation/character/zombie/006_zombie_paper/Zombie_paper_walk_nopaper.tres.remap[39m[0m
[  98% ] [90m[1msavepack[22m | 保存文件：res://animation/character/zombie/008_zombie_football/Zombie_football_death.tres.remap[39m[0m
[  98% ] [90m[1msavepack[22m | 保存文件：res://animation/character/zombie/008_zombie_football/Zombie_football_eat.tres.remap[39m[0m
[  98% ] [90m[1msavepack[22m | 保存文件：res://animation/character/zombie/008_zombie_football/Zombie_football_hair.tres.remap[39m[0m
[  98% ] [90m[1msavepack[22m | 保存文件：res://animation/character/zombie/008_zombie_football/Zombie_football_head1.tres.remap[39m[0m
[  98% ] [90m[1msavepack[22m | 保存文件：res://animation/character/zombie/008_zombie_football/Zombie_football_head2.tres.remap[39m[0m
[  98% ] [90m[1msavepack[22m | 保存文件：res://animation/character/zombie/008_zombie_football/Zombie_football_idle.tres.remap[39m[0m
[  98% ] [90m[1msavepack[22m | 保存文件：res://animation/character/zombie/008_zombie_football/Zombie_football_walk.tres.remap[39m[0m
[  98% ] [90m[1msavepack[22m | 保存文件：res://animation/character/zombie/009_zombie_jackson/Zombie_Jackson_armraise.tres.remap[39m[0m
[  98% ] [90m[1msavepack[22m | 保存文件：res://animation/character/zombie/009_zombie_jackson/Zombie_Jackson_death.tres.remap[39m[0m
[  98% ] [90m[1msavepack[22m | 保存文件：res://animation/character/zombie/009_zombie_jackson/Zombie_Jackson_eat.tres.remap[39m[0m
[  98% ] [90m[1msavepack[22m | 保存文件：res://animation/character/zombie/009_zombie_jackson/Zombie_Jackson_hair.tres.remap[39m[0m
[  98% ] [90m[1msavepack[22m | 保存文件：res://animation/character/zombie/009_zombie_jackson/Zombie_Jackson_head1.tres.remap[39m[0m
[  98% ] [90m[1msavepack[22m | 保存文件：res://animation/character/zombie/009_zombie_jackson/Zombie_Jackson_head2.tres.remap[39m[0m
[  98% ] [90m[1msavepack[22m | 保存文件：res://animation/character/zombie/009_zombie_jackson/Zombie_Jackson_moonwalk.tres.remap[39m[0m
[  98% ] [90m[1msavepack[22m | 保存文件：res://animation/character/zombie/009_zombie_jackson/Zombie_Jackson_point.tres.remap[39m[0m
[  98% ] [90m[1msavepack[22m | 保存文件：res://animation/character/zombie/009_zombie_jackson/Zombie_Jackson_walk.tres.remap[39m[0m
[  98% ] [90m[1msavepack[22m | 保存文件：res://animation/character/zombie/010_zombie_dancer/Zombie_dancer_armraise.tres.remap[39m[0m
[  98% ] [90m[1msavepack[22m | 保存文件：res://animation/character/zombie/010_zombie_dancer/Zombie_dancer_death.tres.remap[39m[0m
[  98% ] [90m[1msavepack[22m | 保存文件：res://animation/character/zombie/010_zombie_dancer/Zombie_dancer_earing.tres.remap[39m[0m
[  98% ] [90m[1msavepack[22m | 保存文件：res://animation/character/zombie/010_zombie_dancer/Zombie_dancer_eat.tres.remap[39m[0m
[  98% ] [90m[1msavepack[22m | 保存文件：res://animation/character/zombie/010_zombie_dancer/Zombie_dancer_hair.tres.remap[39m[0m
[  98% ] [90m[1msavepack[22m | 保存文件：res://animation/character/zombie/010_zombie_dancer/Zombie_dancer_head1.tres.remap[39m[0m
[  98% ] [90m[1msavepack[22m | 保存文件：res://animation/character/zombie/010_zombie_dancer/Zombie_dancer_head2.tres.remap[39m[0m
[  98% ] [90m[1msavepack[22m | 保存文件：res://animation/character/zombie/010_zombie_dancer/Zombie_dancer_walk.tres.remap[39m[0m
[  98% ] [90m[1msavepack[22m | 保存文件：res://animation/character/zombie/012_zombie_snorkle/Zombie_snorkle_aquarium_bite.tres.remap[39m[0m
[  98% ] [90m[1msavepack[22m | 保存文件：res://animation/character/zombie/012_zombie_snorkle/Zombie_snorkle_aquarium_death.tres.remap[39m[0m
[  98% ] [90m[1msavepack[22m | 保存文件：res://animation/character/zombie/012_zombie_snorkle/Zombie_snorkle_aquarium_swim.tres.remap[39m[0m
[  98% ] [90m[1msavepack[22m | 保存文件：res://animation/character/zombie/012_zombie_snorkle/Zombie_snorkle_death.tres.remap[39m[0m
[  98% ] [90m[1msavepack[22m | 保存文件：res://animation/character/zombie/012_zombie_snorkle/Zombie_snorkle_eat.tres.remap[39m[0m
[  98% ] [90m[1msavepack[22m | 保存文件：res://animation/character/zombie/012_zombie_snorkle/Zombie_snorkle_head1.tres.remap[39m[0m
[  98% ] [90m[1msavepack[22m | 保存文件：res://animation/character/zombie/012_zombie_snorkle/Zombie_snorkle_head_jaw.tres.remap[39m[0m
[  98% ] [90m[1msavepack[22m | 保存文件：res://animation/character/zombie/012_zombie_snorkle/Zombie_snorkle_head_lips.tres.remap[39m[0m
[  98% ] [90m[1msavepack[22m | 保存文件：res://animation/character/zombie/012_zombie_snorkle/Zombie_snorkle_head_snorkle.tres.remap[39m[0m
[  98% ] [90m[1msavepack[22m | 保存文件：res://animation/character/zombie/012_zombie_snorkle/Zombie_snorkle_idle.tres.remap[39m[0m
[  98% ] [90m[1msavepack[22m | 保存文件：res://animation/character/zombie/012_zombie_snorkle/Zombie_snorkle_jumpinpool.tres.remap[39m[0m
[  98% ] [90m[1msavepack[22m | 保存文件：res://animation/character/zombie/012_zombie_snorkle/Zombie_snorkle_swim.tres.remap[39m[0m
[  98% ] [90m[1msavepack[22m | 保存文件：res://animation/character/zombie/012_zombie_snorkle/Zombie_snorkle_uptoeat2.tres.remap[39m[0m
[  98% ] [90m[1msavepack[22m | 保存文件：res://animation/character/zombie/012_zombie_snorkle/Zombie_snorkle_uptoeat.tres.remap[39m[0m
[  98% ] [90m[1msavepack[22m | 保存文件：res://animation/character/zombie/012_zombie_snorkle/Zombie_snorkle_walk.tres.remap[39m[0m
[  98% ] [90m[1msavepack[22m | 保存文件：res://animation/character/zombie/013_zombie_zamboni/Zombie_charred_zamboni_blink.tres.remap[39m[0m
[  98% ] [90m[1msavepack[22m | 保存文件：res://animation/character/zombie/013_zombie_zamboni/Zombie_charred_zamboni_crumble.tres.remap[39m[0m
[  98% ] [90m[1msavepack[22m | 保存文件：res://animation/character/zombie/013_zombie_zamboni/Zombie_zamboni_drive.tres.remap[39m[0m
[  98% ] [90m[1msavepack[22m | 保存文件：res://animation/character/zombie/013_zombie_zamboni/Zombie_zamboni_wheelie1.tres.remap[39m[0m
[  98% ] [90m[1msavepack[22m | 保存文件：res://animation/character/zombie/013_zombie_zamboni/Zombie_zamboni_wheelie2.tres.remap[39m[0m
[  98% ] [90m[1msavepack[22m | 保存文件：res://animation/character/zombie/014_zombie_bobsled/Zombie_bobsled_death.tres.remap[39m[0m
[  98% ] [90m[1msavepack[22m | 保存文件：res://animation/character/zombie/014_zombie_bobsled/Zombie_bobsled_eat.tres.remap[39m[0m
[  98% ] [90m[1msavepack[22m | 保存文件：res://animation/character/zombie/014_zombie_bobsled/Zombie_bobsled_head1.tres.remap[39m[0m
[  98% ] [90m[1msavepack[22m | 保存文件：res://animation/character/zombie/014_zombie_bobsled/Zombie_bobsled_head2.tres.remap[39m[0m
[  98% ] [90m[1msavepack[22m | 保存文件：res://animation/character/zombie/014_zombie_bobsled/Zombie_bobsled_idle.tres.remap[39m[0m
[  98% ] [90m[1msavepack[22m | 保存文件：res://animation/character/zombie/014_zombie_bobsled/Zombie_bobsled_jump.tres.remap[39m[0m
[  98% ] [90m[1msavepack[22m | 保存文件：res://animation/character/zombie/014_zombie_bobsled/Zombie_bobsled_push.tres.remap[39m[0m
[  98% ] [90m[1msavepack[22m | 保存文件：res://animation/character/zombie/014_zombie_bobsled/Zombie_bobsled_walk.tres.remap[39m[0m
[  98% ] [90m[1msavepack[22m | 保存文件：res://animation/character/zombie/015_zombie_dolphinrider/Zombie_dolphinrider_death.tres.remap[39m[0m
[  98% ] [90m[1msavepack[22m | 保存文件：res://animation/character/zombie/015_zombie_dolphinrider/Zombie_dolphinrider_dolphinjump.tres.remap[39m[0m
[  98% ] [90m[1msavepack[22m | 保存文件：res://animation/character/zombie/015_zombie_dolphinrider/Zombie_dolphinrider_eat.tres.remap[39m[0m
[  98% ] [90m[1msavepack[22m | 保存文件：res://animation/character/zombie/015_zombie_dolphinrider/Zombie_dolphinrider_head1.tres.remap[39m[0m
[  98% ] [90m[1msavepack[22m | 保存文件：res://animation/character/zombie/015_zombie_dolphinrider/Zombie_dolphinrider_head2.tres.remap[39m[0m
[  98% ] [90m[1msavepack[22m | 保存文件：res://animation/character/zombie/015_zombie_dolphinrider/Zombie_dolphinrider_idle.tres.remap[39m[0m
[  98% ] [90m[1msavepack[22m | 保存文件：res://animation/character/zombie/015_zombie_dolphinrider/Zombie_dolphinrider_jumpinpool.tres.remap[39m[0m
[  98% ] [90m[1msavepack[22m | 保存文件：res://animation/character/zombie/015_zombie_dolphinrider/Zombie_dolphinrider_ride.tres.remap[39m[0m
[  98% ] [90m[1msavepack[22m | 保存文件：res://animation/character/zombie/015_zombie_dolphinrider/Zombie_dolphinrider_swim.tres.remap[39m[0m
[  98% ] [90m[1msavepack[22m | 保存文件：res://animation/character/zombie/015_zombie_dolphinrider/Zombie_dolphinrider_walk.tres.remap[39m[0m
[  98% ] [90m[1msavepack[22m | 保存文件：res://animation/character/zombie/015_zombie_dolphinrider/Zombie_dolphinrider_walkdolphin.tres.remap[39m[0m
[  98% ] [90m[1msavepack[22m | 保存文件：res://animation/character/zombie/016_zombie_jackbox/Zombie_jackbox_death.tres.remap[39m[0m
[  98% ] [90m[1msavepack[22m | 保存文件：res://animation/character/zombie/016_zombie_jackbox/Zombie_jackbox_eat.tres.remap[39m[0m
[  98% ] [90m[1msavepack[22m | 保存文件：res://animation/character/zombie/016_zombie_jackbox/Zombie_jackbox_head1.tres.remap[39m[0m
[  98% ] [90m[1msavepack[22m | 保存文件：res://animation/character/zombie/016_zombie_jackbox/Zombie_jackbox_head2.tres.remap[39m[0m
[  98% ] [90m[1msavepack[22m | 保存文件：res://animation/character/zombie/016_zombie_jackbox/Zombie_jackbox_idle.tres.remap[39m[0m
[  98% ] [90m[1msavepack[22m | 保存文件：res://animation/character/zombie/016_zombie_jackbox/Zombie_jackbox_pop.tres.remap[39m[0m
[  98% ] [90m[1msavepack[22m | 保存文件：res://animation/character/zombie/016_zombie_jackbox/Zombie_jackbox_walk.tres.remap[39m[0m
[  98% ] [90m[1msavepack[22m | 保存文件：res://animation/character/zombie/017_zombie_balloon/Zombie_balloon_death.tres.remap[39m[0m
[  98% ] [90m[1msavepack[22m | 保存文件：res://animation/character/zombie/017_zombie_balloon/Zombie_balloon_eat.tres.remap[39m[0m
[  98% ] [90m[1msavepack[22m | 保存文件：res://animation/character/zombie/017_zombie_balloon/Zombie_balloon_head1.tres.remap[39m[0m
[  98% ] [90m[1msavepack[22m | 保存文件：res://animation/character/zombie/017_zombie_balloon/Zombie_balloon_head2.tres.remap[39m[0m
[  98% ] [90m[1msavepack[22m | 保存文件：res://animation/character/zombie/017_zombie_balloon/Zombie_balloon_idle.tres.remap[39m[0m
[  98% ] [90m[1msavepack[22m | 保存文件：res://animation/character/zombie/017_zombie_balloon/Zombie_balloon_pop.tres.remap[39m[0m
[  98% ] [90m[1msavepack[22m | 保存文件：res://animation/character/zombie/017_zombie_balloon/Zombie_balloon_swing.tres.remap[39m[0m
[  98% ] [90m[1msavepack[22m | 保存文件：res://animation/character/zombie/017_zombie_balloon/Zombie_balloon_walk.tres.remap[39m[0m
[  98% ] [90m[1msavepack[22m | 保存文件：res://animation/character/zombie/018_zombie_digger/Zombie_charred_digger.tscn.remap[39m[0m
[  98% ] [90m[1msavepack[22m | 保存文件：res://animation/character/zombie/018_zombie_digger/Zombie_charred_digger_crumble.tres.remap[39m[0m
[  98% ] [90m[1msavepack[22m | 保存文件：res://animation/character/zombie/018_zombie_digger/Zombie_charred_digger_crumble_noaxe.tres.remap[39m[0m
[  98% ] [90m[1msavepack[22m | 保存文件：res://animation/character/zombie/018_zombie_digger/Zombie_digger_death.tres.remap[39m[0m
[  98% ] [90m[1msavepack[22m | 保存文件：res://animation/character/zombie/018_zombie_digger/Zombie_digger_dig.tres.remap[39m[0m
[  98% ] [90m[1msavepack[22m | 保存文件：res://animation/character/zombie/018_zombie_digger/Zombie_digger_dizzy.tres.remap[39m[0m
[  98% ] [90m[1msavepack[22m | 保存文件：res://animation/character/zombie/018_zombie_digger/Zombie_digger_drill.tres.remap[39m[0m
[  98% ] [90m[1msavepack[22m | 保存文件：res://animation/character/zombie/018_zombie_digger/Zombie_digger_eat.tres.remap[39m[0m
[  98% ] [90m[1msavepack[22m | 保存文件：res://animation/character/zombie/018_zombie_digger/Zombie_digger_head1.tres.remap[39m[0m
[  98% ] [90m[1msavepack[22m | 保存文件：res://animation/character/zombie/018_zombie_digger/Zombie_digger_head2.tres.remap[39m[0m
[  98% ] [90m[1msavepack[22m | 保存文件：res://animation/character/zombie/018_zombie_digger/Zombie_digger_idle.tres.remap[39m[0m
[  98% ] [90m[1msavepack[22m | 保存文件：res://animation/character/zombie/018_zombie_digger/Zombie_digger_landing.tres.remap[39m[0m
[  98% ] [90m[1msavepack[22m | 保存文件：res://animation/character/zombie/018_zombie_digger/Zombie_digger_walk.tres.remap[39m[0m
[  98% ] [90m[1msavepack[22m | 保存文件：res://animation/character/zombie/019_zombie_pogo/Zombie_pogo_death.tres.remap[39m[0m
[  98% ] [90m[1msavepack[22m | 保存文件：res://animation/character/zombie/019_zombie_pogo/Zombie_pogo_eat.tres.remap[39m[0m
[  98% ] [90m[1msavepack[22m | 保存文件：res://animation/character/zombie/019_zombie_pogo/Zombie_pogo_hair.tres.remap[39m[0m
[  98% ] [90m[1msavepack[22m | 保存文件：res://animation/character/zombie/019_zombie_pogo/Zombie_pogo_head1.tres.remap[39m[0m
[  98% ] [90m[1msavepack[22m | 保存文件：res://animation/character/zombie/019_zombie_pogo/Zombie_pogo_head2.tres.remap[39m[0m
[  98% ] [90m[1msavepack[22m | 保存文件：res://animation/character/zombie/019_zombie_pogo/Zombie_pogo_head_glasses.tres.remap[39m[0m
[  98% ] [90m[1msavepack[22m | 保存文件：res://animation/character/zombie/019_zombie_pogo/Zombie_pogo_idle.tres.remap[39m[0m
[  98% ] [90m[1msavepack[22m | 保存文件：res://animation/character/zombie/019_zombie_pogo/Zombie_pogo_innerarm1.tres.remap[39m[0m
[  98% ] [90m[1msavepack[22m | 保存文件：res://animation/character/zombie/019_zombie_pogo/Zombie_pogo_innerarm2.tres.remap[39m[0m
[  98% ] [90m[1msavepack[22m | 保存文件：res://animation/character/zombie/019_zombie_pogo/Zombie_pogo_innerarm3.tres.remap[39m[0m
[  98% ] [90m[1msavepack[22m | 保存文件：res://animation/character/zombie/019_zombie_pogo/Zombie_pogo_pogo.tres.remap[39m[0m
[  98% ] [90m[1msavepack[22m | 保存文件：res://animation/character/zombie/019_zombie_pogo/Zombie_pogo_walk.tres.remap[39m[0m
[  98% ] [90m[1msavepack[22m | 保存文件：res://animation/character/zombie/020_zombie_yeti/Zombie_yeti_death.tres.remap[39m[0m
[  98% ] [90m[1msavepack[22m | 保存文件：res://animation/character/zombie/020_zombie_yeti/Zombie_yeti_eat.tres.remap[39m[0m
[  98% ] [90m[1msavepack[22m | 保存文件：res://animation/character/zombie/020_zombie_yeti/Zombie_yeti_head1.tres.remap[39m[0m
[  98% ] [90m[1msavepack[22m | 保存文件：res://animation/character/zombie/020_zombie_yeti/Zombie_yeti_head2.tres.remap[39m[0m
[  98% ] [90m[1msavepack[22m | 保存文件：res://animation/character/zombie/020_zombie_yeti/Zombie_yeti_idle.tres.remap[39m[0m
[  98% ] [90m[1msavepack[22m | 保存文件：res://animation/character/zombie/020_zombie_yeti/Zombie_yeti_walk.tres.remap[39m[0m
[  98% ] [90m[1msavepack[22m | 保存文件：res://animation/character/zombie/021_zombie_bungi/Zombie_bungi_drop.tres.remap[39m[0m
[  98% ] [90m[1msavepack[22m | 保存文件：res://animation/character/zombie/021_zombie_bungi/Zombie_bungi_grab.tres.remap[39m[0m
[  98% ] [90m[1msavepack[22m | 保存文件：res://animation/character/zombie/021_zombie_bungi/Zombie_bungi_head1.tres.remap[39m[0m
[  98% ] [90m[1msavepack[22m | 保存文件：res://animation/character/zombie/021_zombie_bungi/Zombie_bungi_hold.tres.remap[39m[0m
[  98% ] [90m[1msavepack[22m | 保存文件：res://animation/character/zombie/021_zombie_bungi/Zombie_bungi_idle.tres.remap[39m[0m
[  98% ] [90m[1msavepack[22m | 保存文件：res://animation/character/zombie/021_zombie_bungi/Zombie_bungi_raise.tres.remap[39m[0m
[  98% ] [90m[1msavepack[22m | 保存文件：res://animation/character/zombie/022_zombie_ladder/Zombie_ladder_death.tres.remap[39m[0m
[  98% ] [90m[1msavepack[22m | 保存文件：res://animation/character/zombie/022_zombie_ladder/Zombie_ladder_eat.tres.remap[39m[0m
[  98% ] [90m[1msavepack[22m | 保存文件：res://animation/character/zombie/022_zombie_ladder/Zombie_ladder_head1.tres.remap[39m[0m
[  98% ] [90m[1msavepack[22m | 保存文件：res://animation/character/zombie/022_zombie_ladder/Zombie_ladder_head2.tres.remap[39m[0m
[  98% ] [90m[1msavepack[22m | 保存文件：res://animation/character/zombie/022_zombie_ladder/Zombie_ladder_idle.tres.remap[39m[0m
[  98% ] [90m[1msavepack[22m | 保存文件：res://animation/character/zombie/022_zombie_ladder/Zombie_ladder_laddereat.tres.remap[39m[0m
[  98% ] [90m[1msavepack[22m | 保存文件：res://animation/character/zombie/022_zombie_ladder/Zombie_ladder_ladderwalk.tres.remap[39m[0m
[  98% ] [90m[1msavepack[22m | 保存文件：res://animation/character/zombie/022_zombie_ladder/Zombie_ladder_placeladder.tres.remap[39m[0m
[  98% ] [90m[1msavepack[22m | 保存文件：res://animation/character/zombie/022_zombie_ladder/Zombie_ladder_walk.tres.remap[39m[0m
[  98% ] [90m[1msavepack[22m | 保存文件：res://animation/character/zombie/023_zombie_catapult/Zombie_catapult.tscn.remap[39m[0m
[  98% ] [90m[1msavepack[22m | 保存文件：res://animation/character/zombie/023_zombie_catapult/Zombie_catapult_bounce.tres.remap[39m[0m
[  98% ] [90m[1msavepack[22m | 保存文件：res://animation/character/zombie/023_zombie_catapult/Zombie_catapult_idle.tres.remap[39m[0m
[  98% ] [90m[1msavepack[22m | 保存文件：res://animation/character/zombie/023_zombie_catapult/Zombie_catapult_shoot.tres.remap[39m[0m
[  98% ] [90m[1msavepack[22m | 保存文件：res://animation/character/zombie/023_zombie_catapult/Zombie_catapult_walk.tres.remap[39m[0m
[  98% ] [90m[1msavepack[22m | 保存文件：res://animation/character/zombie/024_zombie_gargantuar/Zombie_gargantuar.tscn.remap[39m[0m
[  98% ] [90m[1msavepack[22m | 保存文件：res://animation/character/zombie/024_zombie_gargantuar/Zombie_gargantuar_death.tres.remap[39m[0m
[  98% ] [90m[1msavepack[22m | 保存文件：res://animation/character/zombie/024_zombie_gargantuar/Zombie_gargantuar_head1.tres.remap[39m[0m
[  98% ] [90m[1msavepack[22m | 保存文件：res://animation/character/zombie/024_zombie_gargantuar/Zombie_gargantuar_idle.tres.remap[39m[0m
[  98% ] [90m[1msavepack[22m | 保存文件：res://animation/character/zombie/024_zombie_gargantuar/Zombie_gargantuar_smash.tres.remap[39m[0m
[  98% ] [90m[1msavepack[22m | 保存文件：res://animation/character/zombie/024_zombie_gargantuar/Zombie_gargantuar_throw.tres.remap[39m[0m
[  98% ] [90m[1msavepack[22m | 保存文件：res://animation/character/zombie/024_zombie_gargantuar/Zombie_gargantuar_walk.tres.remap[39m[0m
[  98% ] [90m[1msavepack[22m | 保存文件：res://animation/character/zombie/025_zombie_imp/Zombie_imp.tscn.remap[39m[0m
[  98% ] [90m[1msavepack[22m | 保存文件：res://animation/character/zombie/025_zombie_imp/Zombie_imp_death.tres.remap[39m[0m
[  98% ] [90m[1msavepack[22m | 保存文件：res://animation/character/zombie/025_zombie_imp/Zombie_imp_eat.tres.remap[39m[0m
[  98% ] [90m[1msavepack[22m | 保存文件：res://animation/character/zombie/025_zombie_imp/Zombie_imp_head1.tres.remap[39m[0m
[  98% ] [90m[1msavepack[22m | 保存文件：res://animation/character/zombie/025_zombie_imp/Zombie_imp_head2.tres.remap[39m[0m
[  98% ] [90m[1msavepack[22m | 保存文件：res://animation/character/zombie/025_zombie_imp/Zombie_imp_land.tres.remap[39m[0m
[  98% ] [90m[1msavepack[22m | 保存文件：res://animation/character/zombie/025_zombie_imp/Zombie_imp_thrown.tres.remap[39m[0m
[  98% ] [90m[1msavepack[22m | 保存文件：res://animation/character/zombie/025_zombie_imp/Zombie_imp_walk.tres.remap[39m[0m
[  98% ] [90m[1msavepack[22m | 保存文件：res://animation/character/zombie/999_zombie_boss/Zombie_boss_bungee_1_enter.tres.remap[39m[0m
[  98% ] [90m[1msavepack[22m | 保存文件：res://animation/character/zombie/999_zombie_boss/Zombie_boss_bungee_1_leave.tres.remap[39m[0m
[  98% ] [90m[1msavepack[22m | 保存文件：res://animation/character/zombie/999_zombie_boss/Zombie_boss_death.tres.remap[39m[0m
[  98% ] [90m[1msavepack[22m | 保存文件：res://animation/character/zombie/999_zombie_boss/Zombie_boss_enter.tres.remap[39m[0m
[  98% ] [90m[1msavepack[22m | 保存文件：res://animation/character/zombie/999_zombie_boss/Zombie_boss_head_attack_1.tres.remap[39m[0m
[  98% ] [90m[1msavepack[22m | 保存文件：res://animation/character/zombie/999_zombie_boss/Zombie_boss_head_attack_2.tres.remap[39m[0m
[  98% ] [90m[1msavepack[22m | 保存文件：res://animation/character/zombie/999_zombie_boss/Zombie_boss_head_attack_3.tres.remap[39m[0m
[  98% ] [90m[1msavepack[22m | 保存文件：res://animation/character/zombie/999_zombie_boss/Zombie_boss_head_attack_4.tres.remap[39m[0m
[  98% ] [90m[1msavepack[22m | 保存文件：res://animation/character/zombie/999_zombie_boss/Zombie_boss_head_attack_5.tres.remap[39m[0m
[  98% ] [90m[1msavepack[22m | 保存文件：res://animation/character/zombie/999_zombie_boss/Zombie_boss_head_enter.tres.remap[39m[0m
[  98% ] [90m[1msavepack[22m | 保存文件：res://animation/character/zombie/999_zombie_boss/Zombie_boss_head_idle.tres.remap[39m[0m
[  98% ] [90m[1msavepack[22m | 保存文件：res://animation/character/zombie/999_zombie_boss/Zombie_boss_head_leave.tres.remap[39m[0m
[  98% ] [90m[1msavepack[22m | 保存文件：res://animation/character/zombie/999_zombie_boss/Zombie_boss_idle.tres.remap[39m[0m
[  98% ] [90m[1msavepack[22m | 保存文件：res://animation/character/zombie/999_zombie_boss/Zombie_boss_RV_1.tres.remap[39m[0m
[  98% ] [90m[1msavepack[22m | 保存文件：res://animation/character/zombie/999_zombie_boss/Zombie_boss_spawn_1.tres.remap[39m[0m
[  98% ] [90m[1msavepack[22m | 保存文件：res://animation/character/zombie/999_zombie_boss/Zombie_boss_spawn_2.tres.remap[39m[0m
[  98% ] [90m[1msavepack[22m | 保存文件：res://animation/character/zombie/999_zombie_boss/Zombie_boss_spawn_3.tres.remap[39m[0m
[  98% ] [90m[1msavepack[22m | 保存文件：res://animation/character/zombie/999_zombie_boss/Zombie_boss_spawn_4.tres.remap[39m[0m
[  98% ] [90m[1msavepack[22m | 保存文件：res://animation/character/zombie/999_zombie_boss/Zombie_boss_spawn_5.tres.remap[39m[0m
[  98% ] [90m[1msavepack[22m | 保存文件：res://animation/character/zombie/999_zombie_boss/Zombie_boss_stomp_1.tres.remap[39m[0m
[  98% ] [90m[1msavepack[22m | 保存文件：res://animation/character/zombie/999_zombie_boss/Zombie_boss_stomp_2.tres.remap[39m[0m
[  98% ] [90m[1msavepack[22m | 保存文件：res://animation/character/zombie/999_zombie_boss/Zombie_boss_stomp_3.tres.remap[39m[0m
[  98% ] [90m[1msavepack[22m | 保存文件：res://animation/character/zombie/999_zombie_boss/Zombie_boss_stomp_4.tres.remap[39m[0m
[  98% ] [90m[1msavepack[22m | 保存文件：res://animation/crazy_dave/CrazyDave_blahblah.tres.remap[39m[0m
[  98% ] [90m[1msavepack[22m | 保存文件：res://animation/crazy_dave/CrazyDave_blink.tres.remap[39m[0m
[  98% ] [90m[1msavepack[22m | 保存文件：res://animation/crazy_dave/CrazyDave_crazy.tres.remap[39m[0m
[  98% ] [90m[1msavepack[22m | 保存文件：res://animation/crazy_dave/CrazyDave_enter.tres.remap[39m[0m
[  98% ] [90m[1msavepack[22m | 保存文件：res://animation/crazy_dave/CrazyDave_enterup.tres.remap[39m[0m
[  98% ] [90m[1msavepack[22m | 保存文件：res://animation/crazy_dave/CrazyDave_enter_handing.tres.remap[39m[0m
[  98% ] [90m[1msavepack[22m | 保存文件：res://animation/crazy_dave/CrazyDave_grab.tres.remap[39m[0m
[  98% ] [90m[1msavepack[22m | 保存文件：res://animation/crazy_dave/CrazyDave_idle.tres.remap[39m[0m
[  98% ] [90m[1msavepack[22m | 保存文件：res://animation/crazy_dave/CrazyDave_idle_handing.tres.remap[39m[0m
[  98% ] [90m[1msavepack[22m | 保存文件：res://animation/crazy_dave/CrazyDave_leave.tres.remap[39m[0m
[  98% ] [90m[1msavepack[22m | 保存文件：res://animation/crazy_dave/CrazyDave_mediumtalk.tres.remap[39m[0m
[  98% ] [90m[1msavepack[22m | 保存文件：res://animation/crazy_dave/CrazyDave_smalltalk.tres.remap[39m[0m
[  98% ] [90m[1msavepack[22m | 保存文件：res://animation/crazy_dave/CrazyDave_talk_handing.tres.remap[39m[0m
[  98% ] [90m[1msavepack[22m | 保存文件：res://animation/garden/sprout/ZenGarden_sprout_flower.tres.remap[39m[0m
[  98% ] [90m[1msavepack[22m | 保存文件：res://animation/garden/sprout/ZenGarden_sprout_idle.tres.remap[39m[0m
[  98% ] [90m[1msavepack[22m | 保存文件：res://animation/garden/sprout/ZenGarden_sprout_idle_noflower.tres.remap[39m[0m
[  98% ] [90m[1msavepack[22m | 保存文件：res://animation/garden/sprout/ZenGarden_sprout_sprout.tres.remap[39m[0m
[  98% ] [90m[1msavepack[22m | 保存文件：res://animation/garden/stinky/Stinky_crawl.tres.remap[39m[0m
[  98% ] [90m[1msavepack[22m | 保存文件：res://animation/garden/stinky/Stinky_idle.tres.remap[39m[0m
[  98% ] [90m[1msavepack[22m | 保存文件：res://animation/garden/stinky/Stinky_in.tres.remap[39m[0m
[  98% ] [90m[1msavepack[22m | 保存文件：res://animation/garden/stinky/Stinky_out.tres.remap[39m[0m
[  98% ] [90m[1msavepack[22m | 保存文件：res://animation/garden/stinky/Stinky_sleep.tres.remap[39m[0m
[  98% ] [90m[1msavepack[22m | 保存文件：res://animation/garden/stinky/Stinky_turn.tres.remap[39m[0m
[  98% ] [90m[1msavepack[22m | 保存文件：res://animation/garden/wateringcan/ZenGarden_wateringcan_water.tres.remap[39m[0m
[  98% ] [90m[1msavepack[22m | 保存文件：res://animation/garden/wateringcan/ZenGarden_wateringcan_water_area.tres.remap[39m[0m
[  98% ] [90m[1msavepack[22m | 保存文件：res://animation/item/Fire/fire_done.tres.remap[39m[0m
[  98% ] [90m[1msavepack[22m | 保存文件：res://animation/item/Fire/fire_flame.tres.remap[39m[0m
[  98% ] [90m[1msavepack[22m | 保存文件：res://animation/item/Hammer/Hammer_open_pot.tres.remap[39m[0m
[  98% ] [90m[1msavepack[22m | 保存文件：res://animation/item/Hammer/Hammer_whack_zombie.tres.remap[39m[0m
[  98% ] [90m[1msavepack[22m | 保存文件：res://animation/item/LawnMover/LawnMower_normal.tres.remap[39m[0m
[  98% ] [90m[1msavepack[22m | 保存文件：res://animation/item/LawnMover/LawnMower_tricked.tres.remap[39m[0m
[  98% ] [90m[1msavepack[22m | 保存文件：res://animation/item/LawnMover/PoolCleaner_land.tres.remap[39m[0m
[  98% ] [90m[1msavepack[22m | 保存文件：res://animation/item/LawnMover/PoolCleaner_landsuck.tres.remap[39m[0m
[  98% ] [90m[1msavepack[22m | 保存文件：res://animation/item/LawnMover/PoolCleaner_land_static.tres.remap[39m[0m
[  98% ] [90m[1msavepack[22m | 保存文件：res://animation/item/LawnMover/PoolCleaner_suck.tres.remap[39m[0m
[  98% ] [90m[1msavepack[22m | 保存文件：res://animation/item/LawnMover/PoolCleaner_water.tres.remap[39m[0m
[  98% ] [90m[1msavepack[22m | 保存文件：res://assets/all_reanim/Zombie_boss.tscn.remap[39m[0m
[  98% ] [90m[1msavepack[22m | 保存文件：res://assets/all_reanim/Zombie_boss_bungee_1_enter.tres.remap[39m[0m
[  98% ] [90m[1msavepack[22m | 保存文件：res://assets/all_reanim/Zombie_boss_bungee_1_leave.tres.remap[39m[0m
[  98% ] [90m[1msavepack[22m | 保存文件：res://assets/all_reanim/Zombie_boss_death.tres.remap[39m[0m
[  98% ] [90m[1msavepack[22m | 保存文件：res://assets/all_reanim/Zombie_boss_enter.tres.remap[39m[0m
[  98% ] [90m[1msavepack[22m | 保存文件：res://assets/all_reanim/Zombie_boss_head_attack_1.tres.remap[39m[0m
[  98% ] [90m[1msavepack[22m | 保存文件：res://assets/all_reanim/Zombie_boss_head_attack_2.tres.remap[39m[0m
[  98% ] [90m[1msavepack[22m | 保存文件：res://assets/all_reanim/Zombie_boss_head_attack_3.tres.remap[39m[0m
[  98% ] [90m[1msavepack[22m | 保存文件：res://assets/all_reanim/Zombie_boss_head_attack_4.tres.remap[39m[0m
[  98% ] [90m[1msavepack[22m | 保存文件：res://assets/all_reanim/Zombie_boss_head_attack_5.tres.remap[39m[0m
[  98% ] [90m[1msavepack[22m | 保存文件：res://assets/all_reanim/Zombie_boss_head_enter.tres.remap[39m[0m
[  98% ] [90m[1msavepack[22m | 保存文件：res://assets/all_reanim/Zombie_boss_head_idle.tres.remap[39m[0m
[  98% ] [90m[1msavepack[22m | 保存文件：res://assets/all_reanim/Zombie_boss_head_leave.tres.remap[39m[0m
[  98% ] [90m[1msavepack[22m | 保存文件：res://assets/all_reanim/Zombie_boss_idle.tres.remap[39m[0m
[  98% ] [90m[1msavepack[22m | 保存文件：res://assets/all_reanim/Zombie_boss_RV_1.tres.remap[39m[0m
[  98% ] [90m[1msavepack[22m | 保存文件：res://assets/all_reanim/Zombie_boss_spawn_1.tres.remap[39m[0m
[  98% ] [90m[1msavepack[22m | 保存文件：res://assets/all_reanim/Zombie_boss_spawn_2.tres.remap[39m[0m
[  98% ] [90m[1msavepack[22m | 保存文件：res://assets/all_reanim/Zombie_boss_spawn_3.tres.remap[39m[0m
[  98% ] [90m[1msavepack[22m | 保存文件：res://assets/all_reanim/Zombie_boss_spawn_4.tres.remap[39m[0m
[  98% ] [90m[1msavepack[22m | 保存文件：res://assets/all_reanim/Zombie_boss_spawn_5.tres.remap[39m[0m
[  98% ] [90m[1msavepack[22m | 保存文件：res://assets/all_reanim/Zombie_boss_stomp_1.tres.remap[39m[0m
[  98% ] [90m[1msavepack[22m | 保存文件：res://assets/all_reanim/Zombie_boss_stomp_2.tres.remap[39m[0m
[  98% ] [90m[1msavepack[22m | 保存文件：res://assets/all_reanim/Zombie_boss_stomp_3.tres.remap[39m[0m
[  98% ] [90m[1msavepack[22m | 保存文件：res://assets/all_reanim/Zombie_boss_stomp_4.tres.remap[39m[0m
[  98% ] [90m[1msavepack[22m | 保存文件：res://data/ChooesLevel.tres.remap[39m[0m
[  98% ] [90m[1msavepack[22m | 保存文件：res://data/norm_ui_theme.tres.remap[39m[0m
[  98% ] [90m[1msavepack[22m | 保存文件：res://data/PVZ_theme.tres.remap[39m[0m
[  98% ] [90m[1msavepack[22m | 保存文件：res://level_game_para/我不是僵尸.tres.remap[39m[0m
[  98% ] [90m[1msavepack[22m | 保存文件：res://level_game_para/罐子僵尸.tres.remap[39m[0m
[  98% ] [90m[1msavepack[22m | 保存文件：res://resources/button_styles/on_choose_one_user_button.tres.remap[39m[0m
[  98% ] [90m[1msavepack[22m | 保存文件：res://resources/card_bg/01Norm.tres.remap[39m[0m
[  98% ] [90m[1msavepack[22m | 保存文件：res://resources/card_bg/02Purple.tres.remap[39m[0m
[  98% ] [90m[1msavepack[22m | 保存文件：res://resources/card_bg/03Gray.tres.remap[39m[0m
[  98% ] [90m[1msavepack[22m | 保存文件：res://resources/character_resource/body_change/plant/plant_004_wall_nut_body_change_body_0.tres.remap[39m[0m
[  98% ] [90m[1msavepack[22m | 保存文件：res://resources/character_resource/body_change/plant/plant_004_wall_nut_body_change_body_1.tres.remap[39m[0m
[  98% ] [90m[1msavepack[22m | 保存文件：res://resources/character_resource/plant_condition/000_common_plant_land.tres.remap[39m[0m
[  98% ] [90m[1msavepack[22m | 保存文件：res://resources/character_resource/plant_condition/000_common_purple.tres.remap[39m[0m
[  98% ] [90m[1msavepack[22m | 保存文件：res://resources/character_resource/plant_condition/005_potato_mine.tres.remap[39m[0m
[  98% ] [90m[1msavepack[22m | 保存文件：res://resources/character_resource/plant_condition/012_grave_buster.tres.remap[39m[0m
[  98% ] [90m[1msavepack[22m | 保存文件：res://resources/character_resource/plant_condition/017_lily_pad.tres.remap[39m[0m
[  98% ] [90m[1msavepack[22m | 保存文件：res://resources/character_resource/plant_condition/020_tanglekelp.tres.remap[39m[0m
[  98% ] [90m[1msavepack[22m | 保存文件：res://resources/character_resource/plant_condition/022_caltrop.tres.remap[39m[0m
[  98% ] [90m[1msavepack[22m | 保存文件：res://resources/character_resource/plant_condition/031_Pumpkin.tres.remap[39m[0m
[  98% ] [90m[1msavepack[22m | 保存文件：res://resources/character_resource/plant_condition/034_flower_pot.tres.remap[39m[0m
[  98% ] [90m[1msavepack[22m | 保存文件：res://resources/character_resource/plant_condition/036_coffee_bean.tres.remap[39m[0m
[  98% ] [90m[1msavepack[22m | 保存文件：res://resources/character_resource/plant_condition/048_cob_cannon.tres.remap[39m[0m
[  98% ] [90m[1msavepack[22m | 保存文件：res://resources/character_resource/plant_condition/999_imitater.tres.remap[39m[0m
[  98% ] [90m[1msavepack[22m | 保存文件：res://resources/crazy_dave_resource/dialog/000_Hello.tres.remap[39m[0m
[  98% ] [90m[1msavepack[22m | 保存文件：res://resources/crazy_dave_resource/dialog_detail/Store/GardenBg00GreenHouse.tres.remap[39m[0m
[  98% ] [90m[1msavepack[22m | 保存文件：res://resources/crazy_dave_resource/dialog_detail/Store/GardenBg01MushroomGraden.tres.remap[39m[0m
[  98% ] [90m[1msavepack[22m | 保存文件：res://resources/crazy_dave_resource/dialog_detail/Store/GardenBg02Aquarium.tres.remap[39m[0m
[  98% ] [90m[1msavepack[22m | 保存文件：res://resources/crazy_dave_resource/dialog_detail/Store/GardenBg03Tree.tres.remap[39m[0m
[  98% ] [90m[1msavepack[22m | 保存文件：res://resources/crazy_dave_resource/dialog_detail/Store/GardenSprout.tres.remap[39m[0m
[  98% ] [90m[1msavepack[22m | 保存文件：res://resources/crazy_dave_resource/dialog_detail/000_Hello.tres.remap[39m[0m
[  98% ] [90m[1msavepack[22m | 保存文件：res://resources/crazy_dave_resource/dialog_detail/001_Crazy.tres.remap[39m[0m
[  98% ] [90m[1msavepack[22m | 保存文件：res://resources/crazy_dave_resource/dialog_detail/002_LookMyHand.tres.remap[39m[0m
[  98% ] [90m[1msavepack[22m | 保存文件：res://resources/level_date_resource/mode_adventure/adventure_1_01.tres.remap[39m[0m
[  98% ] [90m[1msavepack[22m | 保存文件：res://resources/level_date_resource/mode_adventure/adventure_1_02.tres.remap[39m[0m
[  98% ] [90m[1msavepack[22m | 保存文件：res://resources/level_date_resource/mode_adventure/adventure_1_03.tres.remap[39m[0m
[  98% ] [90m[1msavepack[22m | 保存文件：res://resources/level_date_resource/mode_adventure/adventure_1_04.tres.remap[39m[0m
[  98% ] [90m[1msavepack[22m | 保存文件：res://resources/level_date_resource/mode_adventure/adventure_1_06.tres.remap[39m[0m
[  98% ] [90m[1msavepack[22m | 保存文件：res://resources/level_date_resource/mode_adventure/adventure_1_07.tres.remap[39m[0m
[  98% ] [90m[1msavepack[22m | 保存文件：res://resources/level_date_resource/mode_adventure/adventure_1_08.tres.remap[39m[0m
[  98% ] [90m[1msavepack[22m | 保存文件：res://resources/level_date_resource/mode_adventure/adventure_1_09.tres.remap[39m[0m
[  98% ] [90m[1msavepack[22m | 保存文件：res://resources/level_date_resource/mode_adventure/adventure_1_10.tres.remap[39m[0m
[  98% ] [90m[1msavepack[22m | 保存文件：res://resources/level_date_resource/mode_adventure/adventure_2_01.tres.remap[39m[0m
[  98% ] [90m[1msavepack[22m | 保存文件：res://resources/level_date_resource/mode_adventure/adventure_2_02.tres.remap[39m[0m
[  98% ] [90m[1msavepack[22m | 保存文件：res://resources/level_date_resource/mode_adventure/adventure_2_03.tres.remap[39m[0m
[  98% ] [90m[1msavepack[22m | 保存文件：res://resources/level_date_resource/mode_adventure/adventure_2_04.tres.remap[39m[0m
[  98% ] [90m[1msavepack[22m | 保存文件：res://resources/level_date_resource/mode_adventure/adventure_2_05.tres.remap[39m[0m
[  98% ] [90m[1msavepack[22m | 保存文件：res://resources/level_date_resource/mode_adventure/adventure_2_06.tres.remap[39m[0m
[  98% ] [90m[1msavepack[22m | 保存文件：res://resources/level_date_resource/mode_adventure/adventure_2_07.tres.remap[39m[0m
[  98% ] [90m[1msavepack[22m | 保存文件：res://resources/level_date_resource/mode_adventure/adventure_2_08.tres.remap[39m[0m
[  98% ] [90m[1msavepack[22m | 保存文件：res://resources/level_date_resource/mode_adventure/adventure_2_09.tres.remap[39m[0m
[  98% ] [90m[1msavepack[22m | 保存文件：res://resources/level_date_resource/mode_adventure/adventure_2_10.tres.remap[39m[0m
[  98% ] [90m[1msavepack[22m | 保存文件：res://resources/level_date_resource/mode_adventure/adventure_3_01.tres.remap[39m[0m
[  98% ] [90m[1msavepack[22m | 保存文件：res://resources/level_date_resource/mode_adventure/adventure_3_02.tres.remap[39m[0m
[  98% ] [90m[1msavepack[22m | 保存文件：res://resources/level_date_resource/mode_adventure/adventure_3_03.tres.remap[39m[0m
[  98% ] [90m[1msavepack[22m | 保存文件：res://resources/level_date_resource/mode_adventure/adventure_3_04.tres.remap[39m[0m
[  98% ] [90m[1msavepack[22m | 保存文件：res://resources/level_date_resource/mode_adventure/adventure_3_05.tres.remap[39m[0m
[  98% ] [90m[1msavepack[22m | 保存文件：res://resources/level_date_resource/mode_adventure/adventure_3_06.tres.remap[39m[0m
[  98% ] [90m[1msavepack[22m | 保存文件：res://resources/level_date_resource/mode_adventure/adventure_3_07.tres.remap[39m[0m
[  98% ] [90m[1msavepack[22m | 保存文件：res://resources/level_date_resource/mode_adventure/adventure_3_08.tres.remap[39m[0m
[  98% ] [90m[1msavepack[22m | 保存文件：res://resources/level_date_resource/mode_adventure/adventure_3_09.tres.remap[39m[0m
[  98% ] [90m[1msavepack[22m | 保存文件：res://resources/level_date_resource/mode_adventure/adventure_3_10.tres.remap[39m[0m
[  98% ] [90m[1msavepack[22m | 保存文件：res://resources/level_date_resource/mode_adventure/adventure_4_01.tres.remap[39m[0m
[  98% ] [90m[1msavepack[22m | 保存文件：res://resources/level_date_resource/mode_adventure/adventure_4_02.tres.remap[39m[0m
[  98% ] [90m[1msavepack[22m | 保存文件：res://resources/level_date_resource/mode_adventure/adventure_4_03.tres.remap[39m[0m
[  98% ] [90m[1msavepack[22m | 保存文件：res://resources/level_date_resource/mode_adventure/adventure_4_04.tres.remap[39m[0m
[  98% ] [90m[1msavepack[22m | 保存文件：res://resources/level_date_resource/mode_adventure/adventure_4_05.tres.remap[39m[0m
[  98% ] [90m[1msavepack[22m | 保存文件：res://resources/level_date_resource/mode_adventure/adventure_4_06.tres.remap[39m[0m
[  98% ] [90m[1msavepack[22m | 保存文件：res://resources/level_date_resource/mode_adventure/adventure_4_07.tres.remap[39m[0m
[  98% ] [90m[1msavepack[22m | 保存文件：res://resources/level_date_resource/mode_adventure/adventure_4_08.tres.remap[39m[0m
[  98% ] [90m[1msavepack[22m | 保存文件：res://resources/level_date_resource/mode_adventure/adventure_4_09.tres.remap[39m[0m
[  98% ] [90m[1msavepack[22m | 保存文件：res://resources/level_date_resource/mode_adventure/adventure_4_10.tres.remap[39m[0m
[  98% ] [90m[1msavepack[22m | 保存文件：res://resources/level_date_resource/mode_adventure/adventure_5_01.tres.remap[39m[0m
[  98% ] [90m[1msavepack[22m | 保存文件：res://resources/level_date_resource/mode_adventure/adventure_5_02.tres.remap[39m[0m
[  98% ] [90m[1msavepack[22m | 保存文件：res://resources/level_date_resource/mode_adventure/adventure_5_03.tres.remap[39m[0m
[  98% ] [90m[1msavepack[22m | 保存文件：res://resources/level_date_resource/mode_adventure/adventure_5_04.tres.remap[39m[0m
[  98% ] [90m[1msavepack[22m | 保存文件：res://resources/level_date_resource/mode_adventure/adventure_5_05.tres.remap[39m[0m
[  98% ] [90m[1msavepack[22m | 保存文件：res://resources/level_date_resource/mode_adventure/adventure_5_06.tres.remap[39m[0m
[  98% ] [90m[1msavepack[22m | 保存文件：res://resources/level_date_resource/mode_adventure/adventure_5_07.tres.remap[39m[0m
[  98% ] [90m[1msavepack[22m | 保存文件：res://resources/level_date_resource/mode_adventure/adventure_5_08.tres.remap[39m[0m
[  98% ] [90m[1msavepack[22m | 保存文件：res://resources/level_date_resource/mode_adventure/adventure_5_09.tres.remap[39m[0m
[  98% ] [90m[1msavepack[22m | 保存文件：res://resources/level_date_resource/mode_adventure/adventure_5_10.tres.remap[39m[0m
[  98% ] [90m[1msavepack[22m | 保存文件：res://resources/level_date_resource/mode_minigame/minigame_01_bowling.tres.remap[39m[0m
[  98% ] [90m[1msavepack[22m | 保存文件：res://resources/level_date_resource/mode_minigame/minigame_02_hammer_zombie.tres.remap[39m[0m
[  98% ] [90m[1msavepack[22m | 保存文件：res://resources/level_date_resource/mode_minigame/minigame_03_mini_zombie.tres.remap[39m[0m
[  98% ] [90m[1msavepack[22m | 保存文件：res://resources/level_date_resource/mode_minigame/minigame_04_seed_rain.tres.remap[39m[0m
[  98% ] [90m[1msavepack[22m | 保存文件：res://resources/level_date_resource/mode_minigame/minigame_05_column.tres.remap[39m[0m
[  98% ] [90m[1msavepack[22m | 保存文件：res://resources/level_date_resource/mode_minigame/minigame_07_zomboss.tres.remap[39m[0m
[  98% ] [90m[1msavepack[22m | 保存文件：res://resources/level_date_resource/mode_minigame/minigame_101_small_gambling.tres.remap[39m[0m
[  98% ] [90m[1msavepack[22m | 保存文件：res://resources/level_date_resource/mode_puzzle/puzzle_pot_01.tres.remap[39m[0m
[  98% ] [90m[1msavepack[22m | 保存文件：res://resources/level_date_resource/mode_puzzle/puzzle_pot_02.tres.remap[39m[0m
[  98% ] [90m[1msavepack[22m | 保存文件：res://resources/level_date_resource/mode_puzzle/puzzle_pot_03.tres.remap[39m[0m
[  98% ] [90m[1msavepack[22m | 保存文件：res://resources/level_date_resource/mode_puzzle/puzzle_pot_04.tres.remap[39m[0m
[  98% ] [90m[1msavepack[22m | 保存文件：res://resources/level_date_resource/mode_puzzle/puzzle_pot_05.tres.remap[39m[0m
[  98% ] [90m[1msavepack[22m | 保存文件：res://resources/level_date_resource/mode_puzzle/puzzle_pot_06.tres.remap[39m[0m
[  98% ] [90m[1msavepack[22m | 保存文件：res://resources/level_date_resource/mode_puzzle/puzzle_pot_07.tres.remap[39m[0m
[  98% ] [90m[1msavepack[22m | 保存文件：res://resources/level_date_resource/mode_puzzle/puzzle_pot_08.tres.remap[39m[0m
[  98% ] [90m[1msavepack[22m | 保存文件：res://resources/level_date_resource/mode_puzzle/puzzle_pot_09.tres.remap[39m[0m
[  98% ] [90m[1msavepack[22m | 保存文件：res://resources/level_date_resource/mode_puzzle/puzzle_pot_10.tres.remap[39m[0m
[  98% ] [90m[1msavepack[22m | 保存文件：res://resources/level_date_resource/mode_puzzle/puzzle_pot_11.tres.remap[39m[0m
[  98% ] [90m[1msavepack[22m | 保存文件：res://resources/level_date_resource/mode_puzzle/puzzle_pot_12.tres.remap[39m[0m
[  98% ] [90m[1msavepack[22m | 保存文件：res://resources/level_date_resource/mode_puzzle/puzzle_pot_13.tres.remap[39m[0m
[  98% ] [90m[1msavepack[22m | 保存文件：res://resources/level_date_resource/mode_puzzle/puzzle_pot_14.tres.remap[39m[0m
[  98% ] [90m[1msavepack[22m | 保存文件：res://resources/level_date_resource/mode_puzzle/puzzle_pot_15.tres.remap[39m[0m
[  98% ] [90m[1msavepack[22m | 保存文件：res://resources/level_date_resource/mode_puzzle/puzzle_pot_16.tres.remap[39m[0m
[  98% ] [90m[1msavepack[22m | 保存文件：res://resources/level_date_resource/mode_puzzle/puzzle_pot_17.tres.remap[39m[0m
[  98% ] [90m[1msavepack[22m | 保存文件：res://resources/level_date_resource/mode_puzzle/puzzle_pot_18.tres.remap[39m[0m
[  98% ] [90m[1msavepack[22m | 保存文件：res://resources/level_date_resource/mode_puzzle/puzzle_pot_19.tres.remap[39m[0m
[  98% ] [90m[1msavepack[22m | 保存文件：res://resources/level_date_resource/mode_puzzle/puzzle_pot_20.tres.remap[39m[0m
[  98% ] [90m[1msavepack[22m | 保存文件：res://resources/level_date_resource/mode_puzzle/puzzle_zombie_01.tres.remap[39m[0m
[  98% ] [90m[1msavepack[22m | 保存文件：res://resources/level_date_resource/mode_puzzle/puzzle_zombie_02.tres.remap[39m[0m
[  98% ] [90m[1msavepack[22m | 保存文件：res://resources/level_date_resource/mode_puzzle/puzzle_zombie_03.tres.remap[39m[0m
[  98% ] [90m[1msavepack[22m | 保存文件：res://resources/level_date_resource/mode_puzzle/puzzle_zombie_04.tres.remap[39m[0m
[  98% ] [90m[1msavepack[22m | 保存文件：res://resources/level_date_resource/mode_puzzle/puzzle_zombie_05.tres.remap[39m[0m
[  98% ] [90m[1msavepack[22m | 保存文件：res://resources/level_date_resource/mode_puzzle/puzzle_zombie_06.tres.remap[39m[0m
[  98% ] [90m[1msavepack[22m | 保存文件：res://resources/level_date_resource/mode_puzzle/puzzle_zombie_07.tres.remap[39m[0m
[  98% ] [90m[1msavepack[22m | 保存文件：res://resources/level_date_resource/mode_puzzle/puzzle_zombie_08.tres.remap[39m[0m
[  98% ] [90m[1msavepack[22m | 保存文件：res://resources/level_date_resource/mode_puzzle/puzzle_zombie_09.tres.remap[39m[0m
[  98% ] [90m[1msavepack[22m | 保存文件：res://resources/level_date_resource/mode_puzzle/puzzle_zombie_10.tres.remap[39m[0m
[  98% ] [90m[1msavepack[22m | 保存文件：res://resources/level_date_resource/mode_survival/survival_flag_01_day.tres.remap[39m[0m
[  98% ] [90m[1msavepack[22m | 保存文件：res://resources/level_date_resource/mode_survival/survival_flag_02_night.tres.remap[39m[0m
[  98% ] [90m[1msavepack[22m | 保存文件：res://resources/level_date_resource/mode_survival/survival_flag_03_pool.tres.remap[39m[0m
[  98% ] [90m[1msavepack[22m | 保存文件：res://resources/level_date_resource/mode_survival/survival_flag_04_fog.tres.remap[39m[0m
[  98% ] [90m[1msavepack[22m | 保存文件：res://resources/level_date_resource/mode_survival/survival_flag_05_Roof.tres.remap[39m[0m
[  98% ] [90m[1msavepack[22m | 保存文件：res://resources/level_date_resource/mode_survival/survival_flag_06_day.tres.remap[39m[0m
[  98% ] [90m[1msavepack[22m | 保存文件：res://resources/level_date_resource/mode_survival/survival_flag_07_night.tres.remap[39m[0m
[  98% ] [90m[1msavepack[22m | 保存文件：res://resources/level_date_resource/mode_survival/survival_flag_08_pool.tres.remap[39m[0m
[  98% ] [90m[1msavepack[22m | 保存文件：res://resources/level_date_resource/mode_survival/survival_flag_09_fog.tres.remap[39m[0m
[  98% ] [90m[1msavepack[22m | 保存文件：res://resources/level_date_resource/mode_survival/survival_flag_10_Roof.tres.remap[39m[0m
[  98% ] [90m[1msavepack[22m | 保存文件：res://resources/level_date_resource/mode_survival/survival_flag_11_day.tres.remap[39m[0m
[  98% ] [90m[1msavepack[22m | 保存文件：res://resources/level_date_resource/mode_survival/survival_flag_12_night.tres.remap[39m[0m
[  98% ] [90m[1msavepack[22m | 保存文件：res://resources/level_date_resource/mode_survival/survival_flag_13_pool.tres.remap[39m[0m
[  98% ] [90m[1msavepack[22m | 保存文件：res://resources/level_date_resource/mode_survival/survival_flag_14_fog.tres.remap[39m[0m
[  98% ] [90m[1msavepack[22m | 保存文件：res://resources/level_date_resource/mode_survival/survival_flag_15_Roof.tres.remap[39m[0m
[  98% ] [90m[1msavepack[22m | 保存文件：res://scenes/almanac/almanac_character_show_panel.tscn.remap[39m[0m
[  98% ] [90m[1msavepack[22m | 保存文件：res://scenes/almanac/almanac_zombie_card.tscn.remap[39m[0m
[  98% ] [90m[1msavepack[22m | 保存文件：res://scenes/autoload/all_cards.tscn.remap[39m[0m
[  98% ] [90m[1msavepack[22m | 保存文件：res://scenes/autoload/sound_manager.tscn.remap[39m[0m
[  98% ] [90m[1msavepack[22m | 保存文件：res://scenes/bullet/bullet_000_base.tscn.remap[39m[0m
[  98% ] [90m[1msavepack[22m | 保存文件：res://scenes/bullet/bullet_000_linear_base.tscn.remap[39m[0m
[  98% ] [90m[1msavepack[22m | 保存文件：res://scenes/bullet/bullet_000_parabola_base.tscn.remap[39m[0m
[  98% ] [90m[1msavepack[22m | 保存文件：res://scenes/bullet/bullet_000_track_base.tscn.remap[39m[0m
[  98% ] [90m[1msavepack[22m | 保存文件：res://scenes/bullet/bullet_001_pea.tscn.remap[39m[0m
[  98% ] [90m[1msavepack[22m | 保存文件：res://scenes/bullet/bullet_002_pea_snow.tscn.remap[39m[0m
[  98% ] [90m[1msavepack[22m | 保存文件：res://scenes/bullet/bullet_003_puff.tscn.remap[39m[0m
[  98% ] [90m[1msavepack[22m | 保存文件：res://scenes/bullet/bullet_004_fume.tscn.remap[39m[0m
[  98% ] [90m[1msavepack[22m | 保存文件：res://scenes/bullet/bullet_005_puff_long_time.tscn.remap[39m[0m
[  98% ] [90m[1msavepack[22m | 保存文件：res://scenes/bullet/bullet_006_pea_fire.tscn.remap[39m[0m
[  98% ] [90m[1msavepack[22m | 保存文件：res://scenes/bullet/bullet_007_cactus.tscn.remap[39m[0m
[  98% ] [90m[1msavepack[22m | 保存文件：res://scenes/bullet/bullet_008_star.tscn.remap[39m[0m
[  98% ] [90m[1msavepack[22m | 保存文件：res://scenes/bullet/bullet_009_cabbage.tscn.remap[39m[0m
[  98% ] [90m[1msavepack[22m | 保存文件：res://scenes/bullet/bullet_010_corn.tscn.remap[39m[0m
[  98% ] [90m[1msavepack[22m | 保存文件：res://scenes/bullet/bullet_011_butter.tscn.remap[39m[0m
[  98% ] [90m[1msavepack[22m | 保存文件：res://scenes/bullet/bullet_012_melon.tscn.remap[39m[0m
[  98% ] [90m[1msavepack[22m | 保存文件：res://scenes/bullet/bullet_013_basketball.tscn.remap[39m[0m
[  98% ] [90m[1msavepack[22m | 保存文件：res://scenes/bullet/bullet_014_cattail_bullet.tscn.remap[39m[0m
[  98% ] [90m[1msavepack[22m | 保存文件：res://scenes/bullet/bullet_015_winter_melon.tscn.remap[39m[0m
[  98% ] [90m[1msavepack[22m | 保存文件：res://scenes/bullet/bullet_016_cob_cannon.tscn.remap[39m[0m
[  98% ] [90m[1msavepack[22m | 保存文件：res://scenes/bullet/bullet_1001_bowling.tscn.remap[39m[0m
[  98% ] [90m[1msavepack[22m | 保存文件：res://scenes/bullet/bullet_1002_bowling_bomb.tscn.remap[39m[0m
[  98% ] [90m[1msavepack[22m | 保存文件：res://scenes/bullet/bullet_1003_bowling_big.tscn.remap[39m[0m
[  98% ] [90m[1msavepack[22m | 保存文件：res://scenes/card_slot/card_random_pool.tscn.remap[39m[0m
[  98% ] [90m[1msavepack[22m | 保存文件：res://scenes/card_slot/card_slot_coin.tscn.remap[39m[0m
[  98% ] [90m[1msavepack[22m | 保存文件：res://scenes/card_slot/card_slot_conveyor_belt.tscn.remap[39m[0m
[  98% ] [90m[1msavepack[22m | 保存文件：res://scenes/card_slot/card_slot_norm.tscn.remap[39m[0m
[  98% ] [90m[1msavepack[22m | 保存文件：res://scenes/card_slot/card_slot_seed_rain.tscn.remap[39m[0m
[  98% ] [90m[1msavepack[22m | 保存文件：res://scenes/character/components/jackson_manager.tscn.remap[39m[0m
[  98% ] [90m[1msavepack[22m | 保存文件：res://scenes/character/components/zombie_death_bomb.tscn.remap[39m[0m
[  98% ] [90m[1msavepack[22m | 保存文件：res://scenes/character/item/dirt_rise_effect.tscn.remap[39m[0m
[  98% ] [90m[1msavepack[22m | 保存文件：res://scenes/character/plant/plant_000_base.tscn.remap[39m[0m
[  98% ] [90m[1msavepack[22m | 保存文件：res://scenes/character/plant/plant_000_down_base.tscn.remap[39m[0m
[  98% ] [90m[1msavepack[22m | 保存文件：res://scenes/character/plant/plant_001_pea_shooter_single.tscn.remap[39m[0m
[  98% ] [90m[1msavepack[22m | 保存文件：res://scenes/character/plant/plant_002_sun_flower.tscn.remap[39m[0m
[  98% ] [90m[1msavepack[22m | 保存文件：res://scenes/character/plant/plant_003_cherry_bomb.tscn.remap[39m[0m
[  98% ] [90m[1msavepack[22m | 保存文件：res://scenes/character/plant/plant_004_wall_nut.tscn.remap[39m[0m
[  98% ] [90m[1msavepack[22m | 保存文件：res://scenes/character/plant/plant_005_potato_mine.tscn.remap[39m[0m
[  98% ] [90m[1msavepack[22m | 保存文件：res://scenes/character/plant/plant_006_snow_pea.tscn.remap[39m[0m
[  98% ] [90m[1msavepack[22m | 保存文件：res://scenes/character/plant/plant_007_chomper.tscn.remap[39m[0m
[  98% ] [90m[1msavepack[22m | 保存文件：res://scenes/character/plant/plant_008_pea_shooter_double.tscn.remap[39m[0m
[  98% ] [90m[1msavepack[22m | 保存文件：res://scenes/character/plant/plant_009_puff.tscn.remap[39m[0m
[  98% ] [90m[1msavepack[22m | 保存文件：res://scenes/character/plant/plant_010_sun_shroom.tscn.remap[39m[0m
[  98% ] [90m[1msavepack[22m | 保存文件：res://scenes/character/plant/plant_011_fume_shroom.tscn.remap[39m[0m
[  98% ] [90m[1msavepack[22m | 保存文件：res://scenes/character/plant/plant_012_grave_buster.tscn.remap[39m[0m
[  98% ] [90m[1msavepack[22m | 保存文件：res://scenes/character/plant/plant_013_hypno_shroom.tscn.remap[39m[0m
[  98% ] [90m[1msavepack[22m | 保存文件：res://scenes/character/plant/plant_014_scaredy_shroom.tscn.remap[39m[0m
[  98% ] [90m[1msavepack[22m | 保存文件：res://scenes/character/plant/plant_015_ice_shroom.tscn.remap[39m[0m
[  98% ] [90m[1msavepack[22m | 保存文件：res://scenes/character/plant/plant_016_doom_shroom.tscn.remap[39m[0m
[  98% ] [90m[1msavepack[22m | 保存文件：res://scenes/character/plant/plant_017_lily_pad.tscn.remap[39m[0m
[  98% ] [90m[1msavepack[22m | 保存文件：res://scenes/character/plant/plant_018_squash.tscn.remap[39m[0m
[  98% ] [90m[1msavepack[22m | 保存文件：res://scenes/character/plant/plant_019_three_peater.tscn.remap[39m[0m
[  98% ] [90m[1msavepack[22m | 保存文件：res://scenes/character/plant/plant_020_tanglekelp.tscn.remap[39m[0m
[  98% ] [90m[1msavepack[22m | 保存文件：res://scenes/character/plant/plant_021_jalapeno.tscn.remap[39m[0m
[  98% ] [90m[1msavepack[22m | 保存文件：res://scenes/character/plant/plant_022_caltrop.tscn.remap[39m[0m
[  98% ] [90m[1msavepack[22m | 保存文件：res://scenes/character/plant/plant_023_torch_wood.tscn.remap[39m[0m
[  98% ] [90m[1msavepack[22m | 保存文件：res://scenes/character/plant/plant_024_tall_nut.tscn.remap[39m[0m
[  98% ] [90m[1msavepack[22m | 保存文件：res://scenes/character/plant/plant_025_sea_shroom.tscn.remap[39m[0m
[  98% ] [90m[1msavepack[22m | 保存文件：res://scenes/character/plant/plant_026_plantern.tscn.remap[39m[0m
[  98% ] [90m[1msavepack[22m | 保存文件：res://scenes/character/plant/plant_027_cactus.tscn.remap[39m[0m
[  98% ] [90m[1msavepack[22m | 保存文件：res://scenes/character/plant/plant_028_blover.tscn.remap[39m[0m
[  98% ] [90m[1msavepack[22m | 保存文件：res://scenes/character/plant/plant_029_split_pea.tscn.remap[39m[0m
[  98% ] [90m[1msavepack[22m | 保存文件：res://scenes/character/plant/plant_030_star_fruit.tscn.remap[39m[0m
[  98% ] [90m[1msavepack[22m | 保存文件：res://scenes/character/plant/plant_031_pumpkin.tscn.remap[39m[0m
[  98% ] [90m[1msavepack[22m | 保存文件：res://scenes/character/plant/plant_032_magnet_shroom.tscn.remap[39m[0m
[  98% ] [90m[1msavepack[22m | 保存文件：res://scenes/character/plant/plant_033_cabbage_pult.tscn.remap[39m[0m
[  98% ] [90m[1msavepack[22m | 保存文件：res://scenes/character/plant/plant_034_flower_pot.tscn.remap[39m[0m
[  98% ] [90m[1msavepack[22m | 保存文件：res://scenes/character/plant/plant_035_corn_pult.tscn.remap[39m[0m
[  98% ] [90m[1msavepack[22m | 保存文件：res://scenes/character/plant/plant_036_coffee_bean.tscn.remap[39m[0m
[  98% ] [90m[1msavepack[22m | 保存文件：res://scenes/character/plant/plant_037_garlic.tscn.remap[39m[0m
[  98% ] [90m[1msavepack[22m | 保存文件：res://scenes/character/plant/plant_038_umbrella_leaf.tscn.remap[39m[0m
[  98% ] [90m[1msavepack[22m | 保存文件：res://scenes/character/plant/plant_039_mari_gold.tscn.remap[39m[0m
[  98% ] [90m[1msavepack[22m | 保存文件：res://scenes/character/plant/plant_040_melon_pult.tscn.remap[39m[0m
[  98% ] [90m[1msavepack[22m | 保存文件：res://scenes/character/plant/plant_041_gatling_pea.tscn.remap[39m[0m
[  98% ] [90m[1msavepack[22m | 保存文件：res://scenes/character/plant/plant_042_twin_sun_flower.tscn.remap[39m[0m
[  98% ] [90m[1msavepack[22m | 保存文件：res://scenes/character/plant/plant_043_gloom_shroom.tscn.remap[39m[0m
[  98% ] [90m[1msavepack[22m | 保存文件：res://scenes/character/plant/plant_044_cattail.tscn.remap[39m[0m
[  98% ] [90m[1msavepack[22m | 保存文件：res://scenes/character/plant/plant_045_winter_melon.tscn.remap[39m[0m
[  98% ] [90m[1msavepack[22m | 保存文件：res://scenes/character/plant/plant_046_gold_magnet.tscn.remap[39m[0m
[  98% ] [90m[1msavepack[22m | 保存文件：res://scenes/character/plant/plant_047_spike_rock.tscn.remap[39m[0m
[  98% ] [90m[1msavepack[22m | 保存文件：res://scenes/character/plant/plant_048_cob_cannon.tscn.remap[39m[0m
[  98% ] [90m[1msavepack[22m | 保存文件：res://scenes/character/plant/plant_049_pea_shooter_double_reverse.tscn.remap[39m[0m
[  98% ] [90m[1msavepack[22m | 保存文件：res://scenes/character/plant/plant_050_custom_plant.tscn.remap[39m[0m
[  98% ] [90m[1msavepack[22m | 保存文件：res://scenes/character/plant/plant_999_imitater.tscn.remap[39m[0m
[  98% ] [90m[1msavepack[22m | 保存文件：res://scenes/character/plant/plant_1000_sprout.tscn.remap[39m[0m
[  98% ] [90m[1msavepack[22m | 保存文件：res://scenes/character/plant/plant_1001_wall_nut_bowling.tscn.remap[39m[0m
[  98% ] [90m[1msavepack[22m | 保存文件：res://scenes/character/plant/plant_1002_wall_nut_bowling.tscn.remap[39m[0m
[  98% ] [90m[1msavepack[22m | 保存文件：res://scenes/character/plant/plant_1003_wall_nut_bowling.tscn.remap[39m[0m
[  98% ] [90m[1msavepack[22m | 保存文件：res://scenes/character/zombie/zombie_000_base.tscn.remap[39m[0m
[  98% ] [90m[1msavepack[22m | 保存文件：res://scenes/character/zombie/zombie_001_norm.tscn.remap[39m[0m
[  98% ] [90m[1msavepack[22m | 保存文件：res://scenes/character/zombie/zombie_002_flag.tscn.remap[39m[0m
[  98% ] [90m[1msavepack[22m | 保存文件：res://scenes/character/zombie/zombie_003_cone.tscn.remap[39m[0m
[  98% ] [90m[1msavepack[22m | 保存文件：res://scenes/character/zombie/zombie_004_pole_vaulter.tscn.remap[39m[0m
[  98% ] [90m[1msavepack[22m | 保存文件：res://scenes/character/zombie/zombie_005_bucket.tscn.remap[39m[0m
[  98% ] [90m[1msavepack[22m | 保存文件：res://scenes/character/zombie/zombie_006_paper.tscn.remap[39m[0m
[  98% ] [90m[1msavepack[22m | 保存文件：res://scenes/character/zombie/zombie_007_screendoor.tscn.remap[39m[0m
[  98% ] [90m[1msavepack[22m | 保存文件：res://scenes/character/zombie/zombie_008_football.tscn.remap[39m[0m
[  98% ] [90m[1msavepack[22m | 保存文件：res://scenes/character/zombie/zombie_009_jackson.tscn.remap[39m[0m
[  98% ] [90m[1msavepack[22m | 保存文件：res://scenes/character/zombie/zombie_010_dancer.tscn.remap[39m[0m
[  98% ] [90m[1msavepack[22m | 保存文件：res://scenes/character/zombie/zombie_011_duckytube.tscn.remap[39m[0m
[  98% ] [90m[1msavepack[22m | 保存文件：res://scenes/character/zombie/zombie_012_snorkle.tscn.remap[39m[0m
[  98% ] [90m[1msavepack[22m | 保存文件：res://scenes/character/zombie/zombie_013_zamboni.tscn.remap[39m[0m
[  98% ] [90m[1msavepack[22m | 保存文件：res://scenes/character/zombie/zombie_014_bobsled.tscn.remap[39m[0m
[  98% ] [90m[1msavepack[22m | 保存文件：res://scenes/character/zombie/zombie_015_dolphinrider.tscn.remap[39m[0m
[  98% ] [90m[1msavepack[22m | 保存文件：res://scenes/character/zombie/zombie_016_jackbox.tscn.remap[39m[0m
[  98% ] [90m[1msavepack[22m | 保存文件：res://scenes/character/zombie/zombie_017_balloon.tscn.remap[39m[0m
[  98% ] [90m[1msavepack[22m | 保存文件：res://scenes/character/zombie/zombie_018_digger.tscn.remap[39m[0m
[  98% ] [90m[1msavepack[22m | 保存文件：res://scenes/character/zombie/zombie_019_pogo.tscn.remap[39m[0m
[  98% ] [90m[1msavepack[22m | 保存文件：res://scenes/character/zombie/zombie_020_yeti.tscn.remap[39m[0m
[  98% ] [90m[1msavepack[22m | 保存文件：res://scenes/character/zombie/zombie_021_bungi.tscn.remap[39m[0m
[  98% ] [90m[1msavepack[22m | 保存文件：res://scenes/character/zombie/zombie_022_ladder.tscn.remap[39m[0m
[  98% ] [90m[1msavepack[22m | 保存文件：res://scenes/character/zombie/zombie_023_catapult.tscn.remap[39m[0m
[  98% ] [90m[1msavepack[22m | 保存文件：res://scenes/character/zombie/zombie_024_gargantuar.tscn.remap[39m[0m
[  98% ] [90m[1msavepack[22m | 保存文件：res://scenes/character/zombie/zombie_025_imp.tscn.remap[39m[0m
[  98% ] [90m[1msavepack[22m | 保存文件：res://scenes/character/zombie/zombie_1001_bobsled_signle.tscn.remap[39m[0m
[  98% ] [90m[1msavepack[22m | 保存文件：res://scenes/character/zombie/Zombie_boss.tscn.remap[39m[0m
[  98% ] [90m[1msavepack[22m | 保存文件：res://scenes/character/character_000_base.tscn.remap[39m[0m
[  98% ] [90m[1msavepack[22m | 保存文件：res://scenes/choose_level/choose_level_button.tscn.remap[39m[0m
[  98% ] [90m[1msavepack[22m | 保存文件：res://scenes/choose_level/choose_level_button_customize.tscn.remap[39m[0m
[  98% ] [90m[1msavepack[22m | 保存文件：res://scenes/crazy_dave/crazy_dave.tscn.remap[39m[0m
[  98% ] [90m[1msavepack[22m | 保存文件：res://scenes/fx/butter_splat.tscn.remap[39m[0m
[  98% ] [90m[1msavepack[22m | 保存文件：res://scenes/fx/doom_shroom_crater.tscn.remap[39m[0m
[  98% ] [90m[1msavepack[22m | 保存文件：res://scenes/fx/fire.tscn.remap[39m[0m
[  98% ] [90m[1msavepack[22m | 保存文件：res://scenes/fx/ice_effect.tscn.remap[39m[0m
[  98% ] [90m[1msavepack[22m | 保存文件：res://scenes/garden/01_wateringcan.tscn.remap[39m[0m
[  98% ] [90m[1msavepack[22m | 保存文件：res://scenes/garden/02_fertilizer.tscn.remap[39m[0m
[  98% ] [90m[1msavepack[22m | 保存文件：res://scenes/garden/03_bugspray.tscn.remap[39m[0m
[  98% ] [90m[1msavepack[22m | 保存文件：res://scenes/garden/04_phonograph.tscn.remap[39m[0m
[  98% ] [90m[1msavepack[22m | 保存文件：res://scenes/garden/05_chocolate.tscn.remap[39m[0m
[  98% ] [90m[1msavepack[22m | 保存文件：res://scenes/garden/06_glove.tscn.remap[39m[0m
[  98% ] [90m[1msavepack[22m | 保存文件：res://scenes/garden/07_money_sign.tscn.remap[39m[0m
[  98% ] [90m[1msavepack[22m | 保存文件：res://scenes/garden/08_wheel_barrow.tscn.remap[39m[0m
[  98% ] [90m[1msavepack[22m | 保存文件：res://scenes/garden/bg_00_greenhouse.tscn.remap[39m[0m
[  98% ] [90m[1msavepack[22m | 保存文件：res://scenes/garden/bg_01_mushroom_garden.tscn.remap[39m[0m
[  98% ] [90m[1msavepack[22m | 保存文件：res://scenes/garden/bg_02_aquarium.tscn.remap[39m[0m
[  98% ] [90m[1msavepack[22m | 保存文件：res://scenes/garden/garden_flower_pot.tscn.remap[39m[0m
[  98% ] [90m[1msavepack[22m | 保存文件：res://scenes/garden/garden_speech_bubble.tscn.remap[39m[0m
[  98% ] [90m[1msavepack[22m | 保存文件：res://scenes/garden/plant_cell_garden.tscn.remap[39m[0m
[  98% ] [90m[1msavepack[22m | 保存文件：res://scenes/garden/plant_cell_garden_aquarium.tscn.remap[39m[0m
[  98% ] [90m[1msavepack[22m | 保存文件：res://scenes/garden/Stinky.tscn.remap[39m[0m
[  98% ] [90m[1msavepack[22m | 保存文件：res://scenes/garden/TreeFood.tscn.remap[39m[0m
[  98% ] [90m[1msavepack[22m | 保存文件：res://scenes/garden/TreeOfWisdomClouds.tscn.remap[39m[0m
[  98% ] [90m[1msavepack[22m | 保存文件：res://scenes/item/game_scenes_item/drop/coin_diamond.tscn.remap[39m[0m
[  98% ] [90m[1msavepack[22m | 保存文件：res://scenes/item/game_scenes_item/drop/coin_gold.tscn.remap[39m[0m
[  98% ] [90m[1msavepack[22m | 保存文件：res://scenes/item/game_scenes_item/drop/coin_silver.tscn.remap[39m[0m
[  98% ] [90m[1msavepack[22m | 保存文件：res://scenes/item/game_scenes_item/drop/present.tscn.remap[39m[0m
[  98% ] [90m[1msavepack[22m | 保存文件：res://scenes/item/game_scenes_item/lawn_mover/lawn_mower.tscn.remap[39m[0m
[  98% ] [90m[1msavepack[22m | 保存文件：res://scenes/item/game_scenes_item/lawn_mover/pool_cleaner.tscn.remap[39m[0m
[  98% ] [90m[1msavepack[22m | 保存文件：res://scenes/item/game_scenes_item/lawn_mover/roof_cleaner.tscn.remap[39m[0m
[  98% ] [90m[1msavepack[22m | 保存文件：res://scenes/item/game_scenes_item/mini_game_items/hammer.tscn.remap[39m[0m
[  98% ] [90m[1msavepack[22m | 保存文件：res://scenes/item/game_scenes_item/mini_game_items/wallnut_bowling_stripe.tscn.remap[39m[0m
[  98% ] [90m[1msavepack[22m | 保存文件：res://scenes/item/game_scenes_item/plant_effect/plant_start_effect.tscn.remap[39m[0m
[  98% ] [90m[1msavepack[22m | 保存文件：res://scenes/item/game_scenes_item/plant_effect/plant_start_effect_water.tscn.remap[39m[0m
[  98% ] [90m[1msavepack[22m | 保存文件：res://scenes/item/game_scenes_item/ice_road.tscn.remap[39m[0m
[  98% ] [90m[1msavepack[22m | 保存文件：res://scenes/item/game_scenes_item/ladder.tscn.remap[39m[0m
[  98% ] [90m[1msavepack[22m | 保存文件：res://scenes/item/game_scenes_item/scary_pot.tscn.remap[39m[0m
[  98% ] [90m[1msavepack[22m | 保存文件：res://scenes/item/game_scenes_item/splash.tscn.remap[39m[0m
[  98% ] [90m[1msavepack[22m | 保存文件：res://scenes/item/game_scenes_item/sun.tscn.remap[39m[0m
[  98% ] [90m[1msavepack[22m | 保存文件：res://scenes/item/game_scenes_item/tombstone.tscn.remap[39m[0m
[  98% ] [90m[1msavepack[22m | 保存文件：res://scenes/item/game_scenes_item/trophy.tscn.remap[39m[0m
[  98% ] [90m[1msavepack[22m | 保存文件：res://scenes/item/brain_on_zombie_mode.tscn.remap[39m[0m
[  98% ] [90m[1msavepack[22m | 保存文件：res://scenes/item/coin_bank_label.tscn.remap[39m[0m
[  98% ] [90m[1msavepack[22m | 保存文件：res://scenes/main/01StartMenu.tscn.remap[39m[0m
[  98% ] [90m[1msavepack[22m | 保存文件：res://scenes/main/02AdventureChooesLevel.tscn.remap[39m[0m
[  98% ] [90m[1msavepack[22m | 保存文件：res://scenes/main/03MiniGameChooesLevel.tscn.remap[39m[0m
[  98% ] [90m[1msavepack[22m | 保存文件：res://scenes/main/04PuzzleChooesLevel.tscn.remap[39m[0m
[  98% ] [90m[1msavepack[22m | 保存文件：res://scenes/main/05SurvivalChooesLevel.tscn.remap[39m[0m
[  98% ] [90m[1msavepack[22m | 保存文件：res://scenes/main/06CustomChooesLevel.tscn.remap[39m[0m
[  98% ] [90m[1msavepack[22m | 保存文件：res://scenes/main/10Garden.tscn.remap[39m[0m
[  98% ] [90m[1msavepack[22m | 保存文件：res://scenes/main/11Almanac.tscn.remap[39m[0m
[  98% ] [90m[1msavepack[22m | 保存文件：res://scenes/main/12Store.tscn.remap[39m[0m
[  98% ] [90m[1msavepack[22m | 保存文件：res://scenes/main/control_canvas_layer.tscn.remap[39m[0m
[  98% ] [90m[1msavepack[22m | 保存文件：res://scenes/main/MainGame00Base.tscn.remap[39m[0m
[  98% ] [90m[1msavepack[22m | 保存文件：res://scenes/main/MainGame01Front.tscn.remap[39m[0m
[  98% ] [90m[1msavepack[22m | 保存文件：res://scenes/main/MainGame02Back.tscn.remap[39m[0m
[  98% ] [90m[1msavepack[22m | 保存文件：res://scenes/main/MainGame03Roof.tscn.remap[39m[0m
[  98% ] [90m[1msavepack[22m | 保存文件：res://scenes/main_game_bg/fog.tscn.remap[39m[0m
[  98% ] [90m[1msavepack[22m | 保存文件：res://scenes/main_game_bg/pool.tscn.remap[39m[0m
[  98% ] [90m[1msavepack[22m | 保存文件：res://scenes/main_game_bg/rain.tscn.remap[39m[0m
[  98% ] [90m[1msavepack[22m | 保存文件：res://scenes/main_game_bg/slope.tscn.remap[39m[0m
[  98% ] [90m[1msavepack[22m | 保存文件：res://scenes/main_game_item/zomboss_ball.tscn.remap[39m[0m
[  98% ] [90m[1msavepack[22m | 保存文件：res://scenes/manager/day_suns_manager.tscn.remap[39m[0m
[  98% ] [90m[1msavepack[22m | 保存文件：res://scenes/start_menu/one_user_button.tscn.remap[39m[0m
[  98% ] [90m[1msavepack[22m | 保存文件：res://scenes/store/goods.tscn.remap[39m[0m
[  98% ] [90m[1msavepack[22m | 保存文件：res://scenes/test/test.gd.remap[39m[0m
[  98% ] [90m[1msavepack[22m | 保存文件：res://scenes/test/test.tscn.remap[39m[0m
[  98% ] [90m[1msavepack[22m | 保存文件：res://scenes/ui/all_cards/card.tscn.remap[39m[0m
[  98% ] [90m[1msavepack[22m | 保存文件：res://scenes/ui/all_cards/card_base.tscn.remap[39m[0m
[  98% ] [90m[1msavepack[22m | 保存文件：res://scenes/ui/all_cards/card_candidate_container.tscn.remap[39m[0m
[  98% ] [90m[1msavepack[22m | 保存文件：res://scenes/ui/dialog.tscn.remap[39m[0m
[  98% ] [90m[1msavepack[22m | 保存文件：res://scenes/ui/dialog_confirm.tscn.remap[39m[0m
[  98% ] [90m[1msavepack[22m | 保存文件：res://scenes/ui/flag_progress_bar.tscn.remap[39m[0m
[  98% ] [90m[1msavepack[22m | 保存文件：res://scenes/ui/hammer_icon.tscn.remap[39m[0m
[  98% ] [90m[1msavepack[22m | 保存文件：res://scenes/ui/plant_cell.tscn.remap[39m[0m
[  98% ] [90m[1msavepack[22m | 保存文件：res://scenes/ui/PVZ_button_base.tscn.remap[39m[0m
[  98% ] [90m[1msavepack[22m | 保存文件：res://scenes/ui/reminder_information.tscn.remap[39m[0m
[  98% ] [90m[1msavepack[22m | 保存文件：res://scenes/ui/time_stop_button.tscn.remap[39m[0m
[  98% ] [90m[1msavepack[22m | 保存文件：res://scenes/ui/zomboss_hp_bar.tscn.remap[39m[0m
[  98% ] [90m[1msavepack[22m | 保存文件：res://scenes/util/ImageCombiner.tscn.remap[39m[0m
[  98% ] [90m[1msavepack[22m | 保存文件：res://scripts/Almanac/almanac_zombie_card.gd.remap[39m[0m
[  98% ] [90m[1msavepack[22m | 保存文件：res://scripts/Almanac/main_almanac.gd.remap[39m[0m
[  98% ] [90m[1msavepack[22m | 保存文件：res://scripts/Almanac/panel_container.gd.remap[39m[0m
[  98% ] [90m[1msavepack[22m | 保存文件：res://scripts/Almanac/plant_page.gd.remap[39m[0m
[  98% ] [90m[1msavepack[22m | 保存文件：res://scripts/Almanac/zombie_page.gd.remap[39m[0m
[  98% ] [90m[1msavepack[22m | 保存文件：res://scripts/autoload/util/global_utils.gd.remap[39m[0m
[  98% ] [90m[1msavepack[22m | 保存文件：res://scripts/autoload/util/random_picker.gd.remap[39m[0m
[  98% ] [90m[1msavepack[22m | 保存文件：res://scripts/autoload/event_bus.gd.remap[39m[0m
[  98% ] [90m[1msavepack[22m | 保存文件：res://scripts/autoload/global.gd.remap[39m[0m
[  98% ] [90m[1msavepack[22m | 保存文件：res://scripts/autoload/main_game_date.gd.remap[39m[0m
[  98% ] [90m[1msavepack[22m | 保存文件：res://scripts/autoload/scene_registry.gd.remap[39m[0m
[  98% ] [90m[1msavepack[22m | 保存文件：res://scripts/autoload/scene_transition.gd.remap[39m[0m
[  98% ] [90m[1msavepack[22m | 保存文件：res://scripts/autoload/sound_manager.gd.remap[39m[0m
[  98% ] [90m[1msavepack[22m | 保存文件：res://scripts/bullet/component/spatter_component.gd.remap[39m[0m
[  98% ] [90m[1msavepack[22m | 保存文件：res://scripts/bullet/component/spatter_component_winter_melon.gd.remap[39m[0m
[  98% ] [90m[1msavepack[22m | 保存文件：res://scripts/bullet/bullet_000_base.gd.remap[39m[0m
[  98% ] [90m[1msavepack[22m | 保存文件：res://scripts/bullet/bullet_000_linear_base.gd.remap[39m[0m
[  98% ] [90m[1msavepack[22m | 保存文件：res://scripts/bullet/bullet_000_parabola_base.gd.remap[39m[0m
[  98% ] [90m[1msavepack[22m | 保存文件：res://scripts/bullet/bullet_000_track_base.gd.remap[39m[0m
[  98% ] [90m[1msavepack[22m | 保存文件：res://scripts/bullet/bullet_002_pea_snow.gd.remap[39m[0m
[  98% ] [90m[1msavepack[22m | 保存文件：res://scripts/bullet/bullet_006_pea_fire.gd.remap[39m[0m
[  98% ] [90m[1msavepack[22m | 保存文件：res://scripts/bullet/bullet_007_cactus.gd.remap[39m[0m
[  98% ] [90m[1msavepack[22m | 保存文件：res://scripts/bullet/bullet_008_star.gd.remap[39m[0m
[  98% ] [90m[1msavepack[22m | 保存文件：res://scripts/bullet/bullet_011_butter.gd.remap[39m[0m
[  98% ] [90m[1msavepack[22m | 保存文件：res://scripts/bullet/bullet_012_melon.gd.remap[39m[0m
[  98% ] [90m[1msavepack[22m | 保存文件：res://scripts/bullet/bullet_015_winter_melon.gd.remap[39m[0m
[  98% ] [90m[1msavepack[22m | 保存文件：res://scripts/bullet/bullet_016_cob_cannon.gd.remap[39m[0m
[  98% ] [90m[1msavepack[22m | 保存文件：res://scripts/bullet/bullet_1001_bowling.gd.remap[39m[0m
[  98% ] [90m[1msavepack[22m | 保存文件：res://scripts/bullet/bullet_1002_bowling_bomb.gd.remap[39m[0m
[  98% ] [90m[1msavepack[22m | 保存文件：res://scripts/bullet/bullet_1003_bowling_big.gd.remap[39m[0m
[  98% ] [90m[1msavepack[22m | 保存文件：res://scripts/camera/main_game_camera.gd.remap[39m[0m
[  98% ] [90m[1msavepack[22m | 保存文件：res://scripts/character/components/009_jackson/zombie_jackson_manager.gd.remap[39m[0m
[  98% ] [90m[1msavepack[22m | 保存文件：res://scripts/character/components/009_jackson/zombie_jackson_state_machine.gd.remap[39m[0m
[  98% ] [90m[1msavepack[22m | 保存文件：res://scripts/character/components/anim_component/component_anim.gd.remap[39m[0m
[  98% ] [90m[1msavepack[22m | 保存文件：res://scripts/character/components/anim_component/component_anim_bobsled.gd.remap[39m[0m
[  98% ] [90m[1msavepack[22m | 保存文件：res://scripts/character/components/anim_component/component_anim_empty.gd.remap[39m[0m
[  98% ] [90m[1msavepack[22m | 保存文件：res://scripts/character/components/anim_component/component_anim_norm.gd.remap[39m[0m
[  98% ] [90m[1msavepack[22m | 保存文件：res://scripts/character/components/anim_component/component_anim_player.gd.remap[39m[0m
[  98% ] [90m[1msavepack[22m | 保存文件：res://scripts/character/components/attack_behavior_component/component_attack_base.gd.remap[39m[0m
[  98% ] [90m[1msavepack[22m | 保存文件：res://scripts/character/components/attack_behavior_component/component_attack_bullet_base.gd.remap[39m[0m
[  98% ] [90m[1msavepack[22m | 保存文件：res://scripts/character/components/attack_behavior_component/component_attack_bullet_cactus.gd.remap[39m[0m
[  98% ] [90m[1msavepack[22m | 保存文件：res://scripts/character/components/attack_behavior_component/component_attack_bullet_corn.gd.remap[39m[0m
[  98% ] [90m[1msavepack[22m | 保存文件：res://scripts/character/components/attack_behavior_component/component_attack_bullet_pult_base.gd.remap[39m[0m
[  98% ] [90m[1msavepack[22m | 保存文件：res://scripts/character/components/attack_behavior_component/component_attack_bullet_split_pea.gd.remap[39m[0m
[  98% ] [90m[1msavepack[22m | 保存文件：res://scripts/character/components/attack_behavior_component/component_attack_bullet_three_pea.gd.remap[39m[0m
[  98% ] [90m[1msavepack[22m | 保存文件：res://scripts/character/components/attack_behavior_component/component_attack_bullet_track.gd.remap[39m[0m
[  98% ] [90m[1msavepack[22m | 保存文件：res://scripts/character/components/attack_behavior_component/component_attack_zombie_gargantuar.gd.remap[39m[0m
[  98% ] [90m[1msavepack[22m | 保存文件：res://scripts/character/components/attack_behavior_component/component_attack_zombie_ladder.gd.remap[39m[0m
[  98% ] [90m[1msavepack[22m | 保存文件：res://scripts/character/components/attack_behavior_component/component_attack_zombie_norm.gd.remap[39m[0m
[  98% ] [90m[1msavepack[22m | 保存文件：res://scripts/character/components/attack_behavior_component/component_attack_zombie_zamboni.gd.remap[39m[0m
[  98% ] [90m[1msavepack[22m | 保存文件：res://scripts/character/components/bomb_component/component_bomb_base.gd.remap[39m[0m
[  98% ] [90m[1msavepack[22m | 保存文件：res://scripts/character/components/bomb_component/component_bomb_ice.gd.remap[39m[0m
[  98% ] [90m[1msavepack[22m | 保存文件：res://scripts/character/components/bomb_component/component_bomb_jackbox.gd.remap[39m[0m
[  98% ] [90m[1msavepack[22m | 保存文件：res://scripts/character/components/bomb_component/component_bomb_jalapeno.gd.remap[39m[0m
[  98% ] [90m[1msavepack[22m | 保存文件：res://scripts/character/components/bomb_component/component_bomb_norm.gd.remap[39m[0m
[  98% ] [90m[1msavepack[22m | 保存文件：res://scripts/character/components/charred_component/component_charred.gd.remap[39m[0m
[  98% ] [90m[1msavepack[22m | 保存文件：res://scripts/character/components/charred_component/component_charred_black_anim.gd.remap[39m[0m
[  98% ] [90m[1msavepack[22m | 保存文件：res://scripts/character/components/charred_component/component_charred_zombie_bobsled.gd.remap[39m[0m
[  98% ] [90m[1msavepack[22m | 保存文件：res://scripts/character/components/charred_component/component_charred_zombie_norm.gd.remap[39m[0m
[  98% ] [90m[1msavepack[22m | 保存文件：res://scripts/character/components/dancer_manager_component/component_dancer_manager.gd.remap[39m[0m
[  98% ] [90m[1msavepack[22m | 保存文件：res://scripts/character/components/detect_component/component_detect.gd.remap[39m[0m
[  98% ] [90m[1msavepack[22m | 保存文件：res://scripts/character/components/detect_component/component_detect_cactus.gd.remap[39m[0m
[  98% ] [90m[1msavepack[22m | 保存文件：res://scripts/character/components/detect_component/component_detect_gargantuar.gd.remap[39m[0m
[  98% ] [90m[1msavepack[22m | 保存文件：res://scripts/character/components/detect_component/component_detect_global.gd.remap[39m[0m
[  98% ] [90m[1msavepack[22m | 保存文件：res://scripts/character/components/detect_component/component_detect_squash.gd.remap[39m[0m
[  98% ] [90m[1msavepack[22m | 保存文件：res://scripts/character/components/detect_component/detect_component_zombie.gd.remap[39m[0m
[  98% ] [90m[1msavepack[22m | 保存文件：res://scripts/character/components/drop_body/ZombieArm1Drop.gd.remap[39m[0m
[  98% ] [90m[1msavepack[22m | 保存文件：res://scripts/character/components/drop_body/ZombieDropBase.gd.remap[39m[0m
[  98% ] [90m[1msavepack[22m | 保存文件：res://scripts/character/components/drop_body/ZombieHandDrop.gd.remap[39m[0m
[  98% ] [90m[1msavepack[22m | 保存文件：res://scripts/character/components/drop_body/ZombieHeadDrop.gd.remap[39m[0m
[  98% ] [90m[1msavepack[22m | 保存文件：res://scripts/character/components/garden/component_garden.gd.remap[39m[0m
[  98% ] [90m[1msavepack[22m | 保存文件：res://scripts/character/components/garden/component_garden_sprout.gd.remap[39m[0m
[  98% ] [90m[1msavepack[22m | 保存文件：res://scripts/character/components/hp_component/component_hp.gd.remap[39m[0m
[  98% ] [90m[1msavepack[22m | 保存文件：res://scripts/character/components/hp_component/component_hp_plant.gd.remap[39m[0m
[  98% ] [90m[1msavepack[22m | 保存文件：res://scripts/character/components/hp_component/component_hp_stage_change.gd.remap[39m[0m
[  98% ] [90m[1msavepack[22m | 保存文件：res://scripts/character/components/hp_component/component_hp_zombie.gd.remap[39m[0m
[  98% ] [90m[1msavepack[22m | 保存文件：res://scripts/character/components/iron_node/iron_node.gd.remap[39m[0m
[  98% ] [90m[1msavepack[22m | 保存文件：res://scripts/character/components/iron_node/iron_node_armor.gd.remap[39m[0m
[  98% ] [90m[1msavepack[22m | 保存文件：res://scripts/character/components/swim_box_component/component_swim_box.gd.remap[39m[0m
[  98% ] [90m[1msavepack[22m | 保存文件：res://scripts/character/components/swim_box_component/component_swim_box_norm.gd.remap[39m[0m
[  98% ] [90m[1msavepack[22m | 保存文件：res://scripts/character/components/swim_box_component/component_swim_box_snorkle.gd.remap[39m[0m
[  98% ] [90m[1msavepack[22m | 保存文件：res://scripts/character/components/zombie013Zamboni/zombie_013_death_bomb.gd.remap[39m[0m
[  98% ] [90m[1msavepack[22m | 保存文件：res://scripts/character/components/zombie_death_bomb/zombie_death_bomb.gd.remap[39m[0m
[  98% ] [90m[1msavepack[22m | 保存文件：res://scripts/character/components/body_character.gd.remap[39m[0m
[  98% ] [90m[1msavepack[22m | 保存文件：res://scripts/character/components/component_blink.gd.remap[39m[0m
[  98% ] [90m[1msavepack[22m | 保存文件：res://scripts/character/components/component_create_coin.gd.remap[39m[0m
[  98% ] [90m[1msavepack[22m | 保存文件：res://scripts/character/components/component_create_sun.gd.remap[39m[0m
[  98% ] [90m[1msavepack[22m | 保存文件：res://scripts/character/components/component_drop_item.gd.remap[39m[0m
[  98% ] [90m[1msavepack[22m | 保存文件：res://scripts/character/components/component_fog_clearer.gd.remap[39m[0m
[  98% ] [90m[1msavepack[22m | 保存文件：res://scripts/character/components/component_grap.gd.remap[39m[0m
[  98% ] [90m[1msavepack[22m | 保存文件：res://scripts/character/components/component_hurt_box.gd.remap[39m[0m
[  98% ] [90m[1msavepack[22m | 保存文件：res://scripts/character/components/component_hurt_box_zombie.gd.remap[39m[0m
[  98% ] [90m[1msavepack[22m | 保存文件：res://scripts/character/components/component_jump.gd.remap[39m[0m
[  98% ] [90m[1msavepack[22m | 保存文件：res://scripts/character/components/component_magnet.gd.remap[39m[0m
[  98% ] [90m[1msavepack[22m | 保存文件：res://scripts/character/components/component_move.gd.remap[39m[0m
[  98% ] [90m[1msavepack[22m | 保存文件：res://scripts/character/components/component_norm_base.gd.remap[39m[0m
[  98% ] [90m[1msavepack[22m | 保存文件：res://scripts/character/components/component_scaredy.gd.remap[39m[0m
[  98% ] [90m[1msavepack[22m | 保存文件：res://scripts/character/components/component_sleep.gd.remap[39m[0m
[  98% ] [90m[1msavepack[22m | 保存文件：res://scripts/character/components/p_048_cob_cannon_target.gd.remap[39m[0m
[  98% ] [90m[1msavepack[22m | 保存文件：res://scripts/character/plant/plant_000_base.gd.remap[39m[0m
[  98% ] [90m[1msavepack[22m | 保存文件：res://scripts/character/plant/plant_000_down_base.gd.remap[39m[0m
[  98% ] [90m[1msavepack[22m | 保存文件：res://scripts/character/plant/plant_001_pea_shooter_single.gd.remap[39m[0m
[  98% ] [90m[1msavepack[22m | 保存文件：res://scripts/character/plant/plant_002_sun_flower.gd.remap[39m[0m
[  98% ] [90m[1msavepack[22m | 保存文件：res://scripts/character/plant/plant_003_cherry_bomb.gd.remap[39m[0m
[  98% ] [90m[1msavepack[22m | 保存文件：res://scripts/character/plant/plant_004_wall_nut.gd.remap[39m[0m
[  98% ] [90m[1msavepack[22m | 保存文件：res://scripts/character/plant/plant_005_potato_mine.gd.remap[39m[0m
[  98% ] [90m[1msavepack[22m | 保存文件：res://scripts/character/plant/plant_006_snow_pea.gd.remap[39m[0m
[  98% ] [90m[1msavepack[22m | 保存文件：res://scripts/character/plant/plant_007_chomper.gd.remap[39m[0m
[  98% ] [90m[1msavepack[22m | 保存文件：res://scripts/character/plant/plant_008_pea_shooter_double.gd.remap[39m[0m
[  98% ] [90m[1msavepack[22m | 保存文件：res://scripts/character/plant/plant_009_puff.gd.remap[39m[0m
[  98% ] [90m[1msavepack[22m | 保存文件：res://scripts/character/plant/plant_010_sun_shroom.gd.remap[39m[0m
[  98% ] [90m[1msavepack[22m | 保存文件：res://scripts/character/plant/plant_011_fume_shroom.gd.remap[39m[0m
[  98% ] [90m[1msavepack[22m | 保存文件：res://scripts/character/plant/plant_012_grave_buster.gd.remap[39m[0m
[  98% ] [90m[1msavepack[22m | 保存文件：res://scripts/character/plant/plant_013_hypno_shroom.gd.remap[39m[0m
[  98% ] [90m[1msavepack[22m | 保存文件：res://scripts/character/plant/plant_014_scaredy_shroom.gd.remap[39m[0m
[  98% ] [90m[1msavepack[22m | 保存文件：res://scripts/character/plant/plant_015_ice_shroom.gd.remap[39m[0m
[  98% ] [90m[1msavepack[22m | 保存文件：res://scripts/character/plant/plant_016_doom_shroom.gd.remap[39m[0m
[  98% ] [90m[1msavepack[22m | 保存文件：res://scripts/character/plant/plant_017_lily_pad.gd.remap[39m[0m
[  98% ] [90m[1msavepack[22m | 保存文件：res://scripts/character/plant/plant_018_squash.gd.remap[39m[0m
[  98% ] [90m[1msavepack[22m | 保存文件：res://scripts/character/plant/plant_019_three_peater.gd.remap[39m[0m
[  98% ] [90m[1msavepack[22m | 保存文件：res://scripts/character/plant/plant_020_tanglekelp.gd.remap[39m[0m
[  98% ] [90m[1msavepack[22m | 保存文件：res://scripts/character/plant/plant_021_jalapeno.gd.remap[39m[0m
[  98% ] [90m[1msavepack[22m | 保存文件：res://scripts/character/plant/plant_022_caltrop.gd.remap[39m[0m
[  98% ] [90m[1msavepack[22m | 保存文件：res://scripts/character/plant/plant_023_torch_wood.gd.remap[39m[0m
[  98% ] [90m[1msavepack[22m | 保存文件：res://scripts/character/plant/plant_024_tall_nut.gd.remap[39m[0m
[  98% ] [90m[1msavepack[22m | 保存文件：res://scripts/character/plant/plant_025_sea_shroom.gd.remap[39m[0m
[  98% ] [90m[1msavepack[22m | 保存文件：res://scripts/character/plant/plant_026_plantern.gd.remap[39m[0m
[  98% ] [90m[1msavepack[22m | 保存文件：res://scripts/character/plant/plant_027_cactus.gd.remap[39m[0m
[  98% ] [90m[1msavepack[22m | 保存文件：res://scripts/character/plant/plant_028_blover.gd.remap[39m[0m
[  98% ] [90m[1msavepack[22m | 保存文件：res://scripts/character/plant/plant_029_split_pea.gd.remap[39m[0m
[  98% ] [90m[1msavepack[22m | 保存文件：res://scripts/character/plant/plant_030_star_fruit.gd.remap[39m[0m
[  98% ] [90m[1msavepack[22m | 保存文件：res://scripts/character/plant/plant_031_pumpkin.gd.remap[39m[0m
[  98% ] [90m[1msavepack[22m | 保存文件：res://scripts/character/plant/plant_032_magnet_shroom.gd.remap[39m[0m
[  98% ] [90m[1msavepack[22m | 保存文件：res://scripts/character/plant/plant_033_cabbage_pult.gd.remap[39m[0m
[  98% ] [90m[1msavepack[22m | 保存文件：res://scripts/character/plant/plant_035_corn_pult.gd.remap[39m[0m
[  98% ] [90m[1msavepack[22m | 保存文件：res://scripts/character/plant/plant_036_coffee_bean.gd.remap[39m[0m
[  98% ] [90m[1msavepack[22m | 保存文件：res://scripts/character/plant/plant_037_garlic.gd.remap[39m[0m
[  98% ] [90m[1msavepack[22m | 保存文件：res://scripts/character/plant/plant_038_umbrella_leaf.gd.remap[39m[0m
[  98% ] [90m[1msavepack[22m | 保存文件：res://scripts/character/plant/plant_039_mari_gold.gd.remap[39m[0m
[  98% ] [90m[1msavepack[22m | 保存文件：res://scripts/character/plant/plant_040_melon_pult.gd.remap[39m[0m
[  98% ] [90m[1msavepack[22m | 保存文件：res://scripts/character/plant/plant_041_gatling_pea.gd.remap[39m[0m
[  98% ] [90m[1msavepack[22m | 保存文件：res://scripts/character/plant/plant_042_twin_sun_flower.gd.remap[39m[0m
[  98% ] [90m[1msavepack[22m | 保存文件：res://scripts/character/plant/plant_043_gloom_shroom.gd.remap[39m[0m
[  98% ] [90m[1msavepack[22m | 保存文件：res://scripts/character/plant/plant_044_cattail.gd.remap[39m[0m
[  98% ] [90m[1msavepack[22m | 保存文件：res://scripts/character/plant/plant_046_gold_magnet.gd.remap[39m[0m
[  98% ] [90m[1msavepack[22m | 保存文件：res://scripts/character/plant/plant_047_spike_rock.gd.remap[39m[0m
[  98% ] [90m[1msavepack[22m | 保存文件：res://scripts/character/plant/plant_048_cob_cannon.gd.remap[39m[0m
[  98% ] [90m[1msavepack[22m | 保存文件：res://scripts/character/plant/plant_050_custom_plant.gd.remap[39m[0m
[  98% ] [90m[1msavepack[22m | 保存文件：res://scripts/character/plant/plant_999_imitater.gd.remap[39m[0m
[  98% ] [90m[1msavepack[22m | 保存文件：res://scripts/character/plant/plant_1000_sprout.gd.remap[39m[0m
[  98% ] [90m[1msavepack[22m | 保存文件：res://scripts/character/plant/plant_1001_wall_nut_bowling.gd.remap[39m[0m
[  98% ] [90m[1msavepack[22m | 保存文件：res://scripts/character/zombie/zombie_000_base.gd.remap[39m[0m
[  98% ] [90m[1msavepack[22m | 保存文件：res://scripts/character/zombie/zombie_001_norm.gd.remap[39m[0m
[  98% ] [90m[1msavepack[22m | 保存文件：res://scripts/character/zombie/zombie_004_pole_vaulter.gd.remap[39m[0m
[  98% ] [90m[1msavepack[22m | 保存文件：res://scripts/character/zombie/zombie_006_paper.gd.remap[39m[0m
[  98% ] [90m[1msavepack[22m | 保存文件：res://scripts/character/zombie/zombie_009_jackson.gd.remap[39m[0m
[  98% ] [90m[1msavepack[22m | 保存文件：res://scripts/character/zombie/zombie_010_dancer.gd.remap[39m[0m
[  98% ] [90m[1msavepack[22m | 保存文件：res://scripts/character/zombie/zombie_012_snorkle.gd.remap[39m[0m
[  98% ] [90m[1msavepack[22m | 保存文件：res://scripts/character/zombie/zombie_013_zamboni.gd.remap[39m[0m
[  98% ] [90m[1msavepack[22m | 保存文件：res://scripts/character/zombie/zombie_014_bobsled.gd.remap[39m[0m
[  98% ] [90m[1msavepack[22m | 保存文件：res://scripts/character/zombie/zombie_015_dolphinrider.gd.remap[39m[0m
[  98% ] [90m[1msavepack[22m | 保存文件：res://scripts/character/zombie/zombie_016_jackbox.gd.remap[39m[0m
[  98% ] [90m[1msavepack[22m | 保存文件：res://scripts/character/zombie/zombie_017_balloon.gd.remap[39m[0m
[  98% ] [90m[1msavepack[22m | 保存文件：res://scripts/character/zombie/zombie_018_digger.gd.remap[39m[0m
[  98% ] [90m[1msavepack[22m | 保存文件：res://scripts/character/zombie/zombie_019_pogo.gd.remap[39m[0m
[  98% ] [90m[1msavepack[22m | 保存文件：res://scripts/character/zombie/zombie_020_yeti.gd.remap[39m[0m
[  98% ] [90m[1msavepack[22m | 保存文件：res://scripts/character/zombie/zombie_021_bungi.gd.remap[39m[0m
[  98% ] [90m[1msavepack[22m | 保存文件：res://scripts/character/zombie/zombie_022_ladder.gd.remap[39m[0m
[  98% ] [90m[1msavepack[22m | 保存文件：res://scripts/character/zombie/zombie_023_catapult.gd.remap[39m[0m
[  98% ] [90m[1msavepack[22m | 保存文件：res://scripts/character/zombie/zombie_024_gargantuar.gd.remap[39m[0m
[  98% ] [90m[1msavepack[22m | 保存文件：res://scripts/character/zombie/zombie_025_imp.gd.remap[39m[0m
[  98% ] [90m[1msavepack[22m | 保存文件：res://scripts/character/zombie/zombie_boss.gd.remap[39m[0m
[  98% ] [90m[1msavepack[22m | 保存文件：res://scripts/character/character_000_base.gd.remap[39m[0m
[  98% ] [90m[1msavepack[22m | 保存文件：res://scripts/choose_level/06_custom_chooes_level.gd.remap[39m[0m
[  98% ] [90m[1msavepack[22m | 保存文件：res://scripts/choose_level/choose_level.gd.remap[39m[0m
[  98% ] [90m[1msavepack[22m | 保存文件：res://scripts/choose_level/choose_level_button.gd.remap[39m[0m
[  98% ] [90m[1msavepack[22m | 保存文件：res://scripts/choose_level/choose_level_button_customize.gd.remap[39m[0m
[  98% ] [90m[1msavepack[22m | 保存文件：res://scripts/crazy_dave/crazy_dave.gd.remap[39m[0m
[  98% ] [90m[1msavepack[22m | 保存文件：res://scripts/crazy_dave/crazy_dave_panel.gd.remap[39m[0m
[  98% ] [90m[1msavepack[22m | 保存文件：res://scripts/fx/bullet_effect/ori/bullet_effect_001_pea.gd.remap[39m[0m
[  98% ] [90m[1msavepack[22m | 保存文件：res://scripts/fx/bullet_effect/ori/bullet_effect_006_pea_fire.gd.remap[39m[0m
[  98% ] [90m[1msavepack[22m | 保存文件：res://scripts/fx/bullet_effect/bullet_effect_000_base.gd.remap[39m[0m
[  98% ] [90m[1msavepack[22m | 保存文件：res://scripts/fx/bullet_effect/bullet_effect_001_norm.gd.remap[39m[0m
[  98% ] [90m[1msavepack[22m | 保存文件：res://scripts/fx/bullet_effect/bullet_effect_006_pea_fire.gd.remap[39m[0m
[  98% ] [90m[1msavepack[22m | 保存文件：res://scripts/fx/other_effect/canvas_layer_effect.gd.remap[39m[0m
[  98% ] [90m[1msavepack[22m | 保存文件：res://scripts/fx/other_effect/dirt_new_zombie_appear_from_ground.gd.remap[39m[0m
[  98% ] [90m[1msavepack[22m | 保存文件：res://scripts/fx/other_effect/doom_shroom_crater.gd.remap[39m[0m
[  98% ] [90m[1msavepack[22m | 保存文件：res://scripts/fx/plant_effect/plant_effect_000_bomb_base.gd.remap[39m[0m
[  98% ] [90m[1msavepack[22m | 保存文件：res://scripts/fx/plant_effect/plant_effect_001_bomb_cherry.gd.remap[39m[0m
[  98% ] [90m[1msavepack[22m | 保存文件：res://scripts/fx/plant_effect/plant_effect_002_bomb_potato_mine.gd.remap[39m[0m
[  98% ] [90m[1msavepack[22m | 保存文件：res://scripts/fx/plant_effect/plant_effect_003_bomb_ice.gd.remap[39m[0m
[  98% ] [90m[1msavepack[22m | 保存文件：res://scripts/fx/plant_effect/plant_effect_004_bomb_doom.gd.remap[39m[0m
[  98% ] [90m[1msavepack[22m | 保存文件：res://scripts/fx/plant_effect/plant_effect_005_bomb_fire.gd.remap[39m[0m
[  98% ] [90m[1msavepack[22m | 保存文件：res://scripts/fx/plant_effect/plant_effect_006_bomb_con_cannon.gd.remap[39m[0m
[  98% ] [90m[1msavepack[22m | 保存文件：res://scripts/fx/plant_effect/plant_start_effect.gd.remap[39m[0m
[  98% ] [90m[1msavepack[22m | 保存文件：res://scripts/garden/Item/garden_item_01_wateringcan.gd.remap[39m[0m
[  98% ] [90m[1msavepack[22m | 保存文件：res://scripts/garden/Item/garden_item_02_fertilizer.gd.remap[39m[0m
[  98% ] [90m[1msavepack[22m | 保存文件：res://scripts/garden/Item/garden_item_03_bugspray.gd.remap[39m[0m
[  98% ] [90m[1msavepack[22m | 保存文件：res://scripts/garden/Item/garden_item_04_phonograph.gd.remap[39m[0m
[  98% ] [90m[1msavepack[22m | 保存文件：res://scripts/garden/Item/garden_item_05_chocolate.gd.remap[39m[0m
[  98% ] [90m[1msavepack[22m | 保存文件：res://scripts/garden/Item/garden_item_06_glove.gd.remap[39m[0m
[  98% ] [90m[1msavepack[22m | 保存文件：res://scripts/garden/Item/garden_item_07_money_sign.gd.remap[39m[0m
[  98% ] [90m[1msavepack[22m | 保存文件：res://scripts/garden/Item/garden_item_08_wheel_barrow.gd.remap[39m[0m
[  98% ] [90m[1msavepack[22m | 保存文件：res://scripts/garden/Item/garden_item_base.gd.remap[39m[0m
[  98% ] [90m[1msavepack[22m | 保存文件：res://scripts/garden/Item/garden_item_plant_cell_base.gd.remap[39m[0m
[  98% ] [90m[1msavepack[22m | 保存文件：res://scripts/garden/Item/garden_item_plant_need_base.gd.remap[39m[0m
[  98% ] [90m[1msavepack[22m | 保存文件：res://scripts/garden/garden_bg_page.gd.remap[39m[0m
[  98% ] [90m[1msavepack[22m | 保存文件：res://scripts/garden/garden_flower_pot.gd.remap[39m[0m
[  98% ] [90m[1msavepack[22m | 保存文件：res://scripts/garden/garden_manager.gd.remap[39m[0m
[  98% ] [90m[1msavepack[22m | 保存文件：res://scripts/garden/garden_speech_bubble.gd.remap[39m[0m
[  98% ] [90m[1msavepack[22m | 保存文件：res://scripts/garden/plant_cell_garden.gd.remap[39m[0m
[  98% ] [90m[1msavepack[22m | 保存文件：res://scripts/garden/plant_cell_garden_aquarium.gd.remap[39m[0m
[  98% ] [90m[1msavepack[22m | 保存文件：res://scripts/garden/stinky.gd.remap[39m[0m
[  98% ] [90m[1msavepack[22m | 保存文件：res://scripts/garden/ui_item_button.gd.remap[39m[0m
[  98% ] [90m[1msavepack[22m | 保存文件：res://scripts/main_game_canvas_layer/canvas_layer_card_slot.gd.remap[39m[0m
[  98% ] [90m[1msavepack[22m | 保存文件：res://scripts/main_game_item/back_ground/main_game_home.gd.remap[39m[0m
[  98% ] [90m[1msavepack[22m | 保存文件：res://scripts/main_game_item/back_ground/main_game_rain.gd.remap[39m[0m
[  98% ] [90m[1msavepack[22m | 保存文件：res://scripts/main_game_item/back_ground/main_game_slope.gd.remap[39m[0m
[  98% ] [90m[1msavepack[22m | 保存文件：res://scripts/main_game_item/back_ground/slope.gd.remap[39m[0m
[  98% ] [90m[1msavepack[22m | 保存文件：res://scripts/main_game_item/lawn_mover/lawn_mower.gd.remap[39m[0m
[  98% ] [90m[1msavepack[22m | 保存文件：res://scripts/main_game_item/lawn_mover/pool_cleaner.gd.remap[39m[0m
[  98% ] [90m[1msavepack[22m | 保存文件：res://scripts/main_game_item/lawn_mover/roof_cleaner.gd.remap[39m[0m
[  98% ] [90m[1msavepack[22m | 保存文件：res://scripts/main_game_item/mini_game_items/hammer.gd.remap[39m[0m
[  98% ] [90m[1msavepack[22m | 保存文件：res://scripts/main_game_item/mini_game_items/wallnut_bowling_stripe.gd.remap[39m[0m
[  98% ] [90m[1msavepack[22m | 保存文件：res://scripts/main_game_item/brain_body.gd.remap[39m[0m
[  98% ] [90m[1msavepack[22m | 保存文件：res://scripts/main_game_item/brain_on_zombie_mode.gd.remap[39m[0m
[  98% ] [90m[1msavepack[22m | 保存文件：res://scripts/main_game_item/fog.gd.remap[39m[0m
[  98% ] [90m[1msavepack[22m | 保存文件：res://scripts/main_game_item/ice_road.gd.remap[39m[0m
[  98% ] [90m[1msavepack[22m | 保存文件：res://scripts/main_game_item/ice_zombie_effect.gd.remap[39m[0m
[  98% ] [90m[1msavepack[22m | 保存文件：res://scripts/main_game_item/ladder.gd.remap[39m[0m
[  98% ] [90m[1msavepack[22m | 保存文件：res://scripts/main_game_item/level_info.gd.remap[39m[0m
[  98% ] [90m[1msavepack[22m | 保存文件：res://scripts/main_game_item/plant_cell.gd.remap[39m[0m
[  98% ] [90m[1msavepack[22m | 保存文件：res://scripts/main_game_item/pool.gd.remap[39m[0m
[  98% ] [90m[1msavepack[22m | 保存文件：res://scripts/main_game_item/pot_all_vase_chunks.gd.remap[39m[0m
[  98% ] [90m[1msavepack[22m | 保存文件：res://scripts/main_game_item/pot_hammer.gd.remap[39m[0m
[  98% ] [90m[1msavepack[22m | 保存文件：res://scripts/main_game_item/pot_vase_chunks.gd.remap[39m[0m
[  98% ] [90m[1msavepack[22m | 保存文件：res://scripts/main_game_item/present.gd.remap[39m[0m
[  98% ] [90m[1msavepack[22m | 保存文件：res://scripts/main_game_item/real_glove.gd.remap[39m[0m
[  98% ] [90m[1msavepack[22m | 保存文件：res://scripts/main_game_item/real_hammer.gd.remap[39m[0m
[  98% ] [90m[1msavepack[22m | 保存文件：res://scripts/main_game_item/real_shovel.gd.remap[39m[0m
[  98% ] [90m[1msavepack[22m | 保存文件：res://scripts/main_game_item/scary_pot.gd.remap[39m[0m
[  98% ] [90m[1msavepack[22m | 保存文件：res://scripts/main_game_item/splash.gd.remap[39m[0m
[  98% ] [90m[1msavepack[22m | 保存文件：res://scripts/main_game_item/tombstone.gd.remap[39m[0m
[  98% ] [90m[1msavepack[22m | 保存文件：res://scripts/main_game_item/zombies_row.gd.remap[39m[0m
[  98% ] [90m[1msavepack[22m | 保存文件：res://scripts/main_game_item/zomboss_ball.gd.remap[39m[0m
[  98% ] [90m[1msavepack[22m | 保存文件：res://scripts/manager/hand_manager/hand_manager.gd.remap[39m[0m
[  98% ] [90m[1msavepack[22m | 保存文件：res://scripts/manager/hand_manager/hm_character.gd.remap[39m[0m
[  98% ] [90m[1msavepack[22m | 保存文件：res://scripts/manager/hand_manager/hm_item.gd.remap[39m[0m
[  98% ] [90m[1msavepack[22m | 保存文件：res://scripts/manager/hand_manager/hm_null.gd.remap[39m[0m
[  98% ] [90m[1msavepack[22m | 保存文件：res://scripts/manager/plant_cell_manager/plant_cell_manager.gd.remap[39m[0m
[  98% ] [90m[1msavepack[22m | 保存文件：res://scripts/manager/plant_cell_manager/tomb_stone_manager.gd.remap[39m[0m
[  98% ] [90m[1msavepack[22m | 保存文件：res://scripts/manager/zombie_manager/zm_hammer_zombie_manager.gd.remap[39m[0m
[  98% ] [90m[1msavepack[22m | 保存文件：res://scripts/manager/zombie_manager/zm_zombie_choose_row_system.gd.remap[39m[0m
[  98% ] [90m[1msavepack[22m | 保存文件：res://scripts/manager/zombie_manager/zm_zombie_show_in_start.gd.remap[39m[0m
[  98% ] [90m[1msavepack[22m | 保存文件：res://scripts/manager/zombie_manager/zm_zombie_wave_create_manager.gd.remap[39m[0m
[  98% ] [90m[1msavepack[22m | 保存文件：res://scripts/manager/zombie_manager/zm_zombie_wave_manager.gd.remap[39m[0m
[  98% ] [90m[1msavepack[22m | 保存文件：res://scripts/manager/zombie_manager/zm_zombie_wave_refresh_manager.gd.remap[39m[0m
[  98% ] [90m[1msavepack[22m | 保存文件：res://scripts/manager/zombie_manager/zombie_manager.gd.remap[39m[0m
[  98% ] [90m[1msavepack[22m | 保存文件：res://scripts/manager/background_manager.gd.remap[39m[0m
[  98% ] [90m[1msavepack[22m | 保存文件：res://scripts/manager/card_manager.gd.remap[39m[0m
[  98% ] [90m[1msavepack[22m | 保存文件：res://scripts/manager/day_suns_manager.gd.remap[39m[0m
[  98% ] [90m[1msavepack[22m | 保存文件：res://scripts/manager/game_item_manager.gd.remap[39m[0m
[  98% ] [90m[1msavepack[22m | 保存文件：res://scripts/manager/lawn_mover_manager.gd.remap[39m[0m
[  98% ] [90m[1msavepack[22m | 保存文件：res://scripts/manager/main_game_manager.gd.remap[39m[0m
[  98% ] [90m[1msavepack[22m | 保存文件：res://scripts/manager/zombie_mode_manager.gd.remap[39m[0m
[  98% ] [90m[1msavepack[22m | 保存文件：res://scripts/resources/level/level_data.gd.remap[39m[0m
[  98% ] [90m[1msavepack[22m | 保存文件：res://scripts/resources/level/pre_plant_in_level.gd.remap[39m[0m
[  98% ] [90m[1msavepack[22m | 保存文件：res://scripts/resources/plant_condition/condition_000_plant_base.gd.remap[39m[0m
[  98% ] [90m[1msavepack[22m | 保存文件：res://scripts/resources/plant_condition/condition_012_grave_buster.gd.remap[39m[0m
[  98% ] [90m[1msavepack[22m | 保存文件：res://scripts/resources/plant_condition/condition_017_lily_pad.gd.remap[39m[0m
[  98% ] [90m[1msavepack[22m | 保存文件：res://scripts/resources/plant_condition/condition_036_coffee_bean.gd.remap[39m[0m
[  98% ] [90m[1msavepack[22m | 保存文件：res://scripts/resources/plant_condition/condition_048_CobCannon.gd.remap[39m[0m
[  98% ] [90m[1msavepack[22m | 保存文件：res://scripts/resources/save_game/save_game_main_game.gd.remap[39m[0m
[  98% ] [90m[1msavepack[22m | 保存文件：res://scripts/resources/save_game/save_game_plant_cell.gd.remap[39m[0m
[  98% ] [90m[1msavepack[22m | 保存文件：res://scripts/resources/save_game/save_game_plant_cell_manager.gd.remap[39m[0m
[  98% ] [90m[1msavepack[22m | 保存文件：res://scripts/resources/crazy_dave_dialog_detail_resource.gd.remap[39m[0m
[  98% ] [90m[1msavepack[22m | 保存文件：res://scripts/resources/crazy_dave_dialog_resource.gd.remap[39m[0m
[  98% ] [90m[1msavepack[22m | 保存文件：res://scripts/resources/resource_body_change.gd.remap[39m[0m
[  98% ] [90m[1msavepack[22m | 保存文件：res://scripts/start_menu/garden_water_flag.gd.remap[39m[0m
[  98% ] [90m[1msavepack[22m | 保存文件：res://scripts/start_menu/one_user_button.gd.remap[39m[0m
[  98% ] [90m[1msavepack[22m | 保存文件：res://scripts/start_menu/panel_create_new_user.gd.remap[39m[0m
[  98% ] [90m[1msavepack[22m | 保存文件：res://scripts/start_menu/panel_rename_user.gd.remap[39m[0m
[  98% ] [90m[1msavepack[22m | 保存文件：res://scripts/start_menu/start_menu_flower_button.gd.remap[39m[0m
[  98% ] [90m[1msavepack[22m | 保存文件：res://scripts/start_menu/user.gd.remap[39m[0m
[  98% ] [90m[1msavepack[22m | 保存文件：res://scripts/start_menu/wood_sign.gd.remap[39m[0m
[  98% ] [90m[1msavepack[22m | 保存文件：res://scripts/store/goods.gd.remap[39m[0m
[  98% ] [90m[1msavepack[22m | 保存文件：res://scripts/store/goods_garden_bg.gd.remap[39m[0m
[  98% ] [90m[1msavepack[22m | 保存文件：res://scripts/store/goods_garden_sprout.gd.remap[39m[0m
[  98% ] [90m[1msavepack[22m | 保存文件：res://scripts/store/store_confirm_goods.gd.remap[39m[0m
[  98% ] [90m[1msavepack[22m | 保存文件：res://scripts/store/store_manager.gd.remap[39m[0m
[  98% ] [90m[1msavepack[22m | 保存文件：res://scripts/ui/card/card_slot/card_slot_coin/card_slot_battle_coin.gd.remap[39m[0m
[  98% ] [90m[1msavepack[22m | 保存文件：res://scripts/ui/card/card_slot/card_slot_coin/card_slot_coin.gd.remap[39m[0m
[  98% ] [90m[1msavepack[22m | 保存文件：res://scripts/ui/card/card_slot/card_slot_conveyor/card_slot_conveyor_belt.gd.remap[39m[0m
[  98% ] [90m[1msavepack[22m | 保存文件：res://scripts/ui/card/card_slot/card_slot_conveyor/card_slot_conveyor_belt_gear.gd.remap[39m[0m
[  98% ] [90m[1msavepack[22m | 保存文件：res://scripts/ui/card/card_slot/card_slot_norm/card_slot_battle.gd.remap[39m[0m
[  98% ] [90m[1msavepack[22m | 保存文件：res://scripts/ui/card/card_slot/card_slot_norm/card_slot_candidate.gd.remap[39m[0m
[  98% ] [90m[1msavepack[22m | 保存文件：res://scripts/ui/card/card_slot/card_slot_norm/card_slot_norm.gd.remap[39m[0m
[  98% ] [90m[1msavepack[22m | 保存文件：res://scripts/ui/card/card_slot/card_random_pool.gd.remap[39m[0m
[  98% ] [90m[1msavepack[22m | 保存文件：res://scripts/ui/card/card_slot/card_slot_root.gd.remap[39m[0m
[  98% ] [90m[1msavepack[22m | 保存文件：res://scripts/ui/card/card_slot/card_slot_seed_rain.gd.remap[39m[0m
[  98% ] [90m[1msavepack[22m | 保存文件：res://scripts/ui/card/all_cards.gd.remap[39m[0m
[  98% ] [90m[1msavepack[22m | 保存文件：res://scripts/ui/card/card.gd.remap[39m[0m
[  98% ] [90m[1msavepack[22m | 保存文件：res://scripts/ui/card/card_base.gd.remap[39m[0m
[  98% ] [90m[1msavepack[22m | 保存文件：res://scripts/ui/card/card_candidate_container.gd.remap[39m[0m
[  98% ] [90m[1msavepack[22m | 保存文件：res://scripts/ui/card/card_imitater.gd.remap[39m[0m
[  98% ] [90m[1msavepack[22m | 保存文件：res://scripts/ui/card/glove_in_ui.gd.remap[39m[0m
[  98% ] [90m[1msavepack[22m | 保存文件：res://scripts/ui/card/hammer_in_ui.gd.remap[39m[0m
[  98% ] [90m[1msavepack[22m | 保存文件：res://scripts/ui/card/shovel_in_ui.gd.remap[39m[0m
[  98% ] [90m[1msavepack[22m | 保存文件：res://scripts/ui/card/tool_container.gd.remap[39m[0m
[  98% ] [90m[1msavepack[22m | 保存文件：res://scripts/ui/coin/coin.gd.remap[39m[0m
[  98% ] [90m[1msavepack[22m | 保存文件：res://scripts/ui/coin/coin_bank.gd.remap[39m[0m
[  98% ] [90m[1msavepack[22m | 保存文件：res://scripts/ui/main_game_ui/label_zombie_sum.gd.remap[39m[0m
[  98% ] [90m[1msavepack[22m | 保存文件：res://scripts/ui/main_game_ui/main_game_menu_button.gd.remap[39m[0m
[  98% ] [90m[1msavepack[22m | 保存文件：res://scripts/ui/main_game_ui/sun.gd.remap[39m[0m
[  98% ] [90m[1msavepack[22m | 保存文件：res://scripts/ui/main_game_ui/time_stop_button.gd.remap[39m[0m
[  98% ] [90m[1msavepack[22m | 保存文件：res://scripts/ui/main_game_ui/trophy.gd.remap[39m[0m
[  98% ] [90m[1msavepack[22m | 保存文件：res://scripts/ui/main_game_ui/ui_flag_progress_bar.gd.remap[39m[0m
[  98% ] [90m[1msavepack[22m | 保存文件：res://scripts/ui/main_game_ui/ui_flag_progress_bar_flag.gd.remap[39m[0m
[  98% ] [90m[1msavepack[22m | 保存文件：res://scripts/ui/main_game_ui/ui_remind_word.gd.remap[39m[0m
[  98% ] [90m[1msavepack[22m | 保存文件：res://scripts/ui/main_game_ui/ui_zomboss_hp_bar.gd.remap[39m[0m
[  98% ] [90m[1msavepack[22m | 保存文件：res://scripts/ui/start_menu/start_menu_option_dialog.gd.remap[39m[0m
[  98% ] [90m[1msavepack[22m | 保存文件：res://scripts/ui/start_menu/start_menu_root.gd.remap[39m[0m
[  98% ] [90m[1msavepack[22m | 保存文件：res://scripts/ui/ui_main_game_menu/canvas_layer_control.gd.remap[39m[0m
[  98% ] [90m[1msavepack[22m | 保存文件：res://scripts/ui/ui_main_game_menu/main_game_menu_option_dialog.gd.remap[39m[0m
[  98% ] [90m[1msavepack[22m | 保存文件：res://scripts/ui/dialog.gd.remap[39m[0m
[  98% ] [90m[1msavepack[22m | 保存文件：res://scripts/ui/dialog_confirm.gd.remap[39m[0m
[  98% ] [90m[1msavepack[22m | 保存文件：res://scripts/ui/dialog_error.gd.remap[39m[0m
[  98% ] [90m[1msavepack[22m | 保存文件：res://scripts/ui/PVZ_button_base.gd.remap[39m[0m
[  98% ] [90m[1msavepack[22m | 保存文件：res://scripts/ui/reminder_information.gd.remap[39m[0m
[  98% ] [90m[1msavepack[22m | 保存文件：res://scripts/util/image_combiner.gd.remap[39m[0m
[  98% ] [90m[1msavepack[22m | 保存文件：res://shader_material/body_mask.tres.remap[39m[0m
[  98% ] [90m[1msavepack[22m | 保存文件：res://shader_material/imitater.tres.remap[39m[0m
[  98% ] [90m[1msavepack[22m | 保存文件：res://test/104_0_0011.tres.remap[39m[0m
[  98% ] [90m[1msavepack[22m | 保存文件：res://test/LawnMoweredZombie.tscn.remap[39m[0m
[  98% ] [90m[1msavepack[22m | 保存文件：res://test/measure_scene_audio.gd.remap[39m[0m
[  98% ] [90m[1msavepack[22m | 保存文件：res://test/probe_adventure_level1.gd.remap[39m[0m
[  98% ] [90m[1msavepack[22m | 保存文件：res://test/probe_adventure_structure.gd.remap[39m[0m
[  98% ] [90m[1msavepack[22m | 保存文件：res://test/probe_adventure_visual.gd.remap[39m[0m
[  98% ] [90m[1msavepack[22m | 保存文件：res://test/probe_bg_geometry.gd.remap[39m[0m
[  98% ] [90m[1msavepack[22m | 保存文件：res://test/probe_boss_debug.gd.remap[39m[0m
[  98% ] [90m[1msavepack[22m | 保存文件：res://test/probe_boss_fight.gd.remap[39m[0m
[  98% ] [90m[1msavepack[22m | 保存文件：res://test/probe_boss_scene_load.gd.remap[39m[0m
[  98% ] [90m[1msavepack[22m | 保存文件：res://test/probe_plant_unlock.gd.remap[39m[0m
[  98% ] [90m[1msavepack[22m | 保存文件：res://test/probe_registry_zombie_boss.gd.remap[39m[0m
[  98% ] [90m[1msavepack[22m | 保存文件：res://test/smoke_anim_changes.gd.remap[39m[0m
[  98% ] [90m[1msavepack[22m | 保存文件：res://test/smoke_camera_shake.gd.remap[39m[0m
[  98% ] [90m[1msavepack[22m | 保存文件：res://test/smoke_choose_row.gd.remap[39m[0m
[  98% ] [90m[1msavepack[22m | 保存文件：res://test/smoke_experience_polish.gd.remap[39m[0m
[  98% ] [90m[1msavepack[22m | 保存文件：res://test/smoke_main_menu.gd.remap[39m[0m
[  98% ] [90m[1msavepack[22m | 保存文件：res://test/smoke_menu_hotkey.gd.remap[39m[0m
[  98% ] [90m[1msavepack[22m | 保存文件：res://default_bus_layout.tres.remap[39m[0m
[  98% ] [90m[1msavepack[22m | 保存文件：res://.godot/global_script_class_cache.cfg[39m[0m
[  98% ] [90m[1msavepack[22m | 保存文件：res://pvz_icon.png[39m[0m
[  98% ] [90m[1msavepack[22m | 保存文件：res://assets/image/ui/梧萱梦汐X.png[39m[0m
[  98% ] [90m[1msavepack[22m | 保存文件：res://.godot/uid_cache.bin[39m[0m
[  98% ] [90m[1msavepack[22m | 保存文件：res://project.binary[39m[0m
[92m[ DONE ][39m [1msavepack[22m
[0m
ERROR: Condition "!EditorSettings::get_singleton() || !EditorSettings::get_singleton()->has_setting(p_setting)" is true. Returning: Variant()
   at: _EDITOR_GET (editor/settings/editor_settings.cpp:1514)
WARNING: 9 RIDs of type "Canvas" were leaked.
   at: _free_rids (servers/rendering/renderer_canvas_cull.cpp:2678)
WARNING: 284 RIDs of type "CanvasItem" were leaked.
   at: _free_rids (servers/rendering/renderer_canvas_cull.cpp:2678)
ERROR: 9 RID allocations of type 'N16RendererViewport8ViewportE' were leaked at exit.
ERROR: 47 RID allocations of type 'PN13RendererDummy14TextureStorage12DummyTextureE' were leaked at exit.
ERROR: 1140 RID allocations of type 'PN18TextServerAdvanced22ShapedTextDataAdvancedE' were leaked at exit.
ERROR: 18 RID allocations of type 'PN18TextServerAdvanced12FontAdvancedE' were leaked at exit.
ERROR: 1 RID allocations of type 'PN18TextServerAdvanced27FontAdvancedLinkedVariationE' were leaked at exit.
WARNING: ObjectDB instances leaked at exit (run with --verbose for details).
   at: cleanup (core/object/object.cpp:2514)
ERROR: 15 resources still in use at exit (run with --verbose for details).
   at: clear (core/io/resource.cpp:795)
[完成] D:\Web\PVZ-Godot\pvz_godot开源版.exe
[完成] D:\Web\PVZ-Godot\pvz_godot开源版.pck

[2/3] 打包 Windows ZIP ...
[完成] D:\Web\PVZ-Godot\pvz_godot开源版_win64.zip

[3/3] 导出 Android APK ...
Godot Engine v4.5.1.stable.mono.official.f62fdbde1 - https://godotengine.org

Could not find version of build tools that matches Target SDK, using 34.0.0
[   0% ] [90m[1mfirst_scan_filesystem[22m | Started 项目初始化 (5 steps)[39m[0m
[   0% ] [90m[1mfirst_scan_filesystem[22m | 正在扫描文件结构……[39m[0m
[  16% ] [90m[1mfirst_scan_filesystem[22m | 正在加载全局类名……[39m[0m
[  33% ] [90m[1mfirst_scan_filesystem[22m | 正在校验 GDExtension……[39m[0m
[  50% ] [90m[1mfirst_scan_filesystem[22m | 正在创建自动加载脚本……[39m[0m
[  66% ] [90m[1mfirst_scan_filesystem[22m | 正在初始化插件……[39m[0m
[  83% ] [90m[1mfirst_scan_filesystem[22m | 正在启动文件扫描……[39m[0m
[92m[ DONE ][39m [1mfirst_scan_filesystem[22m
[0m
Could not find version of build tools that matches Target SDK, using 34.0.0
[   0% ] [90m[1mexport[22m | Started 正在为 Android 导出 (105 steps)[39m[0m
0 param: --xr_mode_regular
1 param: --xr-mode
2 param: off
3 param: --fullscreen
4 param: --background_color
5 param: #000000
[   0% ] [90m[1mexport[22m | 正在创建 APK……[39m[0m
ADDING: assets/dexopt/baseline.prof
ADDING: assets/dexopt/baseline.profm
ADDING: classes.dex
ADDING: lib/arm64-v8a/libc++_shared.so
ADDING: lib/arm64-v8a/libgodot_android.so
ADDING: lib/x86/libc++_shared.so
ADDING: lib/x86/libgodot_android.so
Adding application metadata org.godotengine.rendering.method
Adding application metadata org.godotengine.editor.version
ADDING: AndroidManifest.xml
ADDING: res/anim-v21/fragment_fast_out_extra_slow_in.xml
ADDING: res/animator/fragment_close_enter.xml
ADDING: res/animator/fragment_close_exit.xml
ADDING: res/animator/fragment_fade_enter.xml
ADDING: res/animator/fragment_fade_exit.xml
ADDING: res/animator/fragment_open_enter.xml
ADDING: res/animator/fragment_open_exit.xml
ADDING: res/drawable-hdpi-v4/notification_bg_low_normal.9.png
ADDING: res/drawable-hdpi-v4/notification_bg_low_pressed.9.png
ADDING: res/drawable-hdpi-v4/notification_bg_normal.9.png
ADDING: res/drawable-hdpi-v4/notification_bg_normal_pressed.9.png
ADDING: res/drawable-hdpi-v4/notify_panel_notification_icon_bg.png
ADDING: res/drawable-mdpi-v4/notification_bg_low_normal.9.png
ADDING: res/drawable-mdpi-v4/notification_bg_low_pressed.9.png
ADDING: res/drawable-mdpi-v4/notification_bg_normal.9.png
ADDING: res/drawable-mdpi-v4/notification_bg_normal_pressed.9.png
ADDING: res/drawable-mdpi-v4/notify_panel_notification_icon_bg.png
ADDING: res/drawable-v21/notification_action_background.xml
ADDING: res/drawable-v23/compat_splash_screen.xml
ADDING: res/drawable-v23/compat_splash_screen_no_icon_background.xml
ADDING: res/drawable-xhdpi-v4/notification_bg_low_normal.9.png
ADDING: res/drawable-xhdpi-v4/notification_bg_low_pressed.9.png
ADDING: res/drawable-xhdpi-v4/notification_bg_normal.9.png
ADDING: res/drawable-xhdpi-v4/notification_bg_normal_pressed.9.png
ADDING: res/drawable-xhdpi-v4/notify_panel_notification_icon_bg.png
ADDING: res/drawable/icon_background.xml
ADDING: res/drawable/notification_bg.xml
ADDING: res/drawable/notification_bg_low.xml
ADDING: res/drawable/notification_icon_background.xml
ADDING: res/drawable/notification_tile_bg.xml
ADDING: res/layout-v21/notification_action.xml
ADDING: res/layout-v21/notification_action_tombstone.xml
ADDING: res/layout-v21/notification_template_custom_big.xml
ADDING: res/layout-v21/notification_template_icon_group.xml
ADDING: res/layout/custom_dialog.xml
ADDING: res/layout/downloading_expansion.xml
ADDING: res/layout/godot_app_layout.xml
ADDING: res/layout/notification_template_part_chronometer.xml
ADDING: res/layout/notification_template_part_time.xml
ADDING: res/layout/remote_godot_fragment_layout.xml
ADDING: res/layout/snackbar.xml
ADDING: res/layout/splash_screen_view.xml
ADDING: res/layout/status_bar_ongoing_event_progress_bar.xml
ADDING: res/mipmap-anydpi-v26/icon.xml
ADDING: res/mipmap-hdpi-v4/icon.png
ADDING: res/mipmap-hdpi-v4/icon_background.png
ADDING: res/mipmap-hdpi-v4/icon_foreground.png
ADDING: res/mipmap-hdpi-v4/icon_monochrome.png
ADDING: res/mipmap-mdpi-v4/icon.png
ADDING: res/mipmap-mdpi-v4/icon_background.png
ADDING: res/mipmap-mdpi-v4/icon_foreground.png
ADDING: res/mipmap-mdpi-v4/icon_monochrome.png
ADDING: res/mipmap-xhdpi-v4/icon.png
ADDING: res/mipmap-xhdpi-v4/icon_background.png
ADDING: res/mipmap-xhdpi-v4/icon_foreground.png
ADDING: res/mipmap-xhdpi-v4/icon_monochrome.png
ADDING: res/mipmap-xxhdpi-v4/icon.png
ADDING: res/mipmap-xxhdpi-v4/icon_background.png
ADDING: res/mipmap-xxhdpi-v4/icon_foreground.png
ADDING: res/mipmap-xxhdpi-v4/icon_monochrome.png
ADDING: res/mipmap-xxxhdpi-v4/icon.png
ADDING: res/mipmap-xxxhdpi-v4/icon_background.png
ADDING: res/mipmap-xxxhdpi-v4/icon_foreground.png
ADDING: res/mipmap-xxxhdpi-v4/icon_monochrome.png
ADDING: res/mipmap/icon.png
ADDING: res/mipmap/icon_background.png
ADDING: res/mipmap/icon_foreground.png
ADDING: res/mipmap/icon_monochrome.png
ADDING: res/xml/godot_provider_paths.xml
ADDING: resources.arsc
ADDING: DebugProbesKt.bin
ADDING: kotlin-tooling-metadata.json
ADDING: kotlin/annotation/annotation.kotlin_builtins
ADDING: kotlin/collections/collections.kotlin_builtins
ADDING: kotlin/concurrent/atomics/atomics.kotlin_builtins
ADDING: kotlin/coroutines/coroutines.kotlin_builtins
ADDING: kotlin/internal/internal.kotlin_builtins
ADDING: kotlin/kotlin.kotlin_builtins
ADDING: kotlin/ranges/ranges.kotlin_builtins
ADDING: kotlin/reflect/reflect.kotlin_builtins
[   0% ] [90m[1mexport[22m | 正在添加文件……[39m[0m
[  97% ] [90m[1mexport[22m | 正在对齐 APK……[39m[0m
[  98% ] [90m[1mexport[22m | 正在签名发布 APK……[39m[0m
Could not find version of build tools that matches Target SDK, using 34.0.0
Signing binary using: 
C:\Users\20468\AppData\Local/Android/Sdk/build-tools/34.0.0/apksigner.bat sign --verbose --ks <REDACTED> --ks-pass pass:<REDACTED> --ks-key-alias <REDACTED> D:/Web/PVZ-Godot/pvz_godot.apk
Signed

[  99% ] [90m[1mexport[22m | 正在校验 APK……[39m[0m
[92m[ DONE ][39m [1mexport[22m
[0m
ERROR: Condition "!EditorSettings::get_singleton() || !EditorSettings::get_singleton()->has_setting(p_setting)" is true. Returning: Variant()
   at: _EDITOR_GET (editor/settings/editor_settings.cpp:1514)
WARNING: 9 RIDs of type "Canvas" were leaked.
   at: _free_rids (servers/rendering/renderer_canvas_cull.cpp:2678)
WARNING: 284 RIDs of type "CanvasItem" were leaked.
   at: _free_rids (servers/rendering/renderer_canvas_cull.cpp:2678)
ERROR: 9 RID allocations of type 'N16RendererViewport8ViewportE' were leaked at exit.
ERROR: 47 RID allocations of type 'PN13RendererDummy14TextureStorage12DummyTextureE' were leaked at exit.
ERROR: 1140 RID allocations of type 'PN18TextServerAdvanced22ShapedTextDataAdvancedE' were leaked at exit.
ERROR: 18 RID allocations of type 'PN18TextServerAdvanced12FontAdvancedE' were leaked at exit.
ERROR: 1 RID allocations of type 'PN18TextServerAdvanced27FontAdvancedLinkedVariationE' were leaked at exit.
WARNING: ObjectDB instances leaked at exit (run with --verbose for details).
   at: cleanup (core/object/object.cpp:2514)
ERROR: 15 resources still in use at exit (run with --verbose for details).
   at: clear (core/io/resource.cpp:795)
[完成] D:\Web\PVZ-Godot\pvz_godot.apk

恢复编辑器插件配置 ...
At D:\Web\PVZ-Godot\.tools\set_plugins.ps1:37 char:18
+     Write-Host "[plugins] 宸蹭复鏃剁鐢ㄧ紪杈戝櫒鎻掍欢锛堝鍑烘湡闂达級"
+                  ~
Array index expression is missing or not valid.
    + CategoryInfo          : ParserError: (:) [], ParentContainsErrorRecordException
    + FullyQualifiedErrorId : MissingArrayIndexExpression
 

========================================
  全部构建成功
========================================
  D:\Web\PVZ-Godot\pvz_godot开源版.exe
  D:\Web\PVZ-Godot\pvz_godot开源版.pck
  D:\Web\PVZ-Godot\pvz_godot开源版_win64.zip
  D:\Web\PVZ-Godot\pvz_godot.apk
========================================

Press any key to continue . . . 
